filename,0,File-bits,Entropy,Chi-square,Mean,Monte-Carlo-Pi,Serial-Correlation
./barista-native-image:helidon-hello-world-graalvm-linux-x64-debug.tar,1,1133199360,0.930918,106780323.821219,0.346516,3.823674,0.138903
./barista-native-image:helidon-hello-world-graalvm-linux-x64-O0.tar,1,1133199360,0.930600,107264390.495116,0.346169,3.824217,0.138887
./barista-native-image:helidon-hello-world-graalvm-linux-x64-O1.tar,1,1014988800,0.936061,88629662.981773,0.352250,3.817062,0.133770
./barista-native-image:helidon-hello-world-graalvm-linux-x64-O2.tar,1,1185955840,0.932742,108847808.991673,0.348523,3.776309,0.153004
./barista-native-image:helidon-hello-world-graalvm-linux-x64-O3.tar,1,1456373760,0.931171,136738303.618167,0.346793,3.730834,0.169245
./barista-native-image:helidon-hello-world-graalvm-linux-x64-Os.tar,1,970833920,0.936805,83802510.239346,0.353099,3.838514,0.131524
./barista-native-image:helidon-hello-world-graalvm-linux-x64-prof.tar,1,1390182400,0.921934,147715746.060873,0.337015,3.811102,0.153947
./barista-native-image:micronaut-hello-world-graalvm-linux-x64-debug.tar,1,1672069120,0.940033,137065411.412108,0.356845,3.753508,0.142276
./barista-native-image:micronaut-hello-world-graalvm-linux-x64-O0.tar,1,1672151040,0.940210,136674266.808471,0.357053,3.754741,0.143079
./barista-native-image:micronaut-hello-world-graalvm-linux-x64-O1.tar,1,1516093440,0.945835,112408506.249027,0.363853,3.738211,0.141609
./barista-native-image:micronaut-hello-world-graalvm-linux-x64-O2.tar,1,1792983040,0.940413,146058099.038598,0.357293,3.707546,0.154020
./barista-native-image:micronaut-hello-world-graalvm-linux-x64-O3.tar,1,2225274880,0.936444,193165351.879819,0.352686,3.674749,0.173081
./barista-native-image:micronaut-hello-world-graalvm-linux-x64-Os.tar,1,1445560320,0.947571,103786794.879766,0.366025,3.761600,0.137804
./barista-native-image:micronaut-hello-world-graalvm-linux-x64-prof.tar,1,2109931520,0.930093,201152349.301764,0.345617,3.751573,0.158609
./barista-native-image:micronaut-shopcart-graalvm-linux-x64-debug.tar,1,1809858560,0.941813,144017835.597587,0.358956,3.739075,0.143318
./barista-native-image:micronaut-shopcart-graalvm-linux-x64-O0.tar,1,1810022400,0.941477,144850674.029118,0.358555,3.739315,0.143314
./barista-native-image:micronaut-shopcart-graalvm-linux-x64-O1.tar,1,1632419840,0.947622,117090131.193227,0.366090,3.721898,0.143252
./barista-native-image:micronaut-shopcart-graalvm-linux-x64-O2.tar,1,1945272320,0.942774,152271872.709869,0.360109,3.689831,0.158349
./barista-native-image:micronaut-shopcart-graalvm-linux-x64-O3.tar,1,2416885760,0.939355,200327847.552409,0.356050,3.659977,0.174595
./barista-native-image:micronaut-shopcart-graalvm-linux-x64-Os.tar,1,1556152320,0.949498,107669390.323675,0.368481,3.743825,0.137778
./barista-native-image:micronaut-shopcart-graalvm-linux-x64-prof.tar,1,2297364480,0.932053,212979059.813053,0.347762,3.741008,0.158463
./barista-native-image:micronaut-similarity-graalvm-linux-x64-debug.tar,1,1674772480,0.940125,137080118.856417,0.356953,3.754609,0.143906
./barista-native-image:micronaut-similarity-graalvm-linux-x64-O0.tar,1,1674772480,0.939883,137625296.562900,0.356669,3.754634,0.142409
./barista-native-image:micronaut-similarity-graalvm-linux-x64-O1.tar,1,1517649920,0.945323,113575630.795497,0.363219,3.739672,0.141501
./barista-native-image:micronaut-similarity-graalvm-linux-x64-O2.tar,1,1798389760,0.940340,146676464.114469,0.357207,3.707528,0.155781
./barista-native-image:micronaut-similarity-graalvm-linux-x64-O3.tar,1,2230681600,0.936540,193348746.674714,0.352795,3.673661,0.172909
./barista-native-image:micronaut-similarity-graalvm-linux-x64-Os.tar,1,1447444480,0.947256,104539684.393292,0.365628,3.760467,0.138052
./barista-native-image:micronaut-similarity-graalvm-linux-x64-prof.tar,1,2112634880,0.930225,201035955.820930,0.345761,3.751081,0.158092
./barista-native-image:play-scala-hello-world-graalvm-linux-x64-debug.tar,1,2092072960,0.948041,148876258.387145,0.366619,3.715320,0.139167
./barista-native-image:play-scala-hello-world-graalvm-linux-x64-O0.tar,1,2091909120,0.947904,149251302.184655,0.366446,3.714957,0.139503
./barista-native-image:play-scala-hello-world-graalvm-linux-x64-O1.tar,1,1853685760,0.954228,116373658.380660,0.374721,3.691215,0.134824
./barista-native-image:play-scala-hello-world-graalvm-linux-x64-O2.tar,1,2176368640,0.949108,151731891.496450,0.367979,3.665334,0.149670
./barista-native-image:play-scala-hello-world-graalvm-linux-x64-O3.tar,1,2650767360,0.944295,202054505.045275,0.361956,3.642334,0.166908
./barista-native-image:play-scala-hello-world-graalvm-linux-x64-Os.tar,1,1770045440,0.956755,105049483.389396,0.378192,3.710821,0.130750
./barista-native-image:play-scala-hello-world-graalvm-linux-x64-prof.tar,1,2668134400,0.935351,235529599.371180,0.351444,3.725220,0.156843
./barista-native-image:quarkus-hello-world-graalvm-linux-x64-debug.tar,1,1447526400,0.955729,87925655.773018,0.376771,3.679982,0.133816
./barista-native-image:quarkus-hello-world-graalvm-linux-x64-O0.tar,1,1446952960,0.955705,87937378.941396,0.376738,3.679979,0.133674
./barista-native-image:quarkus-hello-world-graalvm-linux-x64-O1.tar,1,1325137920,0.960942,71101113.265711,0.384182,3.659759,0.130148
./barista-native-image:quarkus-hello-world-graalvm-linux-x64-O2.tar,1,1540997120,0.956037,92959534.168444,0.377195,3.639682,0.145631
./barista-native-image:quarkus-hello-world-graalvm-linux-x64-O3.tar,1,1877360640,0.950323,127796852.956323,0.369546,3.617673,0.165462
./barista-native-image:quarkus-hello-world-graalvm-linux-x64-Os.tar,1,1273118720,0.962557,65510300.798875,0.386580,3.675077,0.125093
./barista-native-image:quarkus-hello-world-graalvm-linux-x64-prof.tar,1,1786511360,0.945088,134262106.733012,0.362930,3.690935,0.151113
./barista-native-image:quarkus-tika-graalvm-linux-x64-debug.tar,1,2960015360,0.962316,153282981.629548,0.386219,3.592556,0.155431
./barista-native-image:quarkus-tika-graalvm-linux-x64-O0.tar,1,2959032320,0.962374,152999336.205733,0.386305,3.592129,0.155638
./barista-native-image:quarkus-tika-graalvm-linux-x64-O1.tar,1,2726707200,0.967699,121184695.940975,0.394592,3.566582,0.155539
./barista-native-image:quarkus-tika-graalvm-linux-x64-O2.tar,1,3087974400,0.962836,157722487.675543,0.387000,3.560237,0.164977
./barista-native-image:quarkus-tika-graalvm-linux-x64-O3.tar,1,3644047360,0.957891,210643486.367864,0.379787,3.554320,0.177094
./barista-native-image:quarkus-tika-graalvm-linux-x64-Os.tar,1,2612264960,0.969439,109887363.220882,0.397450,3.575927,0.151118
./barista-native-image:quarkus-tika-graalvm-linux-x64-prof.tar,1,3574169600,0.953049,230098072.787803,0.373136,3.618121,0.169236
./barista-native-image:spring-hello-world-graalvm-linux-x64-debug.tar,1,1826242560,0.941190,146854807.753077,0.358214,3.759058,0.143789
./barista-native-image:spring-hello-world-graalvm-linux-x64-O0.tar,1,1826324480,0.941288,146620265.394534,0.358330,3.758100,0.144655
./barista-native-image:spring-hello-world-graalvm-linux-x64-O1.tar,1,1645199360,0.947352,118607319.914057,0.365749,3.739988,0.142242
./barista-native-image:spring-hello-world-graalvm-linux-x64-O2.tar,1,1931018240,0.941615,154174991.270315,0.358719,3.713043,0.155196
./barista-native-image:spring-hello-world-graalvm-linux-x64-O3.tar,1,2437693440,0.937528,208049037.205958,0.353929,3.674655,0.174645
./barista-native-image:spring-hello-world-graalvm-linux-x64-Os.tar,1,1559347200,0.948176,110680900.040814,0.366791,3.767018,0.137153
./barista-native-image:spring-hello-world-graalvm-linux-x64-prof.tar,1,2297937920,0.930872,216676302.806568,0.346465,3.758771,0.158916
./barista-native-image:spring-petclinic-graalvm-linux-x64-debug.tar,1,3848355840,0.949547,266013150.485589,0.368543,3.703433,0.143119
./barista-native-image:spring-petclinic-graalvm-linux-x64-O0.tar,1,3848273920,0.949813,264620882.553894,0.368886,3.703735,0.143830
./barista-native-image:spring-petclinic-graalvm-linux-x64-O1.tar,1,3459727360,0.955177,212743999.462430,0.376013,3.682430,0.142667
./barista-native-image:spring-petclinic-graalvm-linux-x64-O2.tar,1,4147609600,0.949595,286426613.234225,0.368605,3.654356,0.159862
./barista-native-image:spring-petclinic-graalvm-linux-x64-O3.tar,1,5394268160,0.945014,405935075.065537,0.362839,3.625073,0.178211
./barista-native-image:spring-petclinic-graalvm-linux-x64-Os.tar,1,3255910400,0.957142,191524082.033534,0.378732,3.707756,0.139003
./barista-native-image:spring-petclinic-graalvm-linux-x64-prof.tar,1,4975902720,0.938757,416443144.569724,0.355352,3.715224,0.159250
./barista-native-image:vanilla-hello-world-graalvm-linux-x64-debug.tar,1,667811840,0.928718,64897908.821418,0.344132,3.902672,0.117870
./barista-native-image:vanilla-hello-world-graalvm-linux-x64-O0.tar,1,667648000,0.928835,64777058.122611,0.344258,3.902753,0.117976
./barista-native-image:vanilla-hello-world-graalvm-linux-x64-O1.tar,1,615546880,0.932778,56465964.754434,0.348563,3.900611,0.119242
./barista-native-image:vanilla-hello-world-graalvm-linux-x64-O2.tar,1,666501120,0.930942,62782168.016816,0.346543,3.871496,0.127836
./barista-native-image:vanilla-hello-world-graalvm-linux-x64-O3.tar,1,735232000,0.930189,69999179.239957,0.345722,3.839854,0.141391
./barista-native-image:vanilla-hello-world-graalvm-linux-x64-Os.tar,1,600145920,0.932631,55171498.460996,0.348400,3.914784,0.117141
./barista-native-image:vanilla-hello-world-graalvm-linux-x64-prof.tar,1,757432320,0.922242,80170054.094226,0.337331,3.882643,0.134574
./crypto-compression-dotnet-linux-x64-debug.tar,1,47841280,0.945221,3586838.474599,0.363093,3.642076,0.193779
./crypto-compression-dotnet-linux-x64-release.tar,1,14581760,0.969018,621787.722692,0.396751,3.363196,0.194793
./crypto-compression-dotnet-linux-x64-sf.tar,1,14581760,0.969017,621809.198681,0.396749,3.363196,0.194798
./crypto-compression-dotnet-linux-x64-static-sf.tar,1,14581760,0.969019,621772.854916,0.396752,3.363196,0.194792
./crypto-compression-dotnet-linux-x64-static.tar,1,14581760,0.969018,621790.200672,0.396751,3.363196,0.194794
./dacapo-native-image:fop-graalvm-linux-x64-debug.tar,1,2051440640,0.927239,203423550.426016,0.342551,3.798781,0.149202
./dacapo-native-image:fop-graalvm-linux-x64-O0.tar,1,2051522560,0.927181,203589305.777902,0.342490,3.798570,0.149079
./dacapo-native-image:fop-graalvm-linux-x64-O1.tar,1,1855651840,0.932810,170144912.405136,0.348598,3.784639,0.150485
./dacapo-native-image:fop-graalvm-linux-x64-O2.tar,1,2191360000,0.929824,209707208.031104,0.345325,3.746265,0.164150
./dacapo-native-image:fop-graalvm-linux-x64-O3.tar,1,2766929920,0.929191,267132988.670021,0.344642,3.695525,0.182866
./dacapo-native-image:fop-graalvm-linux-x64-Os.tar,1,1726382080,0.933810,155972803.485294,0.349711,3.816691,0.145190
./dacapo-native-image:fop-graalvm-linux-x64-prof.tar,1,2590883840,0.920443,280452965.659725,0.335496,3.784405,0.162502
./dacapo-native-image:luindex-graalvm-linux-x64-debug.tar,1,936263680,0.925519,94995733.851618,0.340734,3.855643,0.136358
./dacapo-native-image:luindex-graalvm-linux-x64-O0.tar,1,936099840,0.925291,95265168.360008,0.340494,3.856372,0.136951
./dacapo-native-image:luindex-graalvm-linux-x64-O1.tar,1,841400320,0.930584,79661399.967826,0.346152,3.851353,0.135237
./dacapo-native-image:luindex-graalvm-linux-x64-O2.tar,1,959692800,0.928395,93677318.610531,0.343786,3.815968,0.147790
./dacapo-native-image:luindex-graalvm-linux-x64-O3.tar,1,1143193600,0.927813,112481650.342182,0.343162,3.765967,0.166579
./dacapo-native-image:luindex-graalvm-linux-x64-Os.tar,1,801423360,0.932300,74031113.241902,0.348034,3.877103,0.129645
./dacapo-native-image:luindex-graalvm-linux-x64-prof.tar,1,1127628800,0.918430,125091037.164346,0.333467,3.839291,0.152556
./dacapo-native-image:lusearch-graalvm-linux-x64-debug.tar,1,906690560,0.924854,92802112.116160,0.340037,3.861270,0.135586
./dacapo-native-image:lusearch-graalvm-linux-x64-O0.tar,1,906608640,0.924979,92641785.385412,0.340168,3.860801,0.135659
./dacapo-native-image:lusearch-graalvm-linux-x64-O1.tar,1,812810240,0.931532,75920481.807382,0.347189,3.857317,0.132846
./dacapo-native-image:lusearch-graalvm-linux-x64-O2.tar,1,921845760,0.929536,88574047.087293,0.345013,3.819164,0.146103
./dacapo-native-image:lusearch-graalvm-linux-x64-O3.tar,1,1078476800,0.928209,105540972.033999,0.343586,3.774293,0.164499
./dacapo-native-image:lusearch-graalvm-linux-x64-Os.tar,1,779223040,0.931587,72726129.168816,0.347249,3.881471,0.129491
./dacapo-native-image:lusearch-graalvm-linux-x64-prof.tar,1,1081016320,0.918316,120084381.251482,0.333353,3.844696,0.148917
./dacapo-native-image:pmd-graalvm-linux-x64-debug.tar,1,1439580160,0.931762,134020811.648305,0.347441,3.818499,0.145112
./dacapo-native-image:pmd-graalvm-linux-x64-O0.tar,1,1439088640,0.931591,134304846.258193,0.347253,3.819777,0.145657
./dacapo-native-image:pmd-graalvm-linux-x64-O1.tar,1,1332019200,0.934773,118620293.877743,0.350791,3.810775,0.145036
./dacapo-native-image:pmd-graalvm-linux-x64-O2.tar,1,1518960640,0.932549,139806502.574314,0.348309,3.774242,0.157045
./dacapo-native-image:pmd-graalvm-linux-x64-O3.tar,1,1804615680,0.932216,166905138.329415,0.347941,3.732247,0.170642
./dacapo-native-image:pmd-graalvm-linux-x64-Os.tar,1,1269022720,0.936811,109532537.346254,0.353105,3.833769,0.141010
./dacapo-native-image:pmd-graalvm-linux-x64-prof.tar,1,1761853440,0.923594,183300053.527324,0.338725,3.802865,0.159965
./dacapo-native-image:sunflow-graalvm-linux-x64-debug.tar,1,1029160960,0.928896,99767367.236006,0.344324,3.848430,0.134980
./dacapo-native-image:sunflow-graalvm-linux-x64-O0.tar,1,1028915200,0.928646,100088895.073358,0.344054,3.847791,0.135051
./dacapo-native-image:sunflow-graalvm-linux-x64-O1.tar,1,941260800,0.932617,86548059.312533,0.348384,3.844497,0.132237
./dacapo-native-image:sunflow-graalvm-linux-x64-O2.tar,1,1045381120,0.930838,98617682.885778,0.346429,3.814749,0.143936
./dacapo-native-image:sunflow-graalvm-linux-x64-O3.tar,1,1222164480,0.930622,115648290.372314,0.346193,3.770168,0.160074
./dacapo-native-image:sunflow-graalvm-linux-x64-Os.tar,1,900055040,0.934632,80323287.739728,0.350632,3.864480,0.128931
./dacapo-native-image:sunflow-graalvm-linux-x64-prof.tar,1,1202503680,0.921284,128816282.381160,0.336351,3.836508,0.148199
./dacapo-native-image:xalan-graalvm-linux-x64-debug.tar,1,1039400960,0.927955,102070778.995212,0.343314,3.859931,0.133154
./dacapo-native-image:xalan-graalvm-linux-x64-O0.tar,1,1039482880,0.927893,102165214.968398,0.343248,3.859448,0.133670
./dacapo-native-image:xalan-graalvm-linux-x64-O1.tar,1,962396160,0.930850,90773534.411989,0.346442,3.854235,0.134855
./dacapo-native-image:xalan-graalvm-linux-x64-O2.tar,1,1095024640,0.929159,105765774.152502,0.344607,3.817172,0.146703
./dacapo-native-image:xalan-graalvm-linux-x64-O3.tar,1,1297121280,0.928688,126105244.116992,0.344100,3.766800,0.165856
./dacapo-native-image:xalan-graalvm-linux-x64-Os.tar,1,919879680,0.931943,85414483.504447,0.347640,3.876583,0.129943
./dacapo-native-image:xalan-graalvm-linux-x64-prof.tar,1,1256980480,0.920074,136683338.624000,0.335122,3.840172,0.149366
./embedded-js-graalvm-linux-x64-debug.tar,1,1137786880,0.917487,127647521.241637,0.332527,3.533070,0.220520
./embedded-js-graalvm-linux-x64-O0.tar,1,1137786880,0.915997,129906094.702116,0.331052,3.532730,0.217362
./embedded-js-graalvm-linux-x64-O1.tar,1,984678400,0.928764,95629032.492587,0.344182,3.464257,0.233009
./embedded-js-graalvm-linux-x64-O2.tar,1,1187594240,0.937298,101724712.554524,0.353665,3.434553,0.221304
./embedded-js-graalvm-linux-x64-O3.tar,1,1480704000,0.942553,116346977.175572,0.359843,3.399359,0.229037
./embedded-js-graalvm-linux-x64-Os.tar,1,868270080,0.927114,86243504.254909,0.342418,3.518244,0.233557
./embedded-js-graalvm-linux-x64-prof.tar,1,1264189440,0.939103,105214551.045797,0.355755,3.511283,0.191101
./fork-join-pool-graalvm-linux-x64-debug.tar,1,437125120,0.941669,34868624.889116,0.358784,3.940848,0.088508
./fork-join-pool-graalvm-linux-x64-O0.tar,1,50954240,0.869213,8955721.209406,0.290381,3.616152,0.273150
./fork-join-pool-graalvm-linux-x64-O1.tar,1,46202880,0.871656,7973692.615069,0.292286,3.608299,0.303726
./fork-join-pool-graalvm-linux-x64-O2.tar,1,56688640,0.898480,7789171.094824,0.314661,3.531612,0.280160
./fork-join-pool-graalvm-linux-x64-O3.tar,1,70369280,0.910594,8540091.953508,0.325815,3.479341,0.283588
./fork-join-pool-graalvm-linux-x64-Os.tar,1,42024960,0.856090,8101347.668830,0.280469,3.668878,0.300924
./fork-join-pool-graalvm-linux-x64-prof.tar,1,478494720,0.934876,42544964.210810,0.350908,3.929868,0.102855
./fork-join-pool-isolate-graalvm-linux-x64-debug.tar,1,442449920,0.939426,36631241.381284,0.356132,3.941301,0.093003
./fork-join-pool-isolate-graalvm-linux-x64-O0.tar,1,50954240,0.872930,8709131.394591,0.293287,3.610447,0.275123
./fork-join-pool-isolate-graalvm-linux-x64-O1.tar,1,46202880,0.869914,8078491.462658,0.290926,3.603312,0.296657
./fork-join-pool-isolate-graalvm-linux-x64-O2.tar,1,57262080,0.893201,8266596.734782,0.310024,3.542788,0.279529
./fork-join-pool-isolate-graalvm-linux-x64-O3.tar,1,70369280,0.914786,8147826.772385,0.329863,3.471993,0.282575
./fork-join-pool-isolate-graalvm-linux-x64-Os.tar,1,42024960,0.859211,7931727.642453,0.282780,3.669792,0.305036
./fork-join-pool-isolate-graalvm-linux-x64-prof.tar,1,484311040,0.932625,44527014.807674,0.348393,3.930431,0.106330
./grpc-dotnet-linux-x64-debug.tar,1,452280320,0.965128,21687940.265656,0.390510,3.878813,0.155413
./grpc-dotnet-linux-x64-release.tar,1,137216000,0.972680,5163893.558550,0.403003,3.354128,0.178074
./grpc-dotnet-linux-x64-sf.tar,1,137216000,0.972680,5163923.045542,0.403003,3.354128,0.178075
./grpc-dotnet-linux-x64-static-sf.tar,1,137216000,0.972681,5163876.487172,0.403004,3.354128,0.178074
./grpc-dotnet-linux-x64-static.tar,1,137216000,0.972680,5163896.662439,0.403003,3.354128,0.178074
./hello-isolate-graalvm-linux-x64-debug.tar,1,436879360,0.942167,34555365.044314,0.359380,3.939693,0.088684
./hello-isolate-graalvm-linux-x64-O0.tar,1,50954240,0.872825,8716122.995529,0.293204,3.615369,0.273678
./hello-isolate-graalvm-linux-x64-O1.tar,1,46202880,0.870247,8058496.278014,0.291185,3.606358,0.297556
./hello-isolate-graalvm-linux-x64-O2.tar,1,57262080,0.893967,8208803.908347,0.310689,3.537976,0.287106
./hello-isolate-graalvm-linux-x64-O3.tar,1,70369280,0.911612,8444877.807371,0.326789,3.479453,0.283924
./hello-isolate-graalvm-linux-x64-Os.tar,1,42024960,0.861016,7833485.279750,0.284129,3.664277,0.310436
./hello-isolate-graalvm-linux-x64-prof.tar,1,478494720,0.935017,42454338.103033,0.351066,3.928991,0.102181
./hello-world-clang-linux-x64-debug.tar,1,163840,0.346521,124078.713379,0.064880,3.978904,0.441970
./hello-world-clang-linux-x64-O0.tar,1,163840,0.296628,131281.467285,0.052429,3.977732,0.458452
./hello-world-clang-linux-x64-O1.tar,1,163840,0.294406,131593.161353,0.051898,3.977732,0.458179
./hello-world-clang-linux-x64-O2.tar,1,163840,0.294381,131596.746191,0.051892,3.977732,0.458243
./hello-world-clang-linux-x64-O3.tar,1,163840,0.294509,131578.822485,0.051923,3.977732,0.458420
./hello-world-clang-linux-x64-Of.tar,1,163840,0.303269,130345.034766,0.054028,3.974216,0.461053
./hello-world-clang-linux-x64-Og.tar,1,163840,0.294688,131553.731348,0.051965,3.977732,0.458593
./hello-world-clang-linux-x64-Os.tar,1,163840,0.294406,131593.161353,0.051898,3.981248,0.458303
./hello-world-clang-linux-x64-static.tar,1,6881280,0.934505,615270.625149,0.350491,3.336468,0.312484
./hello-world-dotnet-linux-x64-debug.tar,1,43663360,0.945367,3265008.917536,0.363273,3.646621,0.191362
./hello-world-dotnet-linux-x64-release.tar,1,10240000,0.964371,501605.668202,0.389337,3.359030,0.209496
./hello-world-dotnet-linux-x64-sf.tar,1,10240000,0.964368,501639.310225,0.389334,3.359030,0.209502
./hello-world-dotnet-linux-x64-static-sf.tar,1,10240000,0.964372,501592.388766,0.389339,3.359030,0.209494
./hello-world-dotnet-linux-x64-static.tar,1,10240000,0.964370,501610.980025,0.389337,3.359030,0.209499
./hello-world-gcc-linux-x64-debug.tar,1,163840,0.339123,125170.644751,0.062970,3.978904,0.440280
./hello-world-gcc-linux-x64-O0.tar,1,163840,0.292921,131801.162720,0.051544,3.978904,0.457409
./hello-world-gcc-linux-x64-O1.tar,1,163840,0.292562,131851.394556,0.051459,3.980076,0.459182
./hello-world-gcc-linux-x64-O2.tar,1,163840,0.293075,131779.637720,0.051581,3.980076,0.459894
./hello-world-gcc-linux-x64-O3.tar,1,163840,0.293203,131761.701563,0.051611,3.980076,0.460071
./hello-world-gcc-linux-x64-Of.tar,1,163840,0.302815,130409.262598,0.053918,3.981248,0.463847
./hello-world-gcc-linux-x64-Og.tar,1,163840,0.292690,131833.453516,0.051489,3.980076,0.459736
./hello-world-gcc-linux-x64-Os.tar,1,163840,0.293408,131733.006250,0.051660,3.980076,0.462173
./hello-world-gcc-linux-x64-static.tar,1,6799360,0.933884,613623.553050,0.349794,3.346685,0.308935
./hello-world-graalvm-linux-x64-debug.tar,1,435404800,0.942479,34255912.625666,0.359754,3.940807,0.088103
./hello-world-graalvm-linux-x64-O0.tar,1,50954240,0.869066,8965450.160120,0.290267,3.617693,0.277465
./hello-world-graalvm-linux-x64-O1.tar,1,46202880,0.869186,8122243.722110,0.290360,3.613954,0.301996
./hello-world-graalvm-linux-x64-O2.tar,1,56688640,0.895610,8003820.509757,0.312124,3.539995,0.285207
./hello-world-graalvm-linux-x64-O3.tar,1,69795840,0.912721,8273171.038096,0.327856,3.472838,0.286884
./hello-world-graalvm-linux-x64-Os.tar,1,42024960,0.856840,8060601.472657,0.281022,3.673113,0.311349
./hello-world-graalvm-linux-x64-prof.tar,1,476856320,0.935091,42261169.751233,0.351151,3.930097,0.101457
./jmh-native-graalvm-linux-x64-debug.tar,1,153190400,0.904183,19893757.211349,0.319817,3.528589,0.261503
./jmh-native-graalvm-linux-x64-O0.tar,1,153190400,0.902230,20289625.100739,0.318034,3.531389,0.256677
./jmh-native-graalvm-linux-x64-O1.tar,1,144752640,0.903336,18960272.391914,0.319041,3.519404,0.283540
./jmh-native-graalvm-linux-x64-O2.tar,1,185139200,0.922960,19418453.450044,0.338070,3.453355,0.274102
./jmh-native-graalvm-linux-x64-O3.tar,1,239697920,0.935096,21241583.678978,0.351156,3.404838,0.260626
./jmh-native-graalvm-linux-x64-Os.tar,1,123781120,0.903643,16162997.704846,0.319323,3.562271,0.278032
./jmh-native-graalvm-linux-x64-prof.tar,1,196116480,0.921985,20825149.461541,0.337068,3.510859,0.243333
./jq-clang-linux-x64-debug.tar,1,491520,0.788388,136989.307039,0.236037,3.575391,0.375050
./jq-clang-linux-x64-O0.tar,1,409600,0.747690,134698.175156,0.213271,3.495137,0.447410
./jq-clang-linux-x64-O1.tar,1,327680,0.740123,110772.309570,0.209290,3.715207,0.384660
./jq-clang-linux-x64-O2.tar,1,327680,0.733879,113248.898450,0.206058,3.701729,0.392961
./jq-clang-linux-x64-O3.tar,1,327680,0.755704,104552.578235,0.217569,3.671257,0.396040
./jq-clang-linux-x64-Of.tar,1,327680,0.758662,103365.239258,0.219177,3.680047,0.394262
./jq-clang-linux-x64-Og.tar,1,327680,0.751979,106044.580383,0.215561,3.712277,0.367773
./jq-clang-linux-x64-Os.tar,1,327680,0.725145,116698.616028,0.201614,3.725168,0.388704
./jq-clang-linux-x64-static.tar,1,17612800,0.972675,662947.045139,0.402995,3.123884,0.269368
./jq-gcc-linux-x64-debug.tar,1,491520,0.761405,153394.313672,0.220679,3.689453,0.352903
./jq-gcc-linux-x64-O0.tar,1,409600,0.711835,152402.400156,0.195010,3.632486,0.416324
./jq-gcc-linux-x64-O1.tar,1,327680,0.734366,113056.154407,0.206308,3.711691,0.383107
./jq-gcc-linux-x64-O2.tar,1,327680,0.734829,112872.964856,0.206546,3.723996,0.381175
./jq-gcc-linux-x64-O3.tar,1,327680,0.764465,101030.891418,0.222366,3.685907,0.382764
./jq-gcc-linux-x64-Of.tar,1,327680,0.766910,100044.932861,0.223724,3.682977,0.381976
./jq-gcc-linux-x64-Og.tar,1,327680,0.734022,113192.468567,0.206131,3.710519,0.382677
./jq-gcc-linux-x64-Os.tar,1,327680,0.710373,122493.041125,0.194296,3.762086,0.376802
./jq-gcc-linux-x64-static.tar,1,17285120,0.969137,734256.140644,0.396948,3.190183,0.257278
./json-sourcegen-dotnet-linux-x64-debug.tar,1,66764800,0.941661,5326455.160892,0.358774,3.721634,0.192913
./json-sourcegen-dotnet-linux-x64-release.tar,1,22773760,0.971597,890822.034767,0.401111,3.330935,0.194487
./json-sourcegen-dotnet-linux-x64-sf.tar,1,22773760,0.971596,890852.888411,0.401109,3.330935,0.194491
./json-sourcegen-dotnet-linux-x64-static-sf.tar,1,22773760,0.971597,890805.421488,0.401112,3.330935,0.194486
./json-sourcegen-dotnet-linux-x64-static.tar,1,22773760,0.971597,890822.034767,0.401111,3.330935,0.194488
./llvm-7zip-benchmark-clang-linux-x64-debug.tar,1,50135040,0.897868,6929189.112676,0.314117,3.728477,0.202468
./llvm-7zip-benchmark-clang-linux-x64-O0.tar,1,15319040,0.949265,1064754.509166,0.368181,3.207447,0.257905
./llvm-7zip-benchmark-clang-linux-x64-O1.tar,1,12042240,0.908803,1490092.526454,0.324117,3.582302,0.232685
./llvm-7zip-benchmark-clang-linux-x64-O2.tar,1,12697600,0.917643,1421889.086806,0.332682,3.568568,0.230852
./llvm-7zip-benchmark-clang-linux-x64-O3.tar,1,13271040,0.916878,1499644.449712,0.331922,3.570399,0.232693
./llvm-7zip-benchmark-clang-linux-x64-Of.tar,1,13271040,0.916802,1500981.306250,0.331847,3.572410,0.232611
./llvm-7zip-benchmark-clang-linux-x64-Og.tar,1,12288000,0.907493,1541850.460034,0.322887,3.600422,0.225809
./llvm-7zip-benchmark-clang-linux-x64-Os.tar,1,10158080,0.910621,1232427.765755,0.325841,3.594171,0.227882
./llvm-7zip-benchmark-clang-linux-x64-static.tar,1,24576000,0.956693,1460629.012656,0.378105,3.212422,0.261803
./llvm-7zip-benchmark-gcc-linux-x64-debug.tar,1,58408960,0.848558,11827108.810523,0.275007,3.815938,0.224098
./llvm-7zip-benchmark-gcc-linux-x64-O0.tar,1,15400960,0.934051,1386442.822910,0.349981,3.365367,0.224456
./llvm-7zip-benchmark-gcc-linux-x64-O1.tar,1,12124160,0.921279,1298873.827328,0.336346,3.483740,0.239842
./llvm-7zip-benchmark-gcc-linux-x64-O2.tar,1,14008320,0.929193,1352391.030681,0.344644,3.476700,0.237669
./llvm-7zip-benchmark-gcc-linux-x64-O3.tar,1,17776640,0.938714,1488812.623218,0.355301,3.451291,0.232796
./llvm-7zip-benchmark-gcc-linux-x64-Of.tar,1,17776640,0.938684,1489509.574598,0.355267,3.452717,0.232874
./llvm-7zip-benchmark-gcc-linux-x64-Og.tar,1,11059200,0.915870,1264549.635561,0.330926,3.534427,0.239167
./llvm-7zip-benchmark-gcc-linux-x64-Os.tar,1,9666560,0.918986,1065160.299593,0.334025,3.515239,0.228946
./llvm-7zip-benchmark-gcc-linux-x64-static.tar,1,24248320,0.946684,1770035.881494,0.364911,3.333519,0.238117
./llvm-aha-clang-linux-x64-debug.tar,1,327680,0.624958,154992.770520,0.156125,3.899795,0.359397
./llvm-aha-clang-linux-x64-O0.tar,1,245760,0.543553,138243.000016,0.124996,3.869531,0.428035
./llvm-aha-clang-linux-x64-O1.tar,1,163840,0.585076,84783.811035,0.140320,3.860533,0.432808
./llvm-aha-clang-linux-x64-O2.tar,1,163840,0.593913,83185.800391,0.143726,3.859361,0.429366
./llvm-aha-clang-linux-x64-O3.tar,1,245760,0.497449,150146.910954,0.109184,3.893750,0.446770
./llvm-aha-clang-linux-x64-Of.tar,1,245760,0.502028,148982.979753,0.110701,3.889844,0.445860
./llvm-aha-clang-linux-x64-Og.tar,1,163840,0.593772,83211.454126,0.143671,3.860533,0.431020
./llvm-aha-clang-linux-x64-Os.tar,1,163840,0.572114,87110.138892,0.135419,3.855845,0.435265
./llvm-aha-clang-linux-x64-static.tar,1,6963200,0.933286,634005.235294,0.349127,3.335061,0.312082
./llvm-aha-gcc-linux-x64-debug.tar,1,327680,0.610428,160347.672375,0.150235,3.881043,0.357614
./llvm-aha-gcc-linux-x64-O0.tar,1,245760,0.564594,132675.159440,0.132625,3.845312,0.408303
./llvm-aha-gcc-linux-x64-O1.tar,1,163840,0.601561,81795.066504,0.146716,3.833577,0.417490
./llvm-aha-gcc-linux-x64-O2.tar,1,163840,0.602073,81701.826196,0.146918,3.842953,0.429206
./llvm-aha-gcc-linux-x64-O3.tar,1,163840,0.606547,80884.728540,0.148688,3.835921,0.431694
./llvm-aha-gcc-linux-x64-Of.tar,1,245760,0.470940,156803.571110,0.100614,3.893750,0.463243
./llvm-aha-gcc-linux-x64-Og.tar,1,245760,0.461326,159183.284912,0.097595,3.882812,0.459947
./llvm-aha-gcc-linux-x64-Os.tar,1,163840,0.579123,85854.702173,0.138055,3.846469,0.434509
./llvm-aha-gcc-linux-x64-static.tar,1,6881280,0.933505,624519.688430,0.349371,3.350474,0.308360
./llvm-anagram-clang-linux-x64-debug.tar,1,327680,0.625002,154976.264954,0.156143,3.879871,0.372451
./llvm-anagram-clang-linux-x64-O0.tar,1,245760,0.528890,142073.210303,0.119836,3.850000,0.441317
./llvm-anagram-clang-linux-x64-O1.tar,1,245760,0.526498,142694.314600,0.119006,3.867969,0.443268
./llvm-anagram-clang-linux-x64-O2.tar,1,245760,0.534587,140589.902344,0.121826,3.876562,0.441514
./llvm-anagram-clang-linux-x64-O3.tar,1,245760,0.577525,129212.402344,0.137451,3.839062,0.436007
./llvm-anagram-clang-linux-x64-Of.tar,1,245760,0.581832,128051.962907,0.139083,3.841406,0.435621
./llvm-anagram-clang-linux-x64-Og.tar,1,245760,0.529674,141869.515690,0.120109,3.861719,0.444068
./llvm-anagram-clang-linux-x64-Os.tar,1,163840,0.631962,76196.532129,0.159021,3.837093,0.405044
./llvm-anagram-clang-linux-x64-static.tar,1,6963200,0.934511,622539.288999,0.350497,3.336054,0.310389
./llvm-anagram-gcc-linux-x64-debug.tar,1,327680,0.620512,156636.703235,0.154306,3.881629,0.373398
./llvm-anagram-gcc-linux-x64-O0.tar,1,245760,0.534298,140665.547282,0.121724,3.845312,0.431064
./llvm-anagram-gcc-linux-x64-O1.tar,1,163840,0.642231,74280.158228,0.163336,3.833577,0.396113
./llvm-anagram-gcc-linux-x64-O2.tar,1,163840,0.656113,71669.452173,0.169305,3.830062,0.397595
./llvm-anagram-gcc-linux-x64-O3.tar,1,245760,0.541940,138666.328190,0.124422,3.862500,0.438548
./llvm-anagram-gcc-linux-x64-Of.tar,1,245760,0.545526,137724.481510,0.125700,3.858594,0.437407
./llvm-anagram-gcc-linux-x64-Og.tar,1,163840,0.627027,77113.095728,0.156976,3.827718,0.403553
./llvm-anagram-gcc-linux-x64-Os.tar,1,163840,0.610771,80110.890845,0.150372,3.841781,0.407183
./llvm-anagram-gcc-linux-x64-static.tar,1,6881280,0.934294,617221.772063,0.350254,3.344978,0.307393
./llvm-analyzer-clang-linux-x64-debug.tar,1,491520,0.778077,143287.490755,0.230037,3.737109,0.319236
./llvm-analyzer-clang-linux-x64-O0.tar,1,327680,0.726337,116228.834033,0.202216,3.623205,0.407977
./llvm-analyzer-clang-linux-x64-O1.tar,1,245760,0.711080,91662.630615,0.194641,3.811719,0.358146
./llvm-analyzer-clang-linux-x64-O2.tar,1,327680,0.627877,153910.771106,0.157327,3.858189,0.386911
./llvm-analyzer-clang-linux-x64-O3.tar,1,327680,0.633039,151992.336731,0.159470,3.845297,0.386866
./llvm-analyzer-clang-linux-x64-Of.tar,1,327680,0.635543,151059.357471,0.160516,3.848813,0.386459
./llvm-analyzer-clang-linux-x64-Og.tar,1,245760,0.720559,88877.259375,0.199316,3.820312,0.355850
./llvm-analyzer-clang-linux-x64-Os.tar,1,245760,0.699711,94982.709375,0.189160,3.830469,0.357569
./llvm-analyzer-clang-linux-x64-static.tar,1,8192000,0.945566,610371.227883,0.363519,3.248356,0.310735
./llvm-analyzer-gcc-linux-x64-debug.tar,1,491520,0.754588,157499.509188,0.216966,3.753125,0.332688
./llvm-analyzer-gcc-linux-x64-O0.tar,1,327680,0.729522,114972.026379,0.203830,3.639027,0.392557
./llvm-analyzer-gcc-linux-x64-O1.tar,1,245760,0.716689,90016.266667,0.197396,3.808594,0.354606
./llvm-analyzer-gcc-linux-x64-O2.tar,1,327680,0.633288,151899.726575,0.159573,3.835921,0.392765
./llvm-analyzer-gcc-linux-x64-O3.tar,1,327680,0.647242,146680.980518,0.165472,3.820100,0.393964
./llvm-analyzer-gcc-linux-x64-Of.tar,1,327680,0.649510,145828.508313,0.166446,3.817756,0.393131
./llvm-analyzer-gcc-linux-x64-Og.tar,1,245760,0.712636,91206.382878,0.195402,3.818750,0.359989
./llvm-analyzer-gcc-linux-x64-Os.tar,1,245760,0.685664,99053.908594,0.182568,3.818750,0.357982
./llvm-analyzer-gcc-linux-x64-static.tar,1,8028160,0.948708,564049.776857,0.367468,3.252031,0.303951
./llvm-automotive-basicmath-clang-linux-x64-debug.tar,1,245760,0.643395,111093.240381,0.163831,3.825000,0.389218
./llvm-automotive-basicmath-clang-linux-x64-O0.tar,1,245760,0.476917,155315.016211,0.102515,3.829687,0.487246
./llvm-automotive-basicmath-clang-linux-x64-O1.tar,1,163840,0.541591,92505.322876,0.124298,3.880457,0.437076
./llvm-automotive-basicmath-clang-linux-x64-O2.tar,1,163840,0.544677,91965.103149,0.125397,3.881629,0.434796
./llvm-automotive-basicmath-clang-linux-x64-O3.tar,1,163840,0.596140,82781.564941,0.144592,3.840609,0.436357
./llvm-automotive-basicmath-clang-linux-x64-Of.tar,1,163840,0.534309,93775.014063,0.121729,3.886317,0.435781
./llvm-automotive-basicmath-clang-linux-x64-Og.tar,1,163840,0.550853,90880.472266,0.127612,3.882801,0.434591
./llvm-automotive-basicmath-clang-linux-x64-Os.tar,1,163840,0.539265,92911.525879,0.123474,3.871081,0.437856
./llvm-automotive-basicmath-clang-linux-x64-static.tar,1,8355840,0.951006,561074.282860,0.370436,3.301011,0.292016
./llvm-automotive-basicmath-gcc-linux-x64-debug.tar,1,245760,0.609535,120506.414648,0.149878,3.843750,0.397542
./llvm-automotive-basicmath-gcc-linux-x64-O0.tar,1,245760,0.477464,155178.311344,0.102690,3.851562,0.473801
./llvm-automotive-basicmath-gcc-linux-x64-O1.tar,1,163840,0.541195,92574.464941,0.124158,3.861705,0.440796
./llvm-automotive-basicmath-gcc-linux-x64-O2.tar,1,163840,0.542501,92346.093848,0.124622,3.871081,0.436763
./llvm-automotive-basicmath-gcc-linux-x64-O3.tar,1,163840,0.542518,92343.090845,0.124628,3.871081,0.436899
./llvm-automotive-basicmath-gcc-linux-x64-Of.tar,1,163840,0.532444,94099.093970,0.121075,3.881629,0.433561
./llvm-automotive-basicmath-gcc-linux-x64-Og.tar,1,163840,0.528908,94712.432251,0.119843,3.899209,0.441265
./llvm-automotive-basicmath-gcc-linux-x64-Os.tar,1,163840,0.521418,96006.315454,0.117255,3.885145,0.444406
./llvm-automotive-basicmath-gcc-linux-x64-static.tar,1,7782400,0.944262,593551.907961,0.361916,3.323494,0.296668
./llvm-automotive-bitcount-clang-linux-x64-debug.tar,1,327680,0.664235,140262.930286,0.172873,3.912687,0.338139
./llvm-automotive-bitcount-clang-linux-x64-O0.tar,1,163840,0.620460,78328.031348,0.154285,3.846469,0.394845
./llvm-automotive-bitcount-clang-linux-x64-O1.tar,1,163840,0.559640,89329.080103,0.130804,3.875769,0.426930
./llvm-automotive-bitcount-clang-linux-x64-O2.tar,1,163840,0.566718,88072.359473,0.133411,3.866393,0.425137
./llvm-automotive-bitcount-clang-linux-x64-O3.tar,1,163840,0.614176,79485.583032,0.151740,3.834749,0.412858
./llvm-automotive-bitcount-clang-linux-x64-Of.tar,1,163840,0.618343,78718.483618,0.153424,3.835921,0.411148
./llvm-automotive-bitcount-clang-linux-x64-Og.tar,1,163840,0.579204,85840.225000,0.138086,3.878113,0.419639
./llvm-automotive-bitcount-clang-linux-x64-Os.tar,1,163840,0.553067,90490.628931,0.128412,3.874597,0.425544
./llvm-automotive-bitcount-clang-linux-x64-static.tar,1,6963200,0.933295,633921.956044,0.349137,3.338922,0.311720
./llvm-automotive-bitcount-gcc-linux-x64-debug.tar,1,327680,0.627367,154099.984570,0.157117,3.915031,0.351285
./llvm-automotive-bitcount-gcc-linux-x64-O0.tar,1,245760,0.472661,156375.722021,0.101160,3.896875,0.427953
./llvm-automotive-bitcount-gcc-linux-x64-O1.tar,1,163840,0.562435,88833.570337,0.131830,3.879285,0.426129
./llvm-automotive-bitcount-gcc-linux-x64-O2.tar,1,163840,0.573923,86786.691504,0.136096,3.876941,0.417806
./llvm-automotive-bitcount-gcc-linux-x64-O3.tar,1,163840,0.574004,86772.135962,0.136127,3.876941,0.417864
./llvm-automotive-bitcount-gcc-linux-x64-Of.tar,1,163840,0.581088,85501.807642,0.138800,3.875769,0.419083
./llvm-automotive-bitcount-gcc-linux-x64-Og.tar,1,163840,0.556698,89849.663696,0.129730,3.875769,0.427979
./llvm-automotive-bitcount-gcc-linux-x64-Os.tar,1,163840,0.541109,92589.499243,0.124127,3.888661,0.429843
./llvm-automotive-bitcount-gcc-linux-x64-static.tar,1,6881280,0.932753,631469.050782,0.348535,3.347963,0.310227
./llvm-automotive-susan-clang-linux-x64-debug.tar,1,737280,0.891068,108506.397792,0.308185,3.683333,0.183407
./llvm-automotive-susan-clang-linux-x64-O0.tar,1,491520,0.875672,82253.305868,0.295461,3.527344,0.248226
./llvm-automotive-susan-clang-linux-x64-O1.tar,1,327680,0.877073,54236.112500,0.296582,3.582186,0.289770
./llvm-automotive-susan-clang-linux-x64-O2.tar,1,409600,0.835432,89835.075625,0.265840,3.582327,0.332972
./llvm-automotive-susan-clang-linux-x64-O3.tar,1,409600,0.852793,80703.932119,0.278059,3.587484,0.328286
./llvm-automotive-susan-clang-linux-x64-Of.tar,1,491520,0.825417,114077.552157,0.259121,3.623828,0.351011
./llvm-automotive-susan-clang-linux-x64-Og.tar,1,409600,0.816544,99674.382656,0.253350,3.646549,0.309267
./llvm-automotive-susan-clang-linux-x64-Os.tar,1,327680,0.836711,71332.180774,0.266714,3.674187,0.291509
./llvm-automotive-susan-clang-linux-x64-static.tar,1,7618560,0.940570,619002.457813,0.357479,3.324748,0.299507
./llvm-automotive-susan-gcc-linux-x64-debug.tar,1,655360,0.895351,92753.452301,0.311897,3.579873,0.200400
./llvm-automotive-susan-gcc-linux-x64-O0.tar,1,491520,0.868138,87077.152352,0.289549,3.451172,0.276951
./llvm-automotive-susan-gcc-linux-x64-O1.tar,1,327680,0.869767,57357.070422,0.290811,3.575154,0.298306
./llvm-automotive-susan-gcc-linux-x64-O2.tar,1,327680,0.850356,65592.404895,0.276297,3.662467,0.294694
./llvm-automotive-susan-gcc-linux-x64-O3.tar,1,409600,0.786310,115217.816406,0.234814,3.685925,0.350287
./llvm-automotive-susan-gcc-linux-x64-Of.tar,1,491520,0.767960,149431.535229,0.224310,3.694141,0.368374
./llvm-automotive-susan-gcc-linux-x64-Og.tar,1,327680,0.828707,74679.475781,0.261304,3.599766,0.338768
./llvm-automotive-susan-gcc-linux-x64-Os.tar,1,327680,0.795227,88528.144531,0.240112,3.704659,0.318692
./llvm-automotive-susan-gcc-linux-x64-static.tar,1,7536640,0.940141,616706.673850,0.356972,3.328208,0.299131
./llvm-bc-clang-linux-x64-debug.tar,1,1146880,0.879056,186853.576465,0.298181,3.676223,0.238788
./llvm-bc-clang-linux-x64-O0.tar,1,737280,0.854999,143167.876063,0.279669,3.511458,0.327184
./llvm-bc-clang-linux-x64-O1.tar,1,737280,0.841907,155590.312549,0.270308,3.602083,0.334222
./llvm-bc-clang-linux-x64-O2.tar,1,737280,0.878146,120996.836594,0.297446,3.549740,0.310999
./llvm-bc-clang-linux-x64-O3.tar,1,737280,0.883857,115486.752393,0.302112,3.548698,0.306483
./llvm-bc-clang-linux-x64-Of.tar,1,737280,0.884099,115252.571620,0.302313,3.537760,0.305034
./llvm-bc-clang-linux-x64-Og.tar,1,737280,0.854034,144085.922070,0.278963,3.623177,0.309878
./llvm-bc-clang-linux-x64-Os.tar,1,573440,0.877166,94843.233991,0.296657,3.603549,0.296385
./llvm-bc-clang-linux-x64-static.tar,1,7864320,0.937489,671611.684685,0.353884,3.326831,0.305248
./llvm-bc-gcc-linux-x64-debug.tar,1,1146880,0.849342,231071.082645,0.275568,3.759093,0.248529
./llvm-bc-gcc-linux-x64-O0.tar,1,737280,0.838535,158776.200000,0.267969,3.640365,0.301370
./llvm-bc-gcc-linux-x64-O1.tar,1,655360,0.842624,137699.223657,0.270810,3.549696,0.349404
./llvm-bc-gcc-linux-x64-O2.tar,1,737280,0.838499,158809.614258,0.267944,3.599479,0.339361
./llvm-bc-gcc-linux-x64-O3.tar,1,901120,0.890430,133375.158026,0.307639,3.525276,0.305613
./llvm-bc-gcc-linux-x64-Of.tar,1,901120,0.889938,133957.490785,0.307220,3.512917,0.304601
./llvm-bc-gcc-linux-x64-Og.tar,1,573440,0.878379,93934.444929,0.297634,3.536246,0.325088
./llvm-bc-gcc-linux-x64-Os.tar,1,573440,0.833086,127487.489404,0.264246,3.611585,0.338782
./llvm-bc-gcc-linux-x64-static.tar,1,7782400,0.936486,675116.284380,0.352734,3.343847,0.301790
./llvm-bh-clang-linux-x64-debug.tar,1,409600,0.838524,88214.568838,0.267961,3.601078,0.339086
./llvm-bh-clang-linux-x64-O0.tar,1,327680,0.729150,115118.973645,0.203641,3.508936,0.478192
./llvm-bh-clang-linux-x64-O1.tar,1,245760,0.735572,84433.603923,0.206930,3.769531,0.380139
./llvm-bh-clang-linux-x64-O2.tar,1,327680,0.651308,145151.513977,0.167221,3.814826,0.405572
./llvm-bh-clang-linux-x64-O3.tar,1,327680,0.662142,141057.007031,0.171948,3.785526,0.411134
./llvm-bh-clang-linux-x64-Of.tar,1,327680,0.657617,142770.673938,0.169962,3.810724,0.413312
./llvm-bh-clang-linux-x64-Og.tar,1,327680,0.648352,146263.787158,0.165948,3.806622,0.403185
./llvm-bh-clang-linux-x64-Os.tar,1,245760,0.667959,104135.419010,0.174528,3.778125,0.400613
./llvm-bh-clang-linux-x64-static.tar,1,7536640,0.936496,653697.975357,0.352745,3.309331,0.315234
./llvm-bh-gcc-linux-x64-debug.tar,1,491520,0.737928,167465.734058,0.208148,3.716797,0.369711
./llvm-bh-gcc-linux-x64-O0.tar,1,327680,0.710579,122412.348633,0.194397,3.588046,0.445115
./llvm-bh-gcc-linux-x64-O1.tar,1,245760,0.703930,93753.301042,0.191178,3.754688,0.405395
./llvm-bh-gcc-linux-x64-O2.tar,1,245760,0.730184,86033.066667,0.204167,3.766406,0.394792
./llvm-bh-gcc-linux-x64-O3.tar,1,327680,0.794053,89009.068372,0.239407,3.700557,0.360425
./llvm-bh-gcc-linux-x64-Of.tar,1,327680,0.762149,101963.662549,0.221088,3.708175,0.370661
./llvm-bh-gcc-linux-x64-Og.tar,1,245760,0.727644,86784.935563,0.202877,3.760937,0.402422
./llvm-bh-gcc-linux-x64-Os.tar,1,245760,0.649966,109242.667253,0.166642,3.768750,0.424015
./llvm-bh-gcc-linux-x64-static.tar,1,7454720,0.935740,654169.535891,0.351885,3.324946,0.311632
./llvm-bisort-clang-linux-x64-debug.tar,1,245760,0.558143,134391.169010,0.130257,3.906250,0.371925
./llvm-bisort-clang-linux-x64-O0.tar,1,163840,0.506027,98642.141016,0.112036,3.871081,0.427098
./llvm-bisort-clang-linux-x64-O1.tar,1,163840,0.484946,102202.622095,0.105096,3.896865,0.442741
./llvm-bisort-clang-linux-x64-O2.tar,1,163840,0.487656,101748.199438,0.105975,3.892177,0.443083
./llvm-bisort-clang-linux-x64-O3.tar,1,163840,0.489531,101433.223853,0.106586,3.891005,0.440574
./llvm-bisort-clang-linux-x64-Of.tar,1,163840,0.497621,100068.761816,0.109241,3.882801,0.441629
./llvm-bisort-clang-linux-x64-Og.tar,1,163840,0.498489,99921.890259,0.109528,3.893349,0.432524
./llvm-bisort-clang-linux-x64-Os.tar,1,163840,0.481655,102753.067017,0.104034,3.891005,0.442565
./llvm-bisort-clang-linux-x64-static.tar,1,6881280,0.935483,606230.650635,0.351593,3.334515,0.310161
./llvm-bisort-gcc-linux-x64-debug.tar,1,245760,0.533067,140986.507829,0.121293,3.916406,0.376713
./llvm-bisort-gcc-linux-x64-O0.tar,1,163840,0.515110,97090.230566,0.115100,3.875769,0.410575
./llvm-bisort-gcc-linux-x64-O1.tar,1,163840,0.466495,105270.806274,0.099213,3.900381,0.446603
./llvm-bisort-gcc-linux-x64-O2.tar,1,163840,0.535092,93638.885767,0.122003,3.867565,0.425878
./llvm-bisort-gcc-linux-x64-O3.tar,1,245760,0.579129,128780.605485,0.138057,3.807812,0.416273
./llvm-bisort-gcc-linux-x64-Of.tar,1,245760,0.583082,127714.367253,0.139559,3.816406,0.414565
./llvm-bisort-gcc-linux-x64-Og.tar,1,163840,0.471814,104390.920410,0.100891,3.894521,0.449680
./llvm-bisort-gcc-linux-x64-Os.tar,1,163840,0.448045,108293.291040,0.093500,3.912101,0.449400
./llvm-bisort-gcc-linux-x64-static.tar,1,6799360,0.935237,601256.660392,0.351315,3.342958,0.307468
./llvm-cfrac-clang-linux-x64-debug.tar,1,983040,0.902115,130350.399939,0.317929,3.660742,0.222737
./llvm-cfrac-clang-linux-x64-O0.tar,1,573440,0.898952,78435.279018,0.315081,3.445840,0.304766
./llvm-cfrac-clang-linux-x64-O1.tar,1,491520,0.887171,74854.757886,0.304877,3.501953,0.320625
./llvm-cfrac-clang-linux-x64-O2.tar,1,491520,0.898110,67776.591797,0.314331,3.505078,0.309639
./llvm-cfrac-clang-linux-x64-O3.tar,1,491520,0.903220,64456.917391,0.318935,3.480078,0.305695
./llvm-cfrac-clang-linux-x64-Of.tar,1,491520,0.901809,65374.173047,0.317651,3.477344,0.306941
./llvm-cfrac-clang-linux-x64-Og.tar,1,491520,0.900891,65970.713672,0.316821,3.516016,0.298638
./llvm-cfrac-clang-linux-x64-Os.tar,1,491520,0.873344,83745.786532,0.293614,3.531641,0.326196
./llvm-cfrac-clang-linux-x64-static.tar,1,7864320,0.941364,630558.569214,0.358420,3.305591,0.304010
./llvm-cfrac-gcc-linux-x64-debug.tar,1,983040,0.857835,187287.763188,0.281758,3.707422,0.261750
./llvm-cfrac-gcc-linux-x64-O0.tar,1,573440,0.876136,95614.244448,0.295832,3.504771,0.309723
./llvm-cfrac-gcc-linux-x64-O1.tar,1,491520,0.900853,65995.628328,0.316787,3.497266,0.298174
./llvm-cfrac-gcc-linux-x64-O2.tar,1,491520,0.912346,58507.032064,0.327494,3.469141,0.295753
./llvm-cfrac-gcc-linux-x64-O3.tar,1,573440,0.878946,93509.148465,0.298092,3.515152,0.330137
./llvm-cfrac-gcc-linux-x64-Of.tar,1,573440,0.875833,95841.413846,0.295590,3.517495,0.332418
./llvm-cfrac-gcc-linux-x64-Og.tar,1,491520,0.896006,69141.001595,0.312472,3.500000,0.302996
./llvm-cfrac-gcc-linux-x64-Os.tar,1,491520,0.866366,88208.824227,0.288186,3.532422,0.326604
./llvm-cfrac-gcc-linux-x64-static.tar,1,7782400,0.939914,639197.148275,0.356705,3.327836,0.302320
./llvm-consumer-jpeg-clang-linux-x64-debug.tar,1,5652480,0.887860,855711.846559,0.305458,3.742188,0.195713
./llvm-consumer-jpeg-clang-linux-x64-O0.tar,1,1884160,0.929725,180558.742264,0.345218,3.294016,0.251153
./llvm-consumer-jpeg-clang-linux-x64-O1.tar,1,1392640,0.907692,174376.691222,0.323073,3.622652,0.247460
./llvm-consumer-jpeg-clang-linux-x64-O2.tar,1,1638400,0.914936,189378.640549,0.330009,3.595934,0.252687
./llvm-consumer-jpeg-clang-linux-x64-O3.tar,1,1884160,0.915867,215450.005571,0.330923,3.573536,0.257005
./llvm-consumer-jpeg-clang-linux-x64-Of.tar,1,1884160,0.915886,215401.314164,0.330942,3.571192,0.256695
./llvm-consumer-jpeg-clang-linux-x64-Og.tar,1,1474560,0.900167,199324.394803,0.316169,3.614453,0.246382
./llvm-consumer-jpeg-clang-linux-x64-Os.tar,1,1310720,0.902952,172349.918567,0.318690,3.626309,0.245922
./llvm-consumer-jpeg-clang-linux-x64-static.tar,1,9666560,0.949072,674397.716304,0.367934,3.242946,0.291505
./llvm-consumer-jpeg-gcc-linux-x64-debug.tar,1,5242880,0.863280,961896.059150,0.285835,3.732591,0.214527
./llvm-consumer-jpeg-gcc-linux-x64-O0.tar,1,1884160,0.924895,192746.543512,0.340079,3.317250,0.223003
./llvm-consumer-jpeg-gcc-linux-x64-O1.tar,1,1474560,0.893261,212755.650271,0.310076,3.622135,0.248945
./llvm-consumer-jpeg-gcc-linux-x64-O2.tar,1,1556480,0.905433,199552.126976,0.320970,3.599581,0.253254
./llvm-consumer-jpeg-gcc-linux-x64-O3.tar,1,1884160,0.911835,225556.237508,0.327003,3.599929,0.249060
./llvm-consumer-jpeg-gcc-linux-x64-Of.tar,1,1884160,0.909863,230493.308432,0.325120,3.595139,0.250710
./llvm-consumer-jpeg-gcc-linux-x64-Og.tar,1,1474560,0.876843,244503.715628,0.296398,3.630469,0.270866
./llvm-consumer-jpeg-gcc-linux-x64-Os.tar,1,1228800,0.893557,176817.584535,0.310333,3.609219,0.247736
./llvm-consumer-jpeg-gcc-linux-x64-static.tar,1,9584640,0.947424,690053.944281,0.365840,3.257893,0.285308
./llvm-consumer-lame-clang-linux-x64-debug.tar,1,4259840,0.901237,569795.898813,0.317134,3.587091,0.245616
./llvm-consumer-lame-clang-linux-x64-O0.tar,1,2539520,0.918042,283027.763686,0.333080,3.330964,0.318595
./llvm-consumer-lame-clang-linux-x64-O1.tar,1,2129920,0.870942,369563.919819,0.291727,3.602641,0.331506
./llvm-consumer-lame-clang-linux-x64-O2.tar,1,2457600,0.891234,361150.600275,0.308328,3.577266,0.312226
./llvm-consumer-lame-clang-linux-x64-O3.tar,1,2621440,0.904697,338644.817812,0.320290,3.565598,0.297004
./llvm-consumer-lame-clang-linux-x64-Of.tar,1,2785280,0.896759,389030.994142,0.313135,3.586254,0.303251
./llvm-consumer-lame-clang-linux-x64-Og.tar,1,2129920,0.886335,326706.922853,0.304175,3.586505,0.312161
./llvm-consumer-lame-clang-linux-x64-Os.tar,1,1966080,0.872135,338079.458514,0.292662,3.601562,0.327202
./llvm-consumer-lame-clang-linux-x64-static.tar,1,10485760,0.944791,792239.975356,0.362565,3.298943,0.297635
./llvm-consumer-lame-gcc-linux-x64-debug.tar,1,4259840,0.887253,648279.265328,0.304946,3.582359,0.263492
./llvm-consumer-lame-gcc-linux-x64-O0.tar,1,2703360,0.906381,343195.582459,0.321849,3.361790,0.316785
./llvm-consumer-lame-gcc-linux-x64-O1.tar,1,2129920,0.863264,390814.875227,0.285822,3.602822,0.334375
./llvm-consumer-lame-gcc-linux-x64-O2.tar,1,2129920,0.885335,329501.417219,0.303340,3.573975,0.321238
./llvm-consumer-lame-gcc-linux-x64-O3.tar,1,2703360,0.896098,379945.530257,0.312553,3.548437,0.315056
./llvm-consumer-lame-gcc-linux-x64-Of.tar,1,2867200,0.901563,382282.078629,0.317429,3.554953,0.310646
./llvm-consumer-lame-gcc-linux-x64-Og.tar,1,2129920,0.868352,376741.368059,0.289714,3.592275,0.332212
./llvm-consumer-lame-gcc-linux-x64-Os.tar,1,1884160,0.864082,343719.515593,0.286443,3.593916,0.332471
./llvm-consumer-lame-gcc-linux-x64-static.tar,1,10567680,0.941433,846328.072693,0.358502,3.311592,0.296456
./llvm-consumer-typeset-clang-linux-x64-debug.tar,1,14090240,0.922220,1491792.367985,0.337308,3.557916,0.156444
./llvm-consumer-typeset-clang-linux-x64-O0.tar,1,8929280,0.947981,636146.321130,0.366543,3.320375,0.158273
./llvm-consumer-typeset-clang-linux-x64-O1.tar,1,4833280,0.925927,487761.935941,0.341163,3.623529,0.155055
./llvm-consumer-typeset-clang-linux-x64-O2.tar,1,4833280,0.925051,493429.104384,0.340242,3.617967,0.162073
./llvm-consumer-typeset-clang-linux-x64-O3.tar,1,4915200,0.924677,504244.907755,0.339852,3.617383,0.163509
./llvm-consumer-typeset-clang-linux-x64-Of.tar,1,4915200,0.924871,502969.659766,0.340055,3.619375,0.162724
./llvm-consumer-typeset-clang-linux-x64-Og.tar,1,5079040,0.924940,519269.191031,0.340127,3.627078,0.150957
./llvm-consumer-typeset-clang-linux-x64-Os.tar,1,4505600,0.925857,455115.127930,0.341089,3.629727,0.149474
./llvm-consumer-typeset-clang-linux-x64-static.tar,1,17694720,0.954444,1105675.013569,0.375014,3.248741,0.253224
./llvm-consumer-typeset-gcc-linux-x64-debug.tar,1,13025280,0.902698,1717103.111145,0.318459,3.602344,0.179174
./llvm-consumer-typeset-gcc-linux-x64-O0.tar,1,8355840,0.941453,668960.313697,0.358526,3.401700,0.164330
./llvm-consumer-typeset-gcc-linux-x64-O1.tar,1,5242880,0.922224,555056.535721,0.337313,3.587278,0.174018
./llvm-consumer-typeset-gcc-linux-x64-O2.tar,1,5079040,0.926233,510479.153541,0.341486,3.589578,0.187606
./llvm-consumer-typeset-gcc-linux-x64-O3.tar,1,5160960,0.931299,483675.394290,0.346933,3.583036,0.182037
./llvm-consumer-typeset-gcc-linux-x64-Of.tar,1,5160960,0.930756,487435.879715,0.346339,3.583817,0.180950
./llvm-consumer-typeset-gcc-linux-x64-Og.tar,1,5242880,0.921161,562497.244189,0.336226,3.589402,0.170187
./llvm-consumer-typeset-gcc-linux-x64-Os.tar,1,4259840,0.919732,465155.917526,0.334776,3.646722,0.141127
./llvm-consumer-typeset-gcc-linux-x64-static.tar,1,17039360,0.953503,1086473.566678,0.373744,3.307274,0.224298
./llvm-distray-clang-linux-x64-debug.tar,1,327680,0.663566,140516.895752,0.172577,3.815998,0.385499
./llvm-distray-clang-linux-x64-O0.tar,1,245760,0.605711,121556.256510,0.148356,3.759375,0.471127
./llvm-distray-clang-linux-x64-O1.tar,1,245760,0.581896,128034.639469,0.139107,3.857031,0.428772
./llvm-distray-clang-linux-x64-O2.tar,1,245760,0.544671,137949.153141,0.125395,3.891406,0.435827
./llvm-distray-clang-linux-x64-O3.tar,1,245760,0.601851,122613.476969,0.146830,3.864063,0.420203
./llvm-distray-clang-linux-x64-Of.tar,1,245760,0.587412,126543.467204,0.141215,3.873438,0.425113
./llvm-distray-clang-linux-x64-Og.tar,1,245760,0.538932,139454.656510,0.123356,3.875781,0.434459
./llvm-distray-clang-linux-x64-Os.tar,1,245760,0.502676,148817.962907,0.110917,3.910938,0.441770
./llvm-distray-clang-linux-x64-static.tar,1,8519680,0.954009,537388.258925,0.374425,3.230325,0.302316
./llvm-distray-gcc-linux-x64-debug.tar,1,327680,0.668702,138564.425830,0.174860,3.770290,0.402841
./llvm-distray-gcc-linux-x64-O0.tar,1,245760,0.628785,115180.324365,0.157703,3.700781,0.475355
./llvm-distray-gcc-linux-x64-O1.tar,1,245760,0.526474,142700.410563,0.118998,3.873438,0.437607
./llvm-distray-gcc-linux-x64-O2.tar,1,245760,0.528609,142146.211084,0.119739,3.872656,0.440769
./llvm-distray-gcc-linux-x64-O3.tar,1,245760,0.707397,92740.644938,0.192851,3.786719,0.399997
./llvm-distray-gcc-linux-x64-Of.tar,1,245760,0.661754,105903.009375,0.171777,3.827344,0.404306
./llvm-distray-gcc-linux-x64-Og.tar,1,245760,0.525274,143011.477360,0.118583,3.885156,0.437695
./llvm-distray-gcc-linux-x64-Os.tar,1,245760,0.512110,146406.162907,0.114083,3.880469,0.443081
./llvm-distray-gcc-linux-x64-static.tar,1,8437760,0.954352,528294.413549,0.374889,3.241305,0.300687
./llvm-drop3-clang-linux-x64-debug.tar,1,245760,0.495697,150591.206396,0.108606,3.921875,0.416994
./llvm-drop3-clang-linux-x64-O0.tar,1,163840,0.466611,105251.569360,0.099249,3.886317,0.449789
./llvm-drop3-clang-linux-x64-O1.tar,1,163840,0.394102,116862.856348,0.077722,3.930853,0.467486
./llvm-drop3-clang-linux-x64-O2.tar,1,163840,0.420698,112688.176782,0.085333,3.901553,0.476851
./llvm-drop3-clang-linux-x64-O3.tar,1,163840,0.420865,112661.639673,0.085382,3.901553,0.476732
./llvm-drop3-clang-linux-x64-Of.tar,1,163840,0.428400,111460.806250,0.087598,3.892177,0.476357
./llvm-drop3-clang-linux-x64-Og.tar,1,163840,0.418270,113073.316040,0.084625,3.913273,0.469889
./llvm-drop3-clang-linux-x64-Os.tar,1,163840,0.392204,117156.946509,0.077191,3.935541,0.466787
./llvm-drop3-clang-linux-x64-static.tar,1,7290880,0.936429,633037.319103,0.352669,3.315676,0.313460
./llvm-drop3-gcc-linux-x64-debug.tar,1,245760,0.509312,147123.301188,0.113139,3.915625,0.418756
./llvm-drop3-gcc-linux-x64-O0.tar,1,163840,0.476878,103549.704004,0.102502,3.879285,0.454174
./llvm-drop3-gcc-linux-x64-O1.tar,1,163840,0.415981,113435.812891,0.083960,3.914445,0.475599
./llvm-drop3-gcc-linux-x64-O2.tar,1,163840,0.410465,114306.167603,0.082367,3.906241,0.470584
./llvm-drop3-gcc-linux-x64-O3.tar,1,163840,0.410592,114286.122095,0.082404,3.906241,0.470798
./llvm-drop3-gcc-linux-x64-Of.tar,1,163840,0.418564,113026.798853,0.084711,3.923821,0.470610
./llvm-drop3-gcc-linux-x64-Og.tar,1,163840,0.421929,112492.539062,0.085693,3.907413,0.469263
./llvm-drop3-gcc-linux-x64-Os.tar,1,163840,0.415960,113439.141235,0.083954,3.913273,0.471676
./llvm-drop3-gcc-linux-x64-static.tar,1,7208960,0.936368,626516.799344,0.352599,3.325663,0.310993
./llvm-em3d-clang-linux-x64-debug.tar,1,327680,0.668784,138533.214111,0.174896,3.882801,0.333089
./llvm-em3d-clang-linux-x64-O0.tar,1,245760,0.537675,139783.283350,0.122913,3.848438,0.426855
./llvm-em3d-clang-linux-x64-O1.tar,1,163840,0.661713,70609.883813,0.171759,3.841781,0.407016
./llvm-em3d-clang-linux-x64-O2.tar,1,245760,0.522856,143637.684961,0.117749,3.875000,0.439456
./llvm-em3d-clang-linux-x64-O3.tar,1,245760,0.526122,142791.865641,0.118876,3.875781,0.437030
./llvm-em3d-clang-linux-x64-Of.tar,1,245760,0.529452,141927.264990,0.120032,3.874219,0.435785
./llvm-em3d-clang-linux-x64-Og.tar,1,245760,0.519548,144492.136084,0.116614,3.884375,0.439032
./llvm-em3d-clang-linux-x64-Os.tar,1,163840,0.607146,80775.156250,0.148926,3.847641,0.426617
./llvm-em3d-clang-linux-x64-static.tar,1,6963200,0.933652,630583.234054,0.349535,3.336605,0.311955
./llvm-em3d-gcc-linux-x64-debug.tar,1,327680,0.638427,149983.081360,0.161728,3.883387,0.351052
./llvm-em3d-gcc-linux-x64-O0.tar,1,245760,0.535155,140441.697282,0.122026,3.852344,0.415714
./llvm-em3d-gcc-linux-x64-O1.tar,1,163840,0.624162,77643.633691,0.155798,3.825374,0.422249
./llvm-em3d-gcc-linux-x64-O2.tar,1,245760,0.518930,144651.668766,0.116402,3.870312,0.445308
./llvm-em3d-gcc-linux-x64-O3.tar,1,245760,0.720763,88817.132829,0.199418,3.747656,0.382756
./llvm-em3d-gcc-linux-x64-Of.tar,1,245760,0.722457,88317.668766,0.200264,3.746094,0.381361
./llvm-em3d-gcc-linux-x64-Og.tar,1,163840,0.620520,78316.968848,0.154309,3.828890,0.423033
./llvm-em3d-gcc-linux-x64-Os.tar,1,163840,0.600537,81981.706641,0.146313,3.839437,0.428720
./llvm-em3d-gcc-linux-x64-static.tar,1,6881280,0.933302,626392.504493,0.349145,3.347963,0.308598
./llvm-espresso-clang-linux-x64-debug.tar,1,3604480,0.903888,469494.509856,0.319547,3.699359,0.152939
./llvm-espresso-clang-linux-x64-O0.tar,1,1884160,0.924431,193915.089980,0.339595,3.444119,0.198500
./llvm-espresso-clang-linux-x64-O1.tar,1,1638400,0.912379,194951.224514,0.327526,3.530308,0.250287
./llvm-espresso-clang-linux-x64-O2.tar,1,1884160,0.923334,196677.401344,0.338457,3.470308,0.245330
./llvm-espresso-clang-linux-x64-O3.tar,1,1884160,0.934912,167436.779401,0.350948,3.436476,0.231694
./llvm-espresso-clang-linux-x64-Of.tar,1,1884160,0.935089,166989.923242,0.351147,3.439126,0.231710
./llvm-espresso-clang-linux-x64-Og.tar,1,1720320,0.910327,209390.365237,0.325561,3.531808,0.244391
./llvm-espresso-clang-linux-x64-Os.tar,1,1392640,0.924122,143904.123265,0.339274,3.509599,0.225434
./llvm-espresso-clang-linux-x64-static.tar,1,9666560,0.948188,685963.062653,0.366806,3.269661,0.282676
./llvm-espresso-gcc-linux-x64-debug.tar,1,3604480,0.871005,625119.062327,0.291776,3.719814,0.197499
./llvm-espresso-gcc-linux-x64-O0.tar,1,1966080,0.901463,262397.539553,0.317338,3.505859,0.221813
./llvm-espresso-gcc-linux-x64-O1.tar,1,1638400,0.898574,224918.990664,0.314744,3.565933,0.257065
./llvm-espresso-gcc-linux-x64-O2.tar,1,1638400,0.920437,177364.690322,0.335490,3.522105,0.235605
./llvm-espresso-gcc-linux-x64-O3.tar,1,2211840,0.924921,226188.645922,0.340107,3.462760,0.240856
./llvm-espresso-gcc-linux-x64-Of.tar,1,2211840,0.925051,225806.344336,0.340243,3.472656,0.240377
./llvm-espresso-gcc-linux-x64-Og.tar,1,1638400,0.888457,246748.143906,0.305962,3.578004,0.271413
./llvm-espresso-gcc-linux-x64-Os.tar,1,1392640,0.900294,188016.240237,0.316283,3.519801,0.250192
./llvm-espresso-gcc-linux-x64-static.tar,1,9666560,0.943506,747125.089960,0.360995,3.299614,0.285446
./llvm-five11-clang-linux-x64-debug.tar,1,245760,0.539231,139376.325586,0.123462,3.926563,0.388327
./llvm-five11-clang-linux-x64-O0.tar,1,163840,0.468550,104931.212915,0.099860,3.894521,0.446330
./llvm-five11-clang-linux-x64-O1.tar,1,163840,0.456706,106880.059204,0.096161,3.907413,0.464817
./llvm-five11-clang-linux-x64-O2.tar,1,163840,0.462656,105903.394629,0.098010,3.906241,0.466244
./llvm-five11-clang-linux-x64-O3.tar,1,163840,0.483435,102455.516626,0.104608,3.889833,0.464620
./llvm-five11-clang-linux-x64-Of.tar,1,163840,0.489980,101357.702368,0.106732,3.883973,0.462504
./llvm-five11-clang-linux-x64-Og.tar,1,163840,0.467426,105116.960181,0.099506,3.900381,0.458339
./llvm-five11-clang-linux-x64-Os.tar,1,163840,0.435071,110391.138892,0.089581,3.903897,0.465583
./llvm-five11-clang-linux-x64-static.tar,1,7208960,0.937309,617389.030453,0.353677,3.309842,0.311301
./llvm-five11-gcc-linux-x64-debug.tar,1,245760,0.529733,141854.320459,0.120129,3.924219,0.397531
./llvm-five11-gcc-linux-x64-O0.tar,1,163840,0.466922,105200.279517,0.099347,3.893349,0.440379
./llvm-five11-gcc-linux-x64-O1.tar,1,163840,0.442419,109205.765649,0.091791,3.908585,0.455653
./llvm-five11-gcc-linux-x64-O2.tar,1,163840,0.465834,105379.848657,0.099005,3.895693,0.451387
./llvm-five11-gcc-linux-x64-O3.tar,1,163840,0.473045,104186.676660,0.101282,3.881629,0.453576
./llvm-five11-gcc-linux-x64-Of.tar,1,163840,0.480099,103012.984595,0.103534,3.888661,0.453927
./llvm-five11-gcc-linux-x64-Og.tar,1,163840,0.434049,110555.367407,0.089276,3.915617,0.463335
./llvm-five11-gcc-linux-x64-Os.tar,1,163840,0.427388,111622.526587,0.087299,3.915617,0.465007
./llvm-five11-gcc-linux-x64-static.tar,1,7127040,0.937326,610207.965214,0.353697,3.327047,0.309083
./llvm-fourinarow-clang-linux-x64-debug.tar,1,327680,0.718386,119356.078174,0.198236,3.836507,0.306964
./llvm-fourinarow-clang-linux-x64-O0.tar,1,245760,0.629944,114857.422282,0.158183,3.783594,0.394603
./llvm-fourinarow-clang-linux-x64-O1.tar,1,245760,0.621876,117099.642594,0.154862,3.819531,0.414552
./llvm-fourinarow-clang-linux-x64-O2.tar,1,327680,0.692934,129268.125439,0.185956,3.775564,0.373344
./llvm-fourinarow-clang-linux-x64-O3.tar,1,409600,0.763895,126575.850625,0.222051,3.708426,0.347179
./llvm-fourinarow-clang-linux-x64-Of.tar,1,409600,0.765758,125637.017822,0.223083,3.692957,0.346239
./llvm-fourinarow-clang-linux-x64-Og.tar,1,245760,0.631962,114294.798193,0.159021,3.799219,0.409091
./llvm-fourinarow-clang-linux-x64-Os.tar,1,245760,0.555686,135042.704167,0.129362,3.833594,0.424733
./llvm-fourinarow-clang-linux-x64-static.tar,1,8028160,0.947982,571941.104325,0.366544,3.245526,0.307992
./llvm-fourinarow-gcc-linux-x64-debug.tar,1,327680,0.689385,130638.458252,0.184296,3.841781,0.325361
./llvm-fourinarow-gcc-linux-x64-O0.tar,1,245760,0.626933,115695.714860,0.156938,3.791406,0.394023
./llvm-fourinarow-gcc-linux-x64-O1.tar,1,245760,0.578494,128951.499023,0.137817,3.819531,0.411515
./llvm-fourinarow-gcc-linux-x64-O2.tar,1,245760,0.576229,129560.683594,0.136963,3.846875,0.422062
./llvm-fourinarow-gcc-linux-x64-O3.tar,1,409600,0.854985,79545.151406,0.279658,3.534513,0.337783
./llvm-fourinarow-gcc-linux-x64-Of.tar,1,327680,0.847432,66825.831555,0.274203,3.426897,0.316124
./llvm-fourinarow-gcc-linux-x64-Og.tar,1,245760,0.583445,127616.346094,0.139697,3.837500,0.416575
./llvm-fourinarow-gcc-linux-x64-Os.tar,1,245760,0.534495,140614.106510,0.121794,3.850000,0.439598
./llvm-fourinarow-gcc-linux-x64-static.tar,1,7946240,0.947805,568004.521635,0.366320,3.259010,0.305476
./llvm-ft-clang-linux-x64-debug.tar,1,327680,0.709138,122975.303955,0.193695,3.881043,0.286856
./llvm-ft-clang-linux-x64-O0.tar,1,245760,0.570048,131218.498063,0.134648,3.853125,0.396970
./llvm-ft-clang-linux-x64-O1.tar,1,245760,0.561799,133419.767594,0.131596,3.850781,0.417163
./llvm-ft-clang-linux-x64-O2.tar,1,245760,0.582217,127948.039860,0.139229,3.846875,0.410416
./llvm-ft-clang-linux-x64-O3.tar,1,245760,0.583989,127469.384912,0.139905,3.840625,0.410232
./llvm-ft-clang-linux-x64-Of.tar,1,245760,0.587772,126445.896501,0.141353,3.853906,0.409894
./llvm-ft-clang-linux-x64-Og.tar,1,245760,0.561599,133472.823063,0.131523,3.881250,0.413148
./llvm-ft-clang-linux-x64-Os.tar,1,163840,0.667334,69542.569360,0.174249,3.800762,0.386367
./llvm-ft-clang-linux-x64-static.tar,1,6963200,0.934759,620218.781954,0.350776,3.331146,0.310164
./llvm-ft-gcc-linux-x64-debug.tar,1,327680,0.702013,125749.975781,0.190259,3.869909,0.302293
./llvm-ft-gcc-linux-x64-O0.tar,1,245760,0.572174,130649.167253,0.135441,3.832031,0.379103
./llvm-ft-gcc-linux-x64-O1.tar,1,245760,0.532229,141204.727360,0.121000,3.867188,0.427633
./llvm-ft-gcc-linux-x64-O2.tar,1,245760,0.565156,132525.312907,0.132833,3.849219,0.416292
./llvm-ft-gcc-linux-x64-O3.tar,1,245760,0.712204,91333.139648,0.195190,3.754688,0.360759
./llvm-ft-gcc-linux-x64-Of.tar,1,245760,0.715048,90498.657048,0.196586,3.766406,0.359042
./llvm-ft-gcc-linux-x64-Og.tar,1,245760,0.525757,142886.400000,0.118750,3.858594,0.434996
./llvm-ft-gcc-linux-x64-Os.tar,1,163840,0.641512,74414.884790,0.163031,3.792558,0.411306
./llvm-ft-gcc-linux-x64-static.tar,1,6963200,0.930976,655596.710364,0.346579,3.354583,0.310804
./llvm-gs-clang-linux-x64-debug.tar,1,5488640,0.905983,699679.853580,0.321480,3.634373,0.214369
./llvm-gs-clang-linux-x64-O0.tar,1,2621440,0.932934,239923.158112,0.348736,3.272627,0.286965
./llvm-gs-clang-linux-x64-O1.tar,1,2211840,0.895929,311359.582048,0.312404,3.557726,0.288403
./llvm-gs-clang-linux-x64-O2.tar,1,2211840,0.901558,294919.467773,0.317424,3.538281,0.292563
./llvm-gs-clang-linux-x64-O3.tar,1,2293760,0.901280,306684.789636,0.317172,3.544469,0.289001
./llvm-gs-clang-linux-x64-Of.tar,1,2293760,0.901088,307267.189455,0.316999,3.542628,0.289244
./llvm-gs-clang-linux-x64-Og.tar,1,2375680,0.893498,342031.762022,0.310282,3.561635,0.281264
./llvm-gs-clang-linux-x64-Os.tar,1,1884160,0.896942,262713.283035,0.313297,3.572721,0.281577
./llvm-gs-clang-linux-x64-static.tar,1,12779520,0.961331,678930.522389,0.384754,3.209645,0.282787
./llvm-gs-gcc-linux-x64-debug.tar,1,5324800,0.871771,918156.285243,0.292376,3.680997,0.247790
./llvm-gs-gcc-linux-x64-O0.tar,1,2539520,0.917328,285444.563081,0.332369,3.353344,0.283673
./llvm-gs-gcc-linux-x64-O1.tar,1,2129920,0.886840,325295.379584,0.304599,3.565141,0.289310
./llvm-gs-gcc-linux-x64-O2.tar,1,2211840,0.893486,318478.954174,0.310271,3.574913,0.297712
./llvm-gs-gcc-linux-x64-O3.tar,1,2457600,0.906821,310561.672345,0.322259,3.546328,0.286105
./llvm-gs-gcc-linux-x64-Of.tar,1,2457600,0.906809,310601.487671,0.322247,3.548047,0.285682
./llvm-gs-gcc-linux-x64-Og.tar,1,2048000,0.897545,283929.981893,0.313830,3.538743,0.286264
./llvm-gs-gcc-linux-x64-Os.tar,1,1802240,0.886568,275892.911135,0.304371,3.556597,0.290541
./llvm-gs-gcc-linux-x64-static.tar,1,12451840,0.961375,660766.037858,0.384820,3.228581,0.276481
./llvm-health-clang-linux-x64-debug.tar,1,327680,0.582340,170553.134814,0.139276,3.895693,0.363012
./llvm-health-clang-linux-x64-O0.tar,1,245760,0.472661,156375.722021,0.101160,3.868750,0.436232
./llvm-health-clang-linux-x64-O1.tar,1,163840,0.550125,91008.618774,0.127350,3.887489,0.424149
./llvm-health-clang-linux-x64-O2.tar,1,163840,0.549684,91086.146509,0.127191,3.875769,0.422051
./llvm-health-clang-linux-x64-O3.tar,1,163840,0.561987,88913.112891,0.131665,3.885145,0.420395
./llvm-health-clang-linux-x64-Of.tar,1,163840,0.568922,87679.814062,0.134229,3.880457,0.419592
./llvm-health-clang-linux-x64-Og.tar,1,163840,0.568380,87776.404321,0.134027,3.871081,0.413386
./llvm-health-clang-linux-x64-Os.tar,1,163840,0.530083,94508.777441,0.120251,3.886317,0.430329
./llvm-health-clang-linux-x64-static.tar,1,7045120,0.934778,627339.507122,0.350797,3.329577,0.311609
./llvm-health-gcc-linux-x64-debug.tar,1,327680,0.544395,184029.114856,0.125296,3.914445,0.373620
./llvm-health-gcc-linux-x64-O0.tar,1,245760,0.465010,158273.544010,0.098747,3.892969,0.418881
./llvm-health-gcc-linux-x64-O1.tar,1,163840,0.554801,90184.699316,0.129041,3.891005,0.407565
./llvm-health-gcc-linux-x64-O2.tar,1,163840,0.572440,87051.815649,0.135541,3.879285,0.418817
./llvm-health-gcc-linux-x64-O3.tar,1,163840,0.598109,82423.701563,0.145361,3.861705,0.426012
./llvm-health-gcc-linux-x64-Of.tar,1,163840,0.604592,81242.055566,0.147913,3.855845,0.423763
./llvm-health-gcc-linux-x64-Og.tar,1,163840,0.544540,91989.079321,0.125348,3.888661,0.414510
./llvm-health-gcc-linux-x64-Os.tar,1,163840,0.522554,95810.449829,0.117645,3.891005,0.422545
./llvm-health-gcc-linux-x64-static.tar,1,6963200,0.934517,622491.449063,0.350503,3.344657,0.309076
./llvm-hexxagon-clang-linux-x64-debug.tar,1,901120,0.839431,193025.394620,0.268588,3.802695,0.261923
./llvm-hexxagon-clang-linux-x64-O0.tar,1,409600,0.815461,100235.560000,0.252656,3.622173,0.350643
./llvm-hexxagon-clang-linux-x64-O1.tar,1,327680,0.872355,56252.898633,0.292834,3.558746,0.336426
./llvm-hexxagon-clang-linux-x64-O2.tar,1,327680,0.866013,58956.225781,0.287915,3.586288,0.326267
./llvm-hexxagon-clang-linux-x64-O3.tar,1,409600,0.781033,117904.244541,0.231741,3.670456,0.372840
./llvm-hexxagon-clang-linux-x64-Of.tar,1,409600,0.782491,117162.871963,0.232585,3.663893,0.372597
./llvm-hexxagon-clang-linux-x64-Og.tar,1,409600,0.800562,107922.515869,0.243347,3.653580,0.371395
./llvm-hexxagon-clang-linux-x64-Os.tar,1,327680,0.791238,90161.466846,0.237726,3.712863,0.361313
./llvm-hexxagon-clang-linux-x64-static.tar,1,20643840,0.960879,1109419.353874,0.384090,3.301832,0.252335
./llvm-hexxagon-gcc-linux-x64-debug.tar,1,983040,0.813406,243119.132878,0.251347,3.843555,0.269133
./llvm-hexxagon-gcc-linux-x64-O0.tar,1,409600,0.801301,107543.003906,0.243799,3.642330,0.339462
./llvm-hexxagon-gcc-linux-x64-O1.tar,1,327680,0.814330,80656.906689,0.251935,3.631409,0.358926
./llvm-hexxagon-gcc-linux-x64-O2.tar,1,327680,0.825140,76166.724622,0.258939,3.648989,0.349585
./llvm-hexxagon-gcc-linux-x64-O3.tar,1,409600,0.792011,112306.671104,0.238186,3.664831,0.378298
./llvm-hexxagon-gcc-linux-x64-Of.tar,1,409600,0.793714,111434.957852,0.239204,3.642330,0.377633
./llvm-hexxagon-gcc-linux-x64-Og.tar,1,327680,0.818935,78747.328174,0.254889,3.622033,0.356870
./llvm-hexxagon-gcc-linux-x64-Os.tar,1,327680,0.771543,98172.888684,0.226321,3.719895,0.367776
./llvm-hexxagon-gcc-linux-x64-static.tar,1,20316160,0.960112,1113016.996018,0.382969,3.320917,0.249268
./llvm-ks-clang-linux-x64-debug.tar,1,327680,0.675702,135893.067627,0.178009,3.878113,0.313634
./llvm-ks-clang-linux-x64-O0.tar,1,245760,0.571161,130920.539860,0.135063,3.845312,0.394807
./llvm-ks-clang-linux-x64-O1.tar,1,245760,0.549464,136687.384131,0.127112,3.883594,0.405974
./llvm-ks-clang-linux-x64-O2.tar,1,245760,0.559801,133950.796891,0.130863,3.871875,0.401695
./llvm-ks-clang-linux-x64-O3.tar,1,245760,0.570517,131092.846940,0.134823,3.864063,0.399828
./llvm-ks-clang-linux-x64-Of.tar,1,245760,0.576089,129598.442204,0.136910,3.863281,0.400662
./llvm-ks-clang-linux-x64-Og.tar,1,245760,0.558277,134355.676042,0.130306,3.873438,0.404081
./llvm-ks-clang-linux-x64-Os.tar,1,245760,0.516103,145379.884440,0.115438,3.891406,0.417454
./llvm-ks-clang-linux-x64-static.tar,1,8028160,0.947255,579828.125144,0.365627,3.245359,0.308915
./llvm-ks-gcc-linux-x64-debug.tar,1,327680,0.672912,136959.007922,0.176749,3.861705,0.327814
./llvm-ks-gcc-linux-x64-O0.tar,1,245760,0.587359,126557.819010,0.141195,3.820312,0.386790
./llvm-ks-gcc-linux-x64-O1.tar,1,245760,0.541390,138810.587565,0.124227,3.882031,0.410562
./llvm-ks-gcc-linux-x64-O2.tar,1,245760,0.553612,135591.805485,0.128609,3.888281,0.409594
./llvm-ks-gcc-linux-x64-O3.tar,1,245760,0.613109,119522.487565,0.151310,3.856250,0.394158
./llvm-ks-gcc-linux-x64-Of.tar,1,245760,0.615181,118951.320329,0.152144,3.852344,0.391240
./llvm-ks-gcc-linux-x64-Og.tar,1,245760,0.517476,145026.302490,0.115906,3.891406,0.424185
./llvm-ks-gcc-linux-x64-Os.tar,1,163840,0.636882,75280.025415,0.161078,3.845297,0.379765
./llvm-ks-gcc-linux-x64-static.tar,1,7946240,0.947186,574650.075969,0.365541,3.251084,0.306137
./llvm-lua-clang-linux-x64-debug.tar,1,4341760,0.896698,606781.364469,0.313081,3.643970,0.205634
./llvm-lua-clang-linux-x64-O0.tar,1,2129920,0.924057,220272.114500,0.339207,3.313366,0.276910
./llvm-lua-clang-linux-x64-O1.tar,1,1884160,0.900469,253939.540220,0.316441,3.431279,0.319739
./llvm-lua-clang-linux-x64-O2.tar,1,1802240,0.928146,176521.635940,0.343519,3.378576,0.290873
./llvm-lua-clang-linux-x64-O3.tar,1,1884160,0.925155,192090.788063,0.340352,3.383385,0.295156
./llvm-lua-clang-linux-x64-Of.tar,1,1884160,0.924763,193078.041408,0.339942,3.387461,0.295921
./llvm-lua-clang-linux-x64-Og.tar,1,1884160,0.909971,230221.974490,0.325223,3.432706,0.300532
./llvm-lua-clang-linux-x64-Os.tar,1,1638400,0.886401,251170.115977,0.304231,3.479214,0.316200
./llvm-lua-clang-linux-x64-static.tar,1,13189120,0.963334,664704.665065,0.387753,3.219035,0.278039
./llvm-lua-gcc-linux-x64-debug.tar,1,4341760,0.869741,760125.530251,0.290791,3.642776,0.237396
./llvm-lua-gcc-linux-x64-O0.tar,1,2211840,0.913788,259040.046226,0.328890,3.319097,0.269478
./llvm-lua-gcc-linux-x64-O1.tar,1,1720320,0.900124,232641.709905,0.316131,3.419085,0.307087
./llvm-lua-gcc-linux-x64-O2.tar,1,1884160,0.909007,232633.187806,0.324310,3.406721,0.312060
./llvm-lua-gcc-linux-x64-O3.tar,1,2048000,0.927022,203676.744500,0.342320,3.357990,0.298858
./llvm-lua-gcc-linux-x64-Of.tar,1,2048000,0.926923,203946.781570,0.342216,3.361740,0.299085
./llvm-lua-gcc-linux-x64-Og.tar,1,1802240,0.897148,250800.906286,0.313479,3.424493,0.312342
./llvm-lua-gcc-linux-x64-Os.tar,1,1556480,0.889963,231331.210619,0.307241,3.444767,0.318552
./llvm-lua-gcc-linux-x64-static.tar,1,13025280,0.964069,643402.975452,0.388873,3.217423,0.272445
./llvm-mason-clang-linux-x64-debug.tar,1,245760,0.615644,118823.343896,0.152332,3.845312,0.400110
./llvm-mason-clang-linux-x64-O0.tar,1,163840,0.596093,82790.094946,0.144574,3.777322,0.453621
./llvm-mason-clang-linux-x64-O1.tar,1,163840,0.473948,104036.812524,0.101569,3.926165,0.407389
./llvm-mason-clang-linux-x64-O2.tar,1,163840,0.481693,102746.731665,0.104047,3.934369,0.397708
./llvm-mason-clang-linux-x64-O3.tar,1,163840,0.485681,102079.449316,0.105334,3.933197,0.399487
./llvm-mason-clang-linux-x64-Of.tar,1,163840,0.492370,100955.396118,0.107513,3.926165,0.398835
./llvm-mason-clang-linux-x64-Og.tar,1,163840,0.482451,102620.065649,0.104291,3.917961,0.409473
./llvm-mason-clang-linux-x64-Os.tar,1,163840,0.477432,103457.505103,0.102679,3.932025,0.399826
./llvm-mason-clang-linux-x64-static.tar,1,8028160,0.946265,590571.364410,0.364388,3.249951,0.311399
./llvm-mason-gcc-linux-x64-debug.tar,1,245760,0.672137,102941.126042,0.176400,3.787500,0.360253
./llvm-mason-gcc-linux-x64-O0.tar,1,245760,0.537491,139831.554704,0.122847,3.789844,0.422516
./llvm-mason-gcc-linux-x64-O1.tar,1,163840,0.532793,94038.475806,0.121198,3.900381,0.392793
./llvm-mason-gcc-linux-x64-O2.tar,1,163840,0.541986,92436.206641,0.124438,3.895693,0.405186
./llvm-mason-gcc-linux-x64-O3.tar,1,163840,0.542003,92433.202173,0.124445,3.895693,0.405211
./llvm-mason-gcc-linux-x64-Of.tar,1,163840,0.547748,91426.465454,0.126495,3.891005,0.405857
./llvm-mason-gcc-linux-x64-Og.tar,1,245760,0.433169,166045.052344,0.089014,3.917969,0.419682
./llvm-mason-gcc-linux-x64-Os.tar,1,163840,0.471795,104394.113306,0.100885,3.922649,0.398848
./llvm-mason-gcc-linux-x64-static.tar,1,7946240,0.946673,580163.159674,0.364897,3.253887,0.308089
./llvm-minisat-clang-linux-x64-debug.tar,1,1228800,0.895579,173544.800833,0.312096,3.709687,0.225329
./llvm-minisat-clang-linux-x64-O0.tar,1,573440,0.898310,78921.257143,0.314509,3.405324,0.309147
./llvm-minisat-clang-linux-x64-O1.tar,1,409600,0.750288,133400.714150,0.214656,3.715458,0.378854
./llvm-minisat-clang-linux-x64-O2.tar,1,409600,0.783637,116579.566406,0.233252,3.686863,0.364713
./llvm-minisat-clang-linux-x64-O3.tar,1,409600,0.791437,112600.094150,0.237844,3.671393,0.363986
./llvm-minisat-clang-linux-x64-Of.tar,1,409600,0.798394,109036.167539,0.242026,3.658737,0.359178
./llvm-minisat-clang-linux-x64-Og.tar,1,409600,0.747910,134588.093906,0.213389,3.718739,0.375169
./llvm-minisat-clang-linux-x64-Os.tar,1,327680,0.820429,78126.953137,0.255856,3.668327,0.331829
./llvm-minisat-clang-linux-x64-static.tar,1,9256960,0.948808,649136.279537,0.367595,3.266529,0.300750
./llvm-minisat-gcc-linux-x64-debug.tar,1,1392640,0.844466,289319.363629,0.272103,3.822700,0.226995
./llvm-minisat-gcc-linux-x64-O0.tar,1,573440,0.863485,105055.031278,0.285990,3.592834,0.276271
./llvm-minisat-gcc-linux-x64-O1.tar,1,409600,0.763024,127014.277588,0.221570,3.694832,0.363662
./llvm-minisat-gcc-linux-x64-O2.tar,1,409600,0.786235,115256.006289,0.234771,3.659674,0.361020
./llvm-minisat-gcc-linux-x64-O3.tar,1,409600,0.823413,96107.750156,0.257803,3.615141,0.343001
./llvm-minisat-gcc-linux-x64-Of.tar,1,409600,0.823919,95844.420156,0.258135,3.616548,0.342686
./llvm-minisat-gcc-linux-x64-Og.tar,1,409600,0.789529,113575.318838,0.236711,3.704676,0.353608
./llvm-minisat-gcc-linux-x64-Os.tar,1,327680,0.785920,92333.433118,0.234586,3.693525,0.339204
./llvm-minisat-gcc-linux-x64-static.tar,1,9175040,0.946563,671252.158312,0.364759,3.282538,0.298337
./llvm-mst-clang-linux-x64-debug.tar,1,245760,0.679054,100957.398503,0.179533,3.897656,0.325123
./llvm-mst-clang-linux-x64-O0.tar,1,163840,0.577525,86141.601562,0.137451,3.857017,0.405856
./llvm-mst-clang-linux-x64-O1.tar,1,163840,0.510730,97839.917603,0.113617,3.885145,0.433213
./llvm-mst-clang-linux-x64-O2.tar,1,163840,0.511074,97781.196191,0.113733,3.892177,0.432445
./llvm-mst-clang-linux-x64-O3.tar,1,163840,0.519013,96420.125391,0.116431,3.882801,0.436131
./llvm-mst-clang-linux-x64-Of.tar,1,163840,0.526181,95184.414062,0.118896,3.871081,0.436317
./llvm-mst-clang-linux-x64-Og.tar,1,163840,0.516939,96776.406250,0.115723,3.879285,0.430630
./llvm-mst-clang-linux-x64-Os.tar,1,163840,0.498858,99859.424438,0.109650,3.889833,0.438955
./llvm-mst-clang-linux-x64-static.tar,1,6881280,0.936141,600143.512893,0.352340,3.335156,0.309924
./llvm-mst-gcc-linux-x64-debug.tar,1,245760,0.645963,110370.981510,0.164925,3.877344,0.344378
./llvm-mst-gcc-linux-x64-O0.tar,1,163840,0.578946,85886.556250,0.137988,3.815998,0.407339
./llvm-mst-gcc-linux-x64-O1.tar,1,163840,0.511562,97697.780298,0.113898,3.879285,0.436427
./llvm-mst-gcc-linux-x64-O2.tar,1,163840,0.523317,95678.964941,0.117908,3.875769,0.438037
./llvm-mst-gcc-linux-x64-O3.tar,1,163840,0.548054,91372.688696,0.126605,3.867565,0.430474
./llvm-mst-gcc-linux-x64-Of.tar,1,163840,0.554330,90267.813379,0.128870,3.858189,0.429839
./llvm-mst-gcc-linux-x64-Og.tar,1,163840,0.542604,92328.076563,0.124658,3.864049,0.435842
./llvm-mst-gcc-linux-x64-Os.tar,1,163840,0.482281,102648.558691,0.104236,3.880457,0.445020
./llvm-mst-gcc-linux-x64-static.tar,1,6799360,0.935749,596574.515399,0.351895,3.340106,0.307305
./llvm-network-dijkstra-clang-linux-x64-debug.tar,1,245760,0.498483,149884.397282,0.109526,3.950781,0.391503
./llvm-network-dijkstra-clang-linux-x64-O0.tar,1,163840,0.455917,107009.326782,0.095917,3.927337,0.431575
./llvm-network-dijkstra-clang-linux-x64-O1.tar,1,163840,0.466864,105209.895410,0.099329,3.926165,0.436603
./llvm-network-dijkstra-clang-linux-x64-O2.tar,1,163840,0.470773,104563.406641,0.100562,3.913273,0.436607
./llvm-network-dijkstra-clang-linux-x64-O3.tar,1,163840,0.483738,102404.912720,0.104706,3.915617,0.429512
./llvm-network-dijkstra-clang-linux-x64-Of.tar,1,163840,0.490429,101282.209009,0.106879,3.915617,0.428433
./llvm-network-dijkstra-clang-linux-x64-Og.tar,1,163840,0.472719,104240.909399,0.101178,3.924993,0.432139
./llvm-network-dijkstra-clang-linux-x64-Os.tar,1,163840,0.448185,108270.528223,0.093542,3.922649,0.444659
./llvm-network-dijkstra-clang-linux-x64-static.tar,1,8028160,0.945467,599237.614734,0.363397,3.251266,0.312305
./llvm-network-dijkstra-gcc-linux-x64-debug.tar,1,245760,0.499282,149681.419336,0.109790,3.946875,0.395994
./llvm-network-dijkstra-gcc-linux-x64-O0.tar,1,163840,0.470696,104576.189062,0.100537,3.923821,0.421299
./llvm-network-dijkstra-gcc-linux-x64-O1.tar,1,163840,0.449424,108069.019141,0.093921,3.936713,0.435620
./llvm-network-dijkstra-gcc-linux-x64-O2.tar,1,163840,0.474505,103944.396973,0.101746,3.915617,0.436753
./llvm-network-dijkstra-gcc-linux-x64-O3.tar,1,163840,0.500994,99497.507837,0.110358,3.900381,0.435272
./llvm-network-dijkstra-gcc-linux-x64-Of.tar,1,163840,0.508556,98211.196899,0.112885,3.902725,0.436284
./llvm-network-dijkstra-gcc-linux-x64-Og.tar,1,163840,0.445560,108696.914673,0.092743,3.928509,0.439349
./llvm-network-dijkstra-gcc-linux-x64-Os.tar,1,163840,0.436559,110151.584473,0.090027,3.932025,0.446883
./llvm-network-dijkstra-gcc-linux-x64-static.tar,1,7946240,0.945703,590588.715289,0.363689,3.256811,0.310382
./llvm-network-patricia-clang-linux-x64-debug.tar,1,245760,0.651532,108800.416667,0.167318,3.903125,0.331774
./llvm-network-patricia-clang-linux-x64-O0.tar,1,163840,0.578817,85909.726562,0.137939,3.861705,0.401876
./llvm-network-patricia-clang-linux-x64-O1.tar,1,163840,0.467038,105181.049048,0.099384,3.903897,0.452974
./llvm-network-patricia-clang-linux-x64-O2.tar,1,163840,0.476305,103645.125391,0.102319,3.896865,0.451183
./llvm-network-patricia-clang-linux-x64-O3.tar,1,163840,0.488875,101543.409766,0.106372,3.900381,0.455315
./llvm-network-patricia-clang-linux-x64-Of.tar,1,163840,0.495011,100510.023657,0.108380,3.887489,0.456119
./llvm-network-patricia-clang-linux-x64-Og.tar,1,163840,0.473833,104055.938110,0.101532,3.901553,0.448348
./llvm-network-patricia-clang-linux-x64-Os.tar,1,163840,0.465250,105476.109399,0.098822,3.907413,0.455485
./llvm-network-patricia-clang-linux-x64-static.tar,1,8355840,0.947423,601600.543440,0.365838,3.235340,0.311889
./llvm-network-patricia-gcc-linux-x64-debug.tar,1,245760,0.646372,110255.745850,0.165100,3.855469,0.363444
./llvm-network-patricia-gcc-linux-x64-O0.tar,1,245760,0.468467,157417.627360,0.099833,3.861719,0.445068
./llvm-network-patricia-gcc-linux-x64-O1.tar,1,163840,0.490148,101329.389063,0.106787,3.895693,0.449629
./llvm-network-patricia-gcc-linux-x64-O2.tar,1,163840,0.487224,101820.712891,0.105835,3.892177,0.442754
./llvm-network-patricia-gcc-linux-x64-O3.tar,1,163840,0.545087,91893.193384,0.125543,3.855845,0.425909
./llvm-network-patricia-gcc-linux-x64-Of.tar,1,163840,0.552392,90609.576196,0.128168,3.869909,0.424501
./llvm-network-patricia-gcc-linux-x64-Og.tar,1,163840,0.479167,103168.457910,0.103235,3.906241,0.446726
./llvm-network-patricia-gcc-linux-x64-Os.tar,1,163840,0.451098,107796.306250,0.094434,3.900381,0.451999
./llvm-network-patricia-gcc-linux-x64-static.tar,1,8273920,0.947454,595352.161744,0.365878,3.249836,0.310304
./llvm-neural-clang-linux-x64-debug.tar,1,327680,0.622217,156006.792004,0.155002,3.871667,0.372622
./llvm-neural-clang-linux-x64-O0.tar,1,245760,0.555887,134989.337565,0.129435,3.834375,0.440321
./llvm-neural-clang-linux-x64-O1.tar,1,245760,0.500730,149313.287760,0.110270,3.888281,0.453087
./llvm-neural-clang-linux-x64-O2.tar,1,245760,0.574281,130083.984375,0.136230,3.832031,0.452851
./llvm-neural-clang-linux-x64-O3.tar,1,245760,0.651419,108832.356510,0.167269,3.773438,0.442830
./llvm-neural-clang-linux-x64-Of.tar,1,245760,0.650523,109085.379053,0.166882,3.782031,0.441857
./llvm-neural-clang-linux-x64-Og.tar,1,245760,0.504445,148366.969010,0.111507,3.867969,0.449570
./llvm-neural-clang-linux-x64-Os.tar,1,163840,0.622702,77913.722266,0.155200,3.811310,0.412613
./llvm-neural-clang-linux-x64-static.tar,1,8110080,0.946783,590923.766337,0.365034,3.251847,0.309487
./llvm-neural-gcc-linux-x64-debug.tar,1,327680,0.664366,140213.211377,0.172931,3.844125,0.353485
./llvm-neural-gcc-linux-x64-O0.tar,1,245760,0.618338,118079.111735,0.153422,3.792969,0.411878
./llvm-neural-gcc-linux-x64-O1.tar,1,245760,0.513708,145995.834961,0.114624,3.878906,0.439879
./llvm-neural-gcc-linux-x64-O2.tar,1,245760,0.539783,139231.772461,0.123657,3.874219,0.436619
./llvm-neural-gcc-linux-x64-O3.tar,1,245760,0.590245,125775.401188,0.142306,3.830469,0.439028
./llvm-neural-gcc-linux-x64-Of.tar,1,245760,0.583712,127544.295719,0.139799,3.842188,0.431108
./llvm-neural-gcc-linux-x64-Og.tar,1,245760,0.530294,141708.487646,0.120325,3.884375,0.443506
./llvm-neural-gcc-linux-x64-Os.tar,1,163840,0.596735,82673.556250,0.144824,3.833577,0.420844
./llvm-neural-gcc-linux-x64-static.tar,1,8028160,0.947476,577434.463411,0.365905,3.252534,0.305946
./llvm-paq8p-clang-linux-x64-debug.tar,1,2129920,0.907629,266872.218842,0.323014,3.574336,0.247871
./llvm-paq8p-clang-linux-x64-O0.tar,1,1310720,0.917104,147718.506165,0.332146,3.330697,0.317081
./llvm-paq8p-clang-linux-x64-O1.tar,1,1146880,0.907377,144082.643359,0.322778,3.576278,0.248307
./llvm-paq8p-clang-linux-x64-O2.tar,1,1228800,0.899327,167467.290003,0.315416,3.569062,0.264231
./llvm-paq8p-clang-linux-x64-O3.tar,1,1310720,0.903893,170717.664563,0.319551,3.559218,0.260082
./llvm-paq8p-clang-linux-x64-Of.tar,1,1310720,0.904036,170469.457141,0.319682,3.572402,0.260040
./llvm-paq8p-clang-linux-x64-Og.tar,1,1146880,0.900027,155241.603571,0.316044,3.566233,0.252280
./llvm-paq8p-clang-linux-x64-Os.tar,1,1064960,0.881684,169845.241891,0.300322,3.603173,0.267902
./llvm-paq8p-clang-linux-x64-static.tar,1,9502720,0.938112,803559.795745,0.354603,3.330899,0.302312
./llvm-paq8p-gcc-linux-x64-debug.tar,1,2211840,0.884787,343763.165690,0.302884,3.650174,0.221919
./llvm-paq8p-gcc-linux-x64-O0.tar,1,1310720,0.909923,160238.564258,0.325177,3.433824,0.265702
./llvm-paq8p-gcc-linux-x64-O1.tar,1,1228800,0.907503,154168.752035,0.322896,3.548594,0.237990
./llvm-paq8p-gcc-linux-x64-O2.tar,1,1310720,0.914113,152937.752591,0.329206,3.508972,0.256803
./llvm-paq8p-gcc-linux-x64-O3.tar,1,1556480,0.927596,153596.671145,0.342931,3.482267,0.253107
./llvm-paq8p-gcc-linux-x64-Of.tar,1,1638400,0.910765,198464.681289,0.325979,3.504058,0.269976
./llvm-paq8p-gcc-linux-x64-Og.tar,1,1064960,0.886700,162843.931791,0.304481,3.553592,0.285258
./llvm-paq8p-gcc-linux-x64-Os.tar,1,901120,0.886598,137911.244536,0.304396,3.566612,0.279830
./llvm-paq8p-gcc-linux-x64-static.tar,1,9420800,0.936463,817535.129450,0.352708,3.360949,0.294398
./llvm-pcompress2-clang-linux-x64-debug.tar,1,327680,0.767206,99925.617383,0.223889,3.829476,0.310485
./llvm-pcompress2-clang-linux-x64-O0.tar,1,245760,0.627397,115566.759375,0.157129,3.779688,0.422182
./llvm-pcompress2-clang-linux-x64-O1.tar,1,245760,0.544922,137883.230485,0.125484,3.851562,0.433353
./llvm-pcompress2-clang-linux-x64-O2.tar,1,245760,0.599179,123343.502751,0.145780,3.840625,0.431384
./llvm-pcompress2-clang-linux-x64-O3.tar,1,245760,0.605393,121643.479834,0.148230,3.836719,0.432727
./llvm-pcompress2-clang-linux-x64-Of.tar,1,245760,0.610034,120369.205876,0.150077,3.828906,0.432686
./llvm-pcompress2-clang-linux-x64-Og.tar,1,245760,0.546800,137389.312760,0.126156,3.852344,0.428369
./llvm-pcompress2-clang-linux-x64-Os.tar,1,245760,0.525074,143063.354753,0.118514,3.875000,0.431452
./llvm-pcompress2-clang-linux-x64-static.tar,1,7045120,0.933384,640539.264290,0.349236,3.339252,0.311125
./llvm-pcompress2-gcc-linux-x64-debug.tar,1,327680,0.769095,99162.803955,0.224945,3.824202,0.309584
./llvm-pcompress2-gcc-linux-x64-O0.tar,1,245760,0.637893,112636.876969,0.161503,3.778125,0.413145
./llvm-pcompress2-gcc-linux-x64-O1.tar,1,245760,0.553679,135573.979313,0.128634,3.867969,0.424718
./llvm-pcompress2-gcc-linux-x64-O2.tar,1,245760,0.591014,125566.594336,0.142603,3.854687,0.430185
./llvm-pcompress2-gcc-linux-x64-O3.tar,1,245760,0.672535,102827.250260,0.176579,3.839844,0.382003
./llvm-pcompress2-gcc-linux-x64-Of.tar,1,245760,0.674529,102256.236475,0.177478,3.851562,0.381229
./llvm-pcompress2-gcc-linux-x64-Og.tar,1,245760,0.578354,128989.168766,0.137764,3.847656,0.434619
./llvm-pcompress2-gcc-linux-x64-Os.tar,1,245760,0.509094,147179.014469,0.113066,3.872656,0.436281
./llvm-pcompress2-gcc-linux-x64-static.tar,1,6881280,0.934573,614647.627781,0.350566,3.340876,0.307855
./llvm-perimeter-clang-linux-x64-debug.tar,1,245760,0.618097,118145.664079,0.153324,3.897656,0.360511
./llvm-perimeter-clang-linux-x64-O0.tar,1,163840,0.546095,91716.534766,0.125903,3.849985,0.430643
./llvm-perimeter-clang-linux-x64-O1.tar,1,163840,0.471082,104512.284766,0.100659,3.900381,0.444914
./llvm-perimeter-clang-linux-x64-O2.tar,1,163840,0.471853,104384.534766,0.100903,3.906241,0.446846
./llvm-perimeter-clang-linux-x64-O3.tar,1,163840,0.475156,103836.100000,0.101953,3.896865,0.447503
./llvm-perimeter-clang-linux-x64-Of.tar,1,163840,0.482811,102559.926660,0.104407,3.903897,0.448434
./llvm-perimeter-clang-linux-x64-Og.tar,1,163840,0.479243,103155.761816,0.103259,3.878113,0.441898
./llvm-perimeter-clang-linux-x64-Os.tar,1,163840,0.470734,104569.797754,0.100549,3.909757,0.444915
./llvm-perimeter-clang-linux-x64-static.tar,1,6881280,0.935969,601734.569206,0.352144,3.329046,0.310355
./llvm-perimeter-gcc-linux-x64-debug.tar,1,245760,0.580267,128473.861084,0.138489,3.885156,0.378716
./llvm-perimeter-gcc-linux-x64-O0.tar,1,163840,0.545463,91827.300806,0.125677,3.830062,0.430656
./llvm-perimeter-gcc-linux-x64-O1.tar,1,163840,0.479395,103130.371973,0.103308,3.888661,0.458735
./llvm-perimeter-gcc-linux-x64-O2.tar,1,163840,0.517280,96718.004907,0.115839,3.871081,0.454605
./llvm-perimeter-gcc-linux-x64-O3.tar,1,245760,0.640459,111917.707178,0.162585,3.772656,0.421528
./llvm-perimeter-gcc-linux-x64-Of.tar,1,245760,0.644198,110867.449365,0.164172,3.763281,0.420279
./llvm-perimeter-gcc-linux-x64-Og.tar,1,163840,0.501563,99400.900000,0.110547,3.864049,0.457162
./llvm-perimeter-gcc-linux-x64-Os.tar,1,163840,0.466747,105229.128516,0.099292,3.895693,0.454640
./llvm-perimeter-gcc-linux-x64-static.tar,1,6799360,0.935245,601185.293910,0.351324,3.343071,0.307670
./llvm-pifft-clang-linux-x64-debug.tar,1,1228800,0.918613,136013.828451,0.333651,3.558125,0.196641
./llvm-pifft-clang-linux-x64-O0.tar,1,737280,0.930970,69422.244797,0.346573,3.268229,0.284710
./llvm-pifft-clang-linux-x64-O1.tar,1,655360,0.880830,105253.172369,0.299623,3.575771,0.304920
./llvm-pifft-clang-linux-x64-O2.tar,1,737280,0.878910,120260.663281,0.298063,3.630469,0.292230
./llvm-pifft-clang-linux-x64-O3.tar,1,819200,0.928286,80083.771919,0.343668,3.609750,0.243529
./llvm-pifft-clang-linux-x64-Of.tar,1,819200,0.929948,78258.333989,0.345460,3.594984,0.240966
./llvm-pifft-clang-linux-x64-Og.tar,1,655360,0.893065,94727.639160,0.309906,3.576064,0.285314
./llvm-pifft-clang-linux-x64-Os.tar,1,491520,0.870635,85480.063021,0.291488,3.631250,0.300217
./llvm-pifft-clang-linux-x64-static.tar,1,9256960,0.956745,549519.852062,0.378178,3.225006,0.294199
./llvm-pifft-gcc-linux-x64-debug.tar,1,1310720,0.911996,156628.406689,0.327158,3.321468,0.286424
./llvm-pifft-gcc-linux-x64-O0.tar,1,901120,0.936512,78140.321751,0.352763,3.044798,0.339979
./llvm-pifft-gcc-linux-x64-O1.tar,1,573440,0.868821,101080.237751,0.290077,3.551314,0.320103
./llvm-pifft-gcc-linux-x64-O2.tar,1,573440,0.877884,94305.546010,0.297234,3.580110,0.307401
./llvm-pifft-gcc-linux-x64-O3.tar,1,737280,0.886681,112756.395920,0.304465,3.572917,0.293337
./llvm-pifft-gcc-linux-x64-Of.tar,1,737280,0.921095,79166.206646,0.336159,3.522656,0.256864
./llvm-pifft-gcc-linux-x64-Og.tar,1,573440,0.849427,115472.709047,0.275630,3.574418,0.336940
./llvm-pifft-gcc-linux-x64-Os.tar,1,491520,0.883818,77016.500033,0.302079,3.523047,0.304353
./llvm-pifft-gcc-linux-x64-static.tar,1,8847360,0.951257,591067.867680,0.370764,3.210135,0.303510
./llvm-power-clang-linux-x64-debug.tar,1,327680,0.704803,124664.517200,0.191599,3.813654,0.344996
./llvm-power-clang-linux-x64-O0.tar,1,245760,0.624024,116504.004313,0.155741,3.761719,0.443863
./llvm-power-clang-linux-x64-O1.tar,1,245760,0.601892,122602.175798,0.146847,3.825000,0.437080
./llvm-power-clang-linux-x64-O2.tar,1,245760,0.579021,128809.562516,0.138017,3.873438,0.429297
./llvm-power-clang-linux-x64-O3.tar,1,245760,0.627160,115632.600000,0.157031,3.874219,0.419584
./llvm-power-clang-linux-x64-Of.tar,1,245760,0.592907,125052.469336,0.143335,3.886719,0.433242
./llvm-power-clang-linux-x64-Og.tar,1,245760,0.619400,117785.396501,0.153853,3.811719,0.427980
./llvm-power-clang-linux-x64-Os.tar,1,245760,0.530539,141644.709375,0.120410,3.878125,0.437316
./llvm-power-clang-linux-x64-static.tar,1,6881280,0.938018,582757.625149,0.354495,3.326507,0.306783
./llvm-power-gcc-linux-x64-debug.tar,1,327680,0.676234,135689.645520,0.178250,3.851743,0.354072
./llvm-power-gcc-linux-x64-O0.tar,1,245760,0.625025,116226.009375,0.156152,3.808594,0.427671
./llvm-power-gcc-linux-x64-O1.tar,1,245760,0.520997,144118.193376,0.117110,3.885937,0.452194
./llvm-power-gcc-linux-x64-O2.tar,1,245760,0.524850,143121.346501,0.118437,3.863281,0.453539
./llvm-power-gcc-linux-x64-O3.tar,1,245760,0.637700,112691.042985,0.161422,3.825000,0.423787
./llvm-power-gcc-linux-x64-Of.tar,1,245760,0.625342,116138.001042,0.156283,3.841406,0.426054
./llvm-power-gcc-linux-x64-Og.tar,1,245760,0.537341,139870.781315,0.122795,3.862500,0.449953
./llvm-power-gcc-linux-x64-Os.tar,1,163840,0.669234,69180.806250,0.175098,3.759742,0.410813
./llvm-power-gcc-linux-x64-static.tar,1,6881280,0.934220,617910.797085,0.350170,3.344643,0.308784
./llvm-security-rijndael-clang-linux-x64-debug.tar,1,573440,0.856955,109903.546903,0.281107,3.678888,0.231430
./llvm-security-rijndael-clang-linux-x64-O0.tar,1,491520,0.823880,115037.298470,0.258110,3.630078,0.280838
./llvm-security-rijndael-clang-linux-x64-O1.tar,1,409600,0.814486,100740.776260,0.252034,3.649830,0.323964
./llvm-security-rijndael-clang-linux-x64-O2.tar,1,409600,0.815113,100415.707119,0.252434,3.650299,0.324325
./llvm-security-rijndael-clang-linux-x64-O3.tar,1,409600,0.816852,99514.617275,0.253547,3.646549,0.323412
./llvm-security-rijndael-clang-linux-x64-Of.tar,1,409600,0.818302,98762.883057,0.254480,3.647017,0.323015
./llvm-security-rijndael-clang-linux-x64-Og.tar,1,409600,0.829183,93101.265625,0.261621,3.649361,0.311113
./llvm-security-rijndael-clang-linux-x64-Os.tar,1,409600,0.817836,99004.622500,0.254180,3.646549,0.315148
./llvm-security-rijndael-clang-linux-x64-static.tar,1,7208960,0.935987,630210.787811,0.352165,3.339326,0.302585
./llvm-security-rijndael-gcc-linux-x64-debug.tar,1,655360,0.794298,177818.057837,0.239554,3.698821,0.260890
./llvm-security-rijndael-gcc-linux-x64-O0.tar,1,573440,0.796014,154359.253376,0.240587,3.659468,0.263493
./llvm-security-rijndael-gcc-linux-x64-O1.tar,1,409600,0.817126,99372.711182,0.253723,3.643267,0.316720
./llvm-security-rijndael-gcc-linux-x64-O2.tar,1,409600,0.815816,100051.620713,0.252883,3.651705,0.323634
./llvm-security-rijndael-gcc-linux-x64-O3.tar,1,409600,0.831505,91888.554727,0.263179,3.628267,0.312697
./llvm-security-rijndael-gcc-linux-x64-Of.tar,1,409600,0.832023,91617.830869,0.263528,3.639517,0.313219
./llvm-security-rijndael-gcc-linux-x64-Og.tar,1,409600,0.826485,94508.209229,0.259827,3.634361,0.301308
./llvm-security-rijndael-gcc-linux-x64-Os.tar,1,409600,0.802570,106890.172275,0.244578,3.660612,0.323365
./llvm-security-rijndael-gcc-linux-x64-static.tar,1,7208960,0.934041,649072.827346,0.349969,3.353602,0.300868
./llvm-security-sha-clang-linux-x64-debug.tar,1,245760,0.616822,118498.149023,0.152808,3.811719,0.409972
./llvm-security-sha-clang-linux-x64-O0.tar,1,163840,0.555288,90098.657251,0.129218,3.732786,0.496239
./llvm-security-sha-clang-linux-x64-O1.tar,1,163840,0.491064,101175.308228,0.107086,3.896865,0.431578
./llvm-security-sha-clang-linux-x64-O2.tar,1,163840,0.503214,99120.691504,0.111096,3.901553,0.438251
./llvm-security-sha-clang-linux-x64-O3.tar,1,245760,0.529744,141851.281510,0.120133,3.848438,0.426420
./llvm-security-sha-clang-linux-x64-Of.tar,1,245760,0.533891,140771.484375,0.121582,3.851562,0.425994
./llvm-security-sha-clang-linux-x64-Og.tar,1,163840,0.480232,102990.783691,0.103577,3.907413,0.434208
./llvm-security-sha-clang-linux-x64-Os.tar,1,163840,0.461130,106154.384766,0.097534,3.907413,0.439444
./llvm-security-sha-clang-linux-x64-static.tar,1,6881280,0.935910,602275.250796,0.352078,3.330580,0.310635
./llvm-security-sha-gcc-linux-x64-debug.tar,1,245760,0.595347,124388.529313,0.144283,3.827344,0.421643
./llvm-security-sha-gcc-linux-x64-O0.tar,1,163840,0.552375,90612.550879,0.128162,3.746850,0.491502
./llvm-security-sha-gcc-linux-x64-O1.tar,1,163840,0.496067,100331.524316,0.108728,3.883973,0.433650
./llvm-security-sha-gcc-linux-x64-O2.tar,1,163840,0.544369,92019.053931,0.125287,3.882801,0.448406
./llvm-security-sha-gcc-linux-x64-O3.tar,1,163840,0.538678,93013.969141,0.123267,3.887489,0.442747
./llvm-security-sha-gcc-linux-x64-Of.tar,1,163840,0.547373,91492.214087,0.126361,3.878113,0.442913
./llvm-security-sha-gcc-linux-x64-Og.tar,1,163840,0.487468,101779.723853,0.105914,3.898037,0.440028
./llvm-security-sha-gcc-linux-x64-Os.tar,1,163840,0.436824,110108.951392,0.090106,3.923821,0.439579
./llvm-security-sha-gcc-linux-x64-static.tar,1,6799360,0.935353,600200.869014,0.351446,3.339089,0.308463
./llvm-sgefa-clang-linux-x64-debug.tar,1,409600,0.783335,116733.263906,0.233076,3.807805,0.274906
./llvm-sgefa-clang-linux-x64-O0.tar,1,327680,0.676611,135545.539856,0.178421,3.768532,0.382849
./llvm-sgefa-clang-linux-x64-O1.tar,1,245760,0.670779,103329.812565,0.175789,3.782812,0.408946
./llvm-sgefa-clang-linux-x64-O2.tar,1,327680,0.813250,81104.042004,0.251248,3.629065,0.364107
./llvm-sgefa-clang-linux-x64-O3.tar,1,327680,0.826826,75464.451611,0.260052,3.589218,0.361070
./llvm-sgefa-clang-linux-x64-Of.tar,1,327680,0.838260,70682.334424,0.267780,3.576326,0.354687
./llvm-sgefa-clang-linux-x64-Og.tar,1,245760,0.704658,93540.952148,0.191528,3.761719,0.384151
./llvm-sgefa-clang-linux-x64-Os.tar,1,245760,0.652106,108638.128271,0.167566,3.792969,0.413748
./llvm-sgefa-clang-linux-x64-static.tar,1,7127040,0.935293,629701.344040,0.351378,3.333028,0.308860
./llvm-sgefa-gcc-linux-x64-debug.tar,1,409600,0.741333,137863.690000,0.209922,3.836869,0.299571
./llvm-sgefa-gcc-linux-x64-O0.tar,1,327680,0.645465,147348.116321,0.164713,3.804864,0.388616
./llvm-sgefa-gcc-linux-x64-O1.tar,1,245760,0.684730,99323.273503,0.182137,3.788281,0.410694
./llvm-sgefa-gcc-linux-x64-O2.tar,1,245760,0.719881,89077.025407,0.198979,3.758594,0.406164
./llvm-sgefa-gcc-linux-x64-O3.tar,1,327680,0.840216,69861.740735,0.269131,3.631409,0.354413
./llvm-sgefa-gcc-linux-x64-Of.tar,1,409600,0.780979,117932.145156,0.231709,3.669050,0.386521
./llvm-sgefa-gcc-linux-x64-Og.tar,1,245760,0.668533,103971.445719,0.174784,3.799219,0.412223
./llvm-sgefa-gcc-linux-x64-Os.tar,1,245760,0.619460,117768.782048,0.153878,3.803125,0.428492
./llvm-sgefa-gcc-linux-x64-static.tar,1,7045120,0.934819,626952.832931,0.350843,3.349090,0.306717
./llvm-siod-clang-linux-x64-debug.tar,1,2621440,0.897900,362201.858034,0.314145,3.553879,0.229147
./llvm-siod-clang-linux-x64-O0.tar,1,1556480,0.916973,175687.251480,0.332016,3.274286,0.295463
./llvm-siod-clang-linux-x64-O1.tar,1,1638400,0.916862,185175.571350,0.331906,3.402455,0.294463
./llvm-siod-clang-linux-x64-O2.tar,1,1638400,0.920206,177869.108616,0.335256,3.400111,0.290880
./llvm-siod-clang-linux-x64-O3.tar,1,1802240,0.925189,183657.783472,0.340387,3.398391,0.278297
./llvm-siod-clang-linux-x64-Of.tar,1,1802240,0.924815,184557.824097,0.339996,3.410323,0.277764
./llvm-siod-clang-linux-x64-Og.tar,1,1638400,0.929973,156461.038596,0.345488,3.395775,0.270850
./llvm-siod-clang-linux-x64-Os.tar,1,1310720,0.910572,159109.107132,0.325794,3.388852,0.311587
./llvm-siod-clang-linux-x64-static.tar,1,14254080,0.966030,665972.115055,0.391924,3.182691,0.280958
./llvm-siod-gcc-linux-x64-debug.tar,1,2457600,0.885721,378947.835938,0.303662,3.588516,0.244539
./llvm-siod-gcc-linux-x64-O0.tar,1,1556480,0.910573,188938.145109,0.325796,3.371122,0.280121
./llvm-siod-gcc-linux-x64-O1.tar,1,1310720,0.920474,141827.008313,0.335527,3.357357,0.302222
./llvm-siod-gcc-linux-x64-O2.tar,1,1638400,0.914257,190858.400393,0.329346,3.385697,0.305686
./llvm-siod-gcc-linux-x64-O3.tar,1,1884160,0.927005,187424.537468,0.342303,3.386748,0.283304
./llvm-siod-gcc-linux-x64-Of.tar,1,1884160,0.927190,186958.044007,0.342499,3.393065,0.283183
./llvm-siod-gcc-linux-x64-Og.tar,1,1310720,0.914832,151684.653125,0.329907,3.362924,0.315155
./llvm-siod-gcc-linux-x64-Os.tar,1,1228800,0.905163,157980.629561,0.320720,3.382031,0.319665
./llvm-siod-gcc-linux-x64-static.tar,1,14172160,0.964410,693453.640524,0.389399,3.202650,0.280673
./llvm-spiff-clang-linux-x64-debug.tar,1,819200,0.875921,136821.709106,0.295660,3.702567,0.240691
./llvm-spiff-clang-linux-x64-O0.tar,1,491520,0.839245,105403.916414,0.268459,3.531250,0.341276
./llvm-spiff-clang-linux-x64-O1.tar,1,409600,0.805434,105415.884854,0.246345,3.662487,0.363031
./llvm-spiff-clang-linux-x64-O2.tar,1,409600,0.811839,102110.205322,0.250354,3.654518,0.359575
./llvm-spiff-clang-linux-x64-O3.tar,1,409600,0.823986,95809.594727,0.258179,3.630611,0.351580
./llvm-spiff-clang-linux-x64-Of.tar,1,409600,0.824880,95343.930479,0.258767,3.642330,0.350835
./llvm-spiff-clang-linux-x64-Og.tar,1,409600,0.813088,101464.148057,0.251145,3.651236,0.352441
./llvm-spiff-clang-linux-x64-Os.tar,1,409600,0.780928,117957.902500,0.231680,3.686394,0.362081
./llvm-spiff-clang-linux-x64-static.tar,1,7454720,0.935515,656426.384143,0.351630,3.337669,0.308874
./llvm-spiff-gcc-linux-x64-debug.tar,1,819200,0.840761,174081.345161,0.269510,3.761631,0.251059
./llvm-spiff-gcc-linux-x64-O0.tar,1,491520,0.816682,119523.243001,0.253438,3.612500,0.321026
./llvm-spiff-gcc-linux-x64-O1.tar,1,409600,0.808355,103909.522500,0.248164,3.684050,0.352077
./llvm-spiff-gcc-linux-x64-O2.tar,1,409600,0.848364,83041.228477,0.274868,3.613266,0.334441
./llvm-spiff-gcc-linux-x64-O3.tar,1,491520,0.791914,134827.077026,0.238129,3.654688,0.367232
./llvm-spiff-gcc-linux-x64-Of.tar,1,491520,0.793097,134101.102083,0.238835,3.652344,0.366637
./llvm-spiff-gcc-linux-x64-Og.tar,1,409600,0.818112,98861.115479,0.254358,3.648893,0.348289
./llvm-spiff-gcc-linux-x64-Os.tar,1,409600,0.752312,132389.096572,0.215740,3.698582,0.378581
./llvm-spiff-gcc-linux-x64-static.tar,1,7372800,0.934226,661988.122535,0.350177,3.348776,0.305943
./llvm-telecomm-CRC32-clang-linux-x64-debug.tar,1,245760,0.506634,147808.066667,0.112240,3.930469,0.404647
./llvm-telecomm-CRC32-clang-linux-x64-O0.tar,1,245760,0.363532,182305.266211,0.069360,3.935156,0.455360
./llvm-telecomm-CRC32-clang-linux-x64-O1.tar,1,163840,0.471525,104438.818970,0.100800,3.920305,0.439540
./llvm-telecomm-CRC32-clang-linux-x64-O2.tar,1,163840,0.474562,103934.839087,0.101764,3.916789,0.438312
./llvm-telecomm-CRC32-clang-linux-x64-O3.tar,1,163840,0.475156,103836.100000,0.101953,3.914445,0.438437
./llvm-telecomm-CRC32-clang-linux-x64-Of.tar,1,163840,0.482830,102556.761938,0.104413,3.908585,0.437628
./llvm-telecomm-CRC32-clang-linux-x64-Og.tar,1,163840,0.474102,104011.314478,0.101617,3.919133,0.440068
./llvm-telecomm-CRC32-clang-linux-x64-Os.tar,1,163840,0.469324,104803.207056,0.100104,3.919133,0.439062
./llvm-telecomm-CRC32-clang-linux-x64-static.tar,1,7208960,0.937585,614714.803578,0.353994,3.313891,0.311096
./llvm-telecomm-CRC32-gcc-linux-x64-debug.tar,1,245760,0.491767,151585.417253,0.107316,3.944531,0.410329
./llvm-telecomm-CRC32-gcc-linux-x64-O0.tar,1,245760,0.358174,183513.051042,0.067936,3.945312,0.454046
./llvm-telecomm-CRC32-gcc-linux-x64-O1.tar,1,163840,0.471352,104467.563379,0.100745,3.928509,0.433542
./llvm-telecomm-CRC32-gcc-linux-x64-O2.tar,1,163840,0.475463,103785.156250,0.102051,3.926165,0.436848
./llvm-telecomm-CRC32-gcc-linux-x64-O3.tar,1,163840,0.484002,102360.644556,0.104791,3.920305,0.446448
./llvm-telecomm-CRC32-gcc-linux-x64-Of.tar,1,163840,0.491213,101150.163306,0.107135,3.912101,0.445524
./llvm-telecomm-CRC32-gcc-linux-x64-Og.tar,1,163840,0.469015,104854.400024,0.100006,3.923821,0.436947
./llvm-telecomm-CRC32-gcc-linux-x64-Os.tar,1,163840,0.462813,105877.668848,0.098059,3.924993,0.439084
./llvm-telecomm-CRC32-gcc-linux-x64-static.tar,1,7208960,0.933806,651345.679690,0.349707,3.332827,0.313992
./llvm-telecomm-fft-clang-linux-x64-debug.tar,1,327680,0.625559,154770.019531,0.156372,3.826546,0.396333
./llvm-telecomm-fft-clang-linux-x64-O0.tar,1,245760,0.558087,134405.959131,0.130237,3.785156,0.470554
./llvm-telecomm-fft-clang-linux-x64-O1.tar,1,163840,0.632358,76122.898462,0.159186,3.821858,0.413980
./llvm-telecomm-fft-clang-linux-x64-O2.tar,1,245760,0.530375,141687.226628,0.120353,3.860156,0.449001
./llvm-telecomm-fft-clang-linux-x64-O3.tar,1,245760,0.546436,137485.033594,0.126025,3.842969,0.453909
./llvm-telecomm-fft-clang-linux-x64-Of.tar,1,245760,0.557228,134633.829753,0.129924,3.841406,0.451182
./llvm-telecomm-fft-clang-linux-x64-Og.tar,1,245760,0.500375,149403.718766,0.110152,3.878906,0.447509
./llvm-telecomm-fft-clang-linux-x64-Os.tar,1,163840,0.620924,78242.317407,0.154474,3.797246,0.424143
./llvm-telecomm-fft-clang-linux-x64-static.tar,1,7127040,0.937137,612024.647607,0.353479,3.325216,0.307782
./llvm-telecomm-fft-gcc-linux-x64-debug.tar,1,327680,0.689051,130767.297375,0.184140,3.777908,0.391019
./llvm-telecomm-fft-gcc-linux-x64-O0.tar,1,245760,0.616450,118600.940251,0.152657,3.705469,0.477599
./llvm-telecomm-fft-gcc-linux-x64-O1.tar,1,245760,0.504762,148286.173503,0.111613,3.870312,0.459383
./llvm-telecomm-fft-gcc-linux-x64-O2.tar,1,163840,0.617395,78893.254785,0.153040,3.824202,0.431267
./llvm-telecomm-fft-gcc-linux-x64-O3.tar,1,245760,0.493258,151208.675065,0.107804,3.878906,0.464164
./llvm-telecomm-fft-gcc-linux-x64-Of.tar,1,163840,0.641238,74466.112891,0.162915,3.800762,0.428603
./llvm-telecomm-fft-gcc-linux-x64-Og.tar,1,245760,0.497116,150231.339128,0.109074,3.869531,0.461942
./llvm-telecomm-fft-gcc-linux-x64-Os.tar,1,163840,0.555339,90089.758691,0.129236,3.868737,0.440924
./llvm-telecomm-fft-gcc-linux-x64-static.tar,1,7045120,0.938010,596710.079544,0.354485,3.332684,0.305159
./llvm-telecomm-gsm-clang-linux-x64-debug.tar,1,1228800,0.907574,154054.010208,0.322962,3.587656,0.233270
./llvm-telecomm-gsm-clang-linux-x64-O0.tar,1,819200,0.888632,123186.314575,0.306110,3.399742,0.320174
./llvm-telecomm-gsm-clang-linux-x64-O1.tar,1,655360,0.832578,146124.654791,0.263902,3.614737,0.328240
./llvm-telecomm-gsm-clang-linux-x64-O2.tar,1,737280,0.858218,140099.850347,0.282042,3.598177,0.332778
./llvm-telecomm-gsm-clang-linux-x64-O3.tar,1,819200,0.870026,143115.843770,0.291013,3.605297,0.336929
./llvm-telecomm-gsm-clang-linux-x64-Of.tar,1,819200,0.869593,143577.658613,0.290676,3.611391,0.334954
./llvm-telecomm-gsm-clang-linux-x64-Og.tar,1,655360,0.842430,137862.455328,0.270674,3.592763,0.321048
./llvm-telecomm-gsm-clang-linux-x64-Os.tar,1,655360,0.812837,162550.547095,0.250986,3.686516,0.324420
./llvm-telecomm-gsm-clang-linux-x64-static.tar,1,7946240,0.940689,644357.404773,0.357619,3.307141,0.301984
./llvm-telecomm-gsm-gcc-linux-x64-debug.tar,1,1228800,0.870207,214384.625326,0.291154,3.630156,0.257736
./llvm-telecomm-gsm-gcc-linux-x64-O0.tar,1,737280,0.900274,99557.808681,0.316265,3.389583,0.296245
./llvm-telecomm-gsm-gcc-linux-x64-O1.tar,1,573440,0.870155,100085.146875,0.291113,3.591160,0.290570
./llvm-telecomm-gsm-gcc-linux-x64-O2.tar,1,655360,0.845842,134991.720728,0.273074,3.637589,0.315462
./llvm-telecomm-gsm-gcc-linux-x64-O3.tar,1,819200,0.879594,132891.068013,0.298617,3.547639,0.333839
./llvm-telecomm-gsm-gcc-linux-x64-Of.tar,1,819200,0.880431,131993.614380,0.299298,3.560998,0.333423
./llvm-telecomm-gsm-gcc-linux-x64-Og.tar,1,655360,0.857778,124906.817780,0.281715,3.589541,0.312467
./llvm-telecomm-gsm-gcc-linux-x64-Os.tar,1,573440,0.838350,123628.143422,0.267841,3.618952,0.294292
./llvm-telecomm-gsm-gcc-linux-x64-static.tar,1,7864320,0.938542,660456.537111,0.355102,3.324854,0.301126
./llvm-treeadd-clang-linux-x64-debug.tar,1,245760,0.429046,167036.182048,0.087789,3.956250,0.411309
./llvm-treeadd-clang-linux-x64-O0.tar,1,163840,0.373400,120042.837915,0.072015,3.943745,0.457225
./llvm-treeadd-clang-linux-x64-O1.tar,1,163840,0.367543,120931.259766,0.070435,3.954292,0.462301
./llvm-treeadd-clang-linux-x64-O2.tar,1,163840,0.366019,121161.616431,0.070026,3.947260,0.463991
./llvm-treeadd-clang-linux-x64-O3.tar,1,163840,0.367839,120886.589087,0.070514,3.953120,0.464350
./llvm-treeadd-clang-linux-x64-Of.tar,1,163840,0.375669,119697.275391,0.072632,3.940229,0.465099
./llvm-treeadd-clang-linux-x64-Og.tar,1,163840,0.372589,120166.129126,0.071796,3.949604,0.459082
./llvm-treeadd-clang-linux-x64-Os.tar,1,163840,0.363966,121471.395728,0.069476,3.950776,0.462621
./llvm-treeadd-clang-linux-x64-static.tar,1,6881280,0.934860,611994.164649,0.350889,3.334654,0.311903
./llvm-treeadd-gcc-linux-x64-debug.tar,1,245760,0.414661,170466.725260,0.083577,3.962500,0.415406
./llvm-treeadd-gcc-linux-x64-O0.tar,1,163840,0.377439,119427.331079,0.073114,3.944916,0.454030
./llvm-treeadd-gcc-linux-x64-O1.tar,1,163840,0.366110,121147.857642,0.070050,3.955464,0.459573
./llvm-treeadd-gcc-linux-x64-O2.tar,1,245760,0.543781,138183.005876,0.125077,3.931250,0.310633
./llvm-treeadd-gcc-linux-x64-O3.tar,1,245760,0.603707,122105.439860,0.147563,3.871094,0.331978
./llvm-treeadd-gcc-linux-x64-Of.tar,1,245760,0.607861,120966.212565,0.149211,3.869531,0.332339
./llvm-treeadd-gcc-linux-x64-Og.tar,1,163840,0.369335,120659.926782,0.070917,3.954292,0.456323
./llvm-treeadd-gcc-linux-x64-Os.tar,1,163840,0.361838,121791.916504,0.068909,3.949604,0.460522
./llvm-treeadd-gcc-linux-x64-static.tar,1,6799360,0.934509,607912.257389,0.350495,3.343184,0.309274
./llvm-tsp-clang-linux-x64-debug.tar,1,327680,0.610260,160409.236926,0.150168,3.886317,0.352858
./llvm-tsp-clang-linux-x64-O0.tar,1,245760,0.498889,149781.329753,0.109660,3.857031,0.443626
./llvm-tsp-clang-linux-x64-O1.tar,1,245760,0.485543,153153.906510,0.105290,3.871094,0.451397
./llvm-tsp-clang-linux-x64-O2.tar,1,163840,0.565267,88330.627441,0.132874,3.862877,0.429793
./llvm-tsp-clang-linux-x64-O3.tar,1,163840,0.565481,88292.450415,0.132953,3.861705,0.429869
./llvm-tsp-clang-linux-x64-Of.tar,1,163840,0.569431,87589.126196,0.134418,3.861705,0.426787
./llvm-tsp-clang-linux-x64-Og.tar,1,245760,0.491319,151698.531315,0.107170,3.880469,0.449041
./llvm-tsp-clang-linux-x64-Os.tar,1,163840,0.559023,89438.395410,0.130579,3.878113,0.433561
./llvm-tsp-clang-linux-x64-static.tar,1,7045120,0.934043,634296.021811,0.349972,3.332030,0.312628
./llvm-tsp-gcc-linux-x64-debug.tar,1,327680,0.604036,162686.976758,0.147693,3.821272,0.399611
./llvm-tsp-gcc-linux-x64-O0.tar,1,245760,0.543896,138153.013688,0.125118,3.771875,0.465128
./llvm-tsp-gcc-linux-x64-O1.tar,1,163840,0.549633,91095.094141,0.127173,3.862877,0.441940
./llvm-tsp-gcc-linux-x64-O2.tar,1,245760,0.476139,155509.049626,0.102266,3.880469,0.453923
./llvm-tsp-gcc-linux-x64-O3.tar,1,245760,0.657889,107000.790381,0.170081,3.753125,0.414698
./llvm-tsp-gcc-linux-x64-Of.tar,1,245760,0.651946,108683.344010,0.167497,3.777344,0.417523
./llvm-tsp-gcc-linux-x64-Og.tar,1,163840,0.565002,88377.625879,0.132776,3.841781,0.439191
./llvm-tsp-gcc-linux-x64-Os.tar,1,163840,0.541625,92499.311743,0.124310,3.851157,0.446038
./llvm-tsp-gcc-linux-x64-static.tar,1,6963200,0.934060,626760.002068,0.349991,3.343582,0.309352
./llvm-uudecode-clang-linux-x64-debug.tar,1,245760,0.511893,146461.740251,0.114010,3.928125,0.407845
./llvm-uudecode-clang-linux-x64-O0.tar,1,163840,0.464081,105668.762720,0.098456,3.900381,0.456707
./llvm-uudecode-clang-linux-x64-O1.tar,1,163840,0.426395,111781.060181,0.087006,3.921477,0.461380
./llvm-uudecode-clang-linux-x64-O2.tar,1,163840,0.424903,112019.071509,0.086566,3.921477,0.457825
./llvm-uudecode-clang-linux-x64-O3.tar,1,163840,0.436152,110217.189941,0.089905,3.915617,0.456948
./llvm-uudecode-clang-linux-x64-Of.tar,1,163840,0.443085,109098.025000,0.091992,3.928509,0.458405
./llvm-uudecode-clang-linux-x64-Og.tar,1,163840,0.426995,111685.266016,0.087183,3.922649,0.462139
./llvm-uudecode-clang-linux-x64-Os.tar,1,163840,0.415749,113472.427368,0.083893,3.936713,0.453299
./llvm-uudecode-clang-linux-x64-static.tar,1,8273920,0.949687,570356.873612,0.368723,3.228510,0.309432
./llvm-uudecode-gcc-linux-x64-debug.tar,1,245760,0.526721,142636.409440,0.119084,3.907812,0.415614
./llvm-uudecode-gcc-linux-x64-O0.tar,1,163840,0.484738,102237.376562,0.105029,3.866393,0.456906
./llvm-uudecode-gcc-linux-x64-O1.tar,1,163840,0.421345,112585.362891,0.085522,3.934369,0.455035
./llvm-uudecode-gcc-linux-x64-O2.tar,1,163840,0.434805,110433.826563,0.089502,3.916789,0.460437
./llvm-uudecode-gcc-linux-x64-O3.tar,1,163840,0.434805,110433.826563,0.089502,3.916789,0.460512
./llvm-uudecode-gcc-linux-x64-Of.tar,1,163840,0.442116,109254.756250,0.091699,3.921477,0.457143
./llvm-uudecode-gcc-linux-x64-Og.tar,1,163840,0.438207,109886.082056,0.090521,3.921477,0.459316
./llvm-uudecode-gcc-linux-x64-Os.tar,1,163840,0.410868,114242.696191,0.082483,3.930853,0.460051
./llvm-uudecode-gcc-linux-x64-static.tar,1,8273920,0.946886,601713.590734,0.365163,3.249604,0.312056
./llvm-uuencode-clang-linux-x64-debug.tar,1,245760,0.528270,142234.445378,0.119621,3.917969,0.396323
./llvm-uuencode-clang-linux-x64-O0.tar,1,163840,0.480935,102873.475806,0.103802,3.882801,0.443301
./llvm-uuencode-clang-linux-x64-O1.tar,1,163840,0.441167,109408.331274,0.091412,3.915617,0.459212
./llvm-uuencode-clang-linux-x64-O2.tar,1,163840,0.440357,109539.118384,0.091168,3.908585,0.461224
./llvm-uuencode-clang-linux-x64-O3.tar,1,163840,0.486697,101909.025000,0.105664,3.872253,0.457396
./llvm-uuencode-clang-linux-x64-Of.tar,1,163840,0.493227,100811.012720,0.107794,3.876941,0.457964
./llvm-uuencode-clang-linux-x64-Og.tar,1,163840,0.442681,109163.316016,0.091870,3.909757,0.457904
./llvm-uuencode-clang-linux-x64-Os.tar,1,163840,0.425504,111923.175391,0.086743,3.908585,0.461909
./llvm-uuencode-clang-linux-x64-static.tar,1,7290880,0.936454,632787.470069,0.352698,3.320153,0.312809
./llvm-uuencode-gcc-linux-x64-debug.tar,1,245760,0.543073,138369.030094,0.124825,3.908594,0.401328
./llvm-uuencode-gcc-linux-x64-O0.tar,1,163840,0.501839,99354.171118,0.110638,3.867565,0.437148
./llvm-uuencode-gcc-linux-x64-O1.tar,1,163840,0.438593,109823.850098,0.090637,3.916789,0.450090
./llvm-uuencode-gcc-linux-x64-O2.tar,1,163840,0.435377,110341.894141,0.089673,3.915617,0.459271
./llvm-uuencode-gcc-linux-x64-O3.tar,1,163840,0.469344,104800.007910,0.100110,3.887489,0.456843
./llvm-uuencode-gcc-linux-x64-Of.tar,1,163840,0.476458,103619.675391,0.102368,3.892177,0.455666
./llvm-uuencode-gcc-linux-x64-Og.tar,1,163840,0.452092,107634.140723,0.094739,3.914445,0.463188
./llvm-uuencode-gcc-linux-x64-Os.tar,1,163840,0.422304,112432.886816,0.085803,3.917961,0.458207
./llvm-uuencode-gcc-linux-x64-static.tar,1,7208960,0.936495,625282.777876,0.352744,3.326542,0.310718
./llvm-viterbi-clang-linux-x64-debug.tar,1,327680,0.703515,125165.864258,0.190979,3.765016,0.363323
./llvm-viterbi-clang-linux-x64-O0.tar,1,245760,0.581596,128115.492204,0.138993,3.690625,0.485433
./llvm-viterbi-clang-linux-x64-O1.tar,1,163840,0.545019,91905.176392,0.125519,3.846469,0.428483
./llvm-viterbi-clang-linux-x64-O2.tar,1,163840,0.572897,86970.195923,0.135712,3.860533,0.424013
./llvm-viterbi-clang-linux-x64-O3.tar,1,163840,0.576780,86275.071191,0.137170,3.860533,0.422368
./llvm-viterbi-clang-linux-x64-Of.tar,1,163840,0.582516,85244.826660,0.139343,3.851157,0.421389
./llvm-viterbi-clang-linux-x64-Og.tar,1,163840,0.552712,90553.066504,0.128284,3.853501,0.419487
./llvm-viterbi-clang-linux-x64-Os.tar,1,163840,0.540041,92776.026001,0.123749,3.859361,0.420184
./llvm-viterbi-clang-linux-x64-static.tar,1,8028160,0.946968,582944.376915,0.365267,3.247894,0.311057
./llvm-viterbi-gcc-linux-x64-debug.tar,1,327680,0.678670,134756.892383,0.179358,3.763258,0.380396
./llvm-viterbi-gcc-linux-x64-O0.tar,1,245760,0.584682,127282.204167,0.140169,3.694531,0.473825
./llvm-viterbi-gcc-linux-x64-O1.tar,1,163840,0.557870,89642.432251,0.130157,3.855845,0.421275
./llvm-viterbi-gcc-linux-x64-O2.tar,1,163840,0.577541,86138.701196,0.137457,3.854673,0.423999
./llvm-viterbi-gcc-linux-x64-O3.tar,1,245760,0.617897,118201.138688,0.153243,3.860937,0.450073
./llvm-viterbi-gcc-linux-x64-Of.tar,1,245760,0.622035,117055.469157,0.154928,3.853125,0.449747
./llvm-viterbi-gcc-linux-x64-Og.tar,1,163840,0.590398,83822.608032,0.142365,3.828890,0.412928
./llvm-viterbi-gcc-linux-x64-Os.tar,1,163840,0.508774,98174.037329,0.112958,3.885145,0.422105
./llvm-viterbi-gcc-linux-x64-static.tar,1,7946240,0.946874,578003.528955,0.365149,3.249635,0.308135
./llvm-voronoi-clang-linux-x64-debug.tar,1,409600,0.812391,101824.810000,0.250703,3.688738,0.279201
./llvm-voronoi-clang-linux-x64-O0.tar,1,327680,0.695592,128240.112500,0.187207,3.627307,0.397473
./llvm-voronoi-clang-linux-x64-O1.tar,1,245760,0.750975,79834.656510,0.215023,3.740625,0.348743
./llvm-voronoi-clang-linux-x64-O2.tar,1,245760,0.747010,81022.266032,0.212911,3.739063,0.347496
./llvm-voronoi-clang-linux-x64-O3.tar,1,327680,0.656484,143198.724133,0.169467,3.790214,0.369779
./llvm-voronoi-clang-linux-x64-Of.tar,1,245760,0.751605,79645.543766,0.215361,3.771094,0.326200
./llvm-voronoi-clang-linux-x64-Og.tar,1,245760,0.770946,73810.953190,0.225985,3.742188,0.333035
./llvm-voronoi-clang-linux-x64-Os.tar,1,245760,0.696195,96005.000065,0.187492,3.773438,0.364455
./llvm-voronoi-clang-linux-x64-static.tar,1,7127040,0.936598,617191.875224,0.352862,3.324758,0.308018
./llvm-voronoi-gcc-linux-x64-debug.tar,1,409600,0.784608,116085.007656,0.233818,3.717801,0.306448
./llvm-voronoi-gcc-linux-x64-O0.tar,1,327680,0.692512,129431.479993,0.185757,3.656021,0.386346
./llvm-voronoi-gcc-linux-x64-O1.tar,1,245760,0.663046,105535.719010,0.172347,3.792969,0.398906
./llvm-voronoi-gcc-linux-x64-O2.tar,1,245760,0.733009,85194.951188,0.205611,3.767969,0.360160
./llvm-voronoi-gcc-linux-x64-O3.tar,1,245760,0.764871,75650.504167,0.222591,3.744531,0.351124
./llvm-voronoi-gcc-linux-x64-Of.tar,1,245760,0.759988,77124.553532,0.219902,3.762500,0.348132
./llvm-voronoi-gcc-linux-x64-Og.tar,1,245760,0.672815,102747.057438,0.176705,3.782812,0.390936
./llvm-voronoi-gcc-linux-x64-Os.tar,1,245760,0.634226,113662.817204,0.159965,3.800000,0.404529
./llvm-voronoi-gcc-linux-x64-static.tar,1,7045120,0.936195,613914.621375,0.352402,3.339088,0.304999
./llvm-yacr2-clang-linux-x64-debug.tar,1,655360,0.855678,126685.576782,0.280167,3.790229,0.178859
./llvm-yacr2-clang-linux-x64-O0.tar,1,409600,0.812637,101697.210000,0.250859,3.679831,0.262443
./llvm-yacr2-clang-linux-x64-O1.tar,1,409600,0.787647,114535.710977,0.235601,3.700457,0.344672
./llvm-yacr2-clang-linux-x64-O2.tar,1,409600,0.838733,88105.080625,0.268105,3.650768,0.309028
./llvm-yacr2-clang-linux-x64-O3.tar,1,491520,0.796644,131920.429688,0.240967,3.666797,0.337385
./llvm-yacr2-clang-linux-x64-Of.tar,1,491520,0.798079,131037.056063,0.241836,3.674609,0.337600
./llvm-yacr2-clang-linux-x64-Og.tar,1,409600,0.804143,106080.490000,0.245547,3.684988,0.329980
./llvm-yacr2-clang-linux-x64-Os.tar,1,409600,0.709913,153340.770156,0.194072,3.739834,0.357963
./llvm-yacr2-clang-linux-x64-static.tar,1,8273920,0.945244,620067.402307,0.363122,3.260859,0.307154
./llvm-yacr2-gcc-linux-x64-debug.tar,1,655360,0.816046,159892.073462,0.253030,3.772065,0.219082
./llvm-yacr2-gcc-linux-x64-O0.tar,1,409600,0.809754,103187.508291,0.249041,3.649361,0.258594
./llvm-yacr2-gcc-linux-x64-O1.tar,1,409600,0.744116,136479.448477,0.211382,3.706551,0.354351
./llvm-yacr2-gcc-linux-x64-O2.tar,1,409600,0.749094,133997.178164,0.214019,3.729989,0.353562
./llvm-yacr2-gcc-linux-x64-O3.tar,1,491520,0.819957,117484.563021,0.255550,3.668750,0.298387
./llvm-yacr2-gcc-linux-x64-Of.tar,1,491520,0.820189,117339.893262,0.255701,3.672266,0.297590
./llvm-yacr2-gcc-linux-x64-Og.tar,1,409600,0.718083,149343.602500,0.198086,3.735615,0.375954
./llvm-yacr2-gcc-linux-x64-Os.tar,1,327680,0.749577,107004.734814,0.214276,3.702901,0.350503
./llvm-yacr2-gcc-linux-x64-static.tar,1,8192000,0.945122,615275.794055,0.362972,3.268489,0.303670
./micronaut-hello-graalvm-linux-x64-debug.tar,1,422625280,0.912764,50071336.647108,0.327898,3.499864,0.255709
./micronaut-hello-graalvm-linux-x64-O0.tar,1,422625280,0.913527,49642390.218910,0.328636,3.496871,0.252225
./micronaut-hello-graalvm-linux-x64-O1.tar,1,398049280,0.916006,45442358.766858,0.331060,3.473875,0.267940
./micronaut-hello-graalvm-linux-x64-O2.tar,1,552140800,0.930659,52219457.479287,0.346234,3.413804,0.248182
./micronaut-hello-graalvm-linux-x64-O3.tar,1,782336000,0.943610,60356648.220797,0.361121,3.350390,0.249997
./micronaut-hello-graalvm-linux-x64-Os.tar,1,348241920,0.912634,41318783.124741,0.327772,3.531494,0.275826
./micronaut-hello-graalvm-linux-x64-prof.tar,1,572047360,0.934175,51402019.670600,0.350120,3.480549,0.222644
./parallel-numerics-dotnet-linux-x64-debug.tar,1,49561600,0.944842,3741185.688051,0.362627,3.678058,0.190998
./parallel-numerics-dotnet-linux-x64-release.tar,1,12124160,0.965424,576490.819785,0.390971,3.353234,0.204764
./parallel-numerics-dotnet-linux-x64-sf.tar,1,12124160,0.965421,576534.432043,0.390967,3.353234,0.204773
./parallel-numerics-dotnet-linux-x64-static-sf.tar,1,12124160,0.965424,576482.097531,0.390972,3.353234,0.204764
./parallel-numerics-dotnet-linux-x64-static.tar,1,12124160,0.965423,576500.414340,0.390971,3.353234,0.204767
./quarkus-hello-graalvm-linux-x64-debug.tar,1,302039040,0.932179,27949653.867485,0.347901,3.456946,0.237214
./quarkus-hello-graalvm-linux-x64-O0.tar,1,302039040,0.930397,28672081.713161,0.345948,3.459985,0.237744
./quarkus-hello-graalvm-linux-x64-O1.tar,1,284262400,0.932240,26281634.891824,0.347967,3.431734,0.260582
./quarkus-hello-graalvm-linux-x64-O2.tar,1,401653760,0.946931,29185177.219774,0.365220,3.361528,0.244418
./quarkus-hello-graalvm-linux-x64-O3.tar,1,576307200,0.953931,36412800.433705,0.374319,3.314045,0.239721
./quarkus-hello-graalvm-linux-x64-Os.tar,1,244367360,0.932949,22360360.050814,0.348753,3.479258,0.258622
./quarkus-hello-graalvm-linux-x64-prof.tar,1,417300480,0.946280,30689620.648763,0.364406,3.442649,0.208918
./reflection-metadata-dotnet-linux-x64-debug.tar,1,53985280,0.943411,4179416.243492,0.360880,3.691806,0.190910
./reflection-metadata-dotnet-linux-x64-release.tar,1,15892480,0.968925,679710.062188,0.396596,3.331257,0.199690
./reflection-metadata-dotnet-linux-x64-sf.tar,1,15892480,0.968923,679739.842776,0.396594,3.331257,0.199696
./reflection-metadata-dotnet-linux-x64-static-sf.tar,1,15892480,0.968925,679693.517699,0.396598,3.331257,0.199689
./reflection-metadata-dotnet-linux-x64-static.tar,1,15892480,0.968924,679715.852807,0.396596,3.331257,0.199692
./regex-globalization-dotnet-linux-x64-debug.tar,1,44974080,0.945285,3367987.605074,0.363172,3.652993,0.191279
./regex-globalization-dotnet-linux-x64-release.tar,1,11386880,0.964395,557398.842020,0.389376,3.358199,0.205018
./regex-globalization-dotnet-linux-x64-sf.tar,1,11386880,0.964394,557427.162209,0.389373,3.358199,0.205025
./regex-globalization-dotnet-linux-x64-static-sf.tar,1,11386880,0.964397,557379.372308,0.389378,3.358199,0.205017
./regex-globalization-dotnet-linux-x64-static.tar,1,11386880,0.964395,557399.727015,0.389376,3.358199,0.205020
./renaissance-native-image:akka-uct-graalvm-linux-x64-debug.tar,1,868515840,0.925186,88508818.636742,0.340385,3.869398,0.135009
./renaissance-native-image:akka-uct-graalvm-linux-x64-O0.tar,1,868515840,0.925102,88606605.507592,0.340297,3.869527,0.135146
./renaissance-native-image:akka-uct-graalvm-linux-x64-O1.tar,1,777666560,0.930030,74205178.656616,0.345549,3.867546,0.133945
./renaissance-native-image:akka-uct-graalvm-linux-x64-O2.tar,1,886702080,0.927460,87664064.075715,0.342786,3.828366,0.145978
./renaissance-native-image:akka-uct-graalvm-linux-x64-O3.tar,1,1030144000,0.925116,105077506.166385,0.340311,3.789416,0.161465
./renaissance-native-image:akka-uct-graalvm-linux-x64-Os.tar,1,748421120,0.930440,71003523.163303,0.345994,3.890746,0.128429
./renaissance-native-image:akka-uct-graalvm-linux-x64-prof.tar,1,1059880960,0.915659,121488368.722261,0.330719,3.852771,0.152962
./renaissance-native-image:finagle-http-graalvm-linux-x64-debug.tar,1,1458913280,0.924791,149447205.735056,0.339971,3.820251,0.152341
./renaissance-native-image:finagle-http-graalvm-linux-x64-O0.tar,1,1458913280,0.924549,149918768.320908,0.339719,3.821057,0.151819
./renaissance-native-image:finagle-http-graalvm-linux-x64-O1.tar,1,1264762880,0.931163,118762045.096859,0.346784,3.809232,0.150970
./renaissance-native-image:finagle-http-graalvm-linux-x64-O2.tar,1,1545666560,0.927951,151795018.636119,0.343310,3.757302,0.167249
./renaissance-native-image:finagle-http-graalvm-linux-x64-O3.tar,1,1915863040,0.926101,192897675.808148,0.341346,3.715292,0.183114
./renaissance-native-image:finagle-http-graalvm-linux-x64-Os.tar,1,1203404800,0.931799,111973928.191609,0.347481,3.839268,0.147070
./renaissance-native-image:finagle-http-graalvm-linux-x64-prof.tar,1,1927823360,0.913757,225856188.142256,0.328860,3.807422,0.167582
./renaissance-native-image:fj-kmeans-graalvm-linux-x64-debug.tar,1,775045120,0.926329,77798512.206955,0.341587,3.884790,0.127490
./renaissance-native-image:fj-kmeans-graalvm-linux-x64-O0.tar,1,774799360,0.926263,77841802.886115,0.341517,3.885243,0.127770
./renaissance-native-image:fj-kmeans-graalvm-linux-x64-O1.tar,1,696975360,0.932203,64474073.547072,0.347926,3.883729,0.124654
./renaissance-native-image:fj-kmeans-graalvm-linux-x64-O2.tar,1,777666560,0.927460,76883314.154847,0.342787,3.852883,0.140323
./renaissance-native-image:fj-kmeans-graalvm-linux-x64-O3.tar,1,871956480,0.927346,86338918.735594,0.342665,3.818646,0.151396
./renaissance-native-image:fj-kmeans-graalvm-linux-x64-Os.tar,1,673054720,0.932126,62330099.232034,0.347842,3.907367,0.119957
./renaissance-native-image:fj-kmeans-graalvm-linux-x64-prof.tar,1,916193280,0.917381,102916200.441169,0.332421,3.866159,0.146421
./renaissance-native-image:future-genetic-graalvm-linux-x64-debug.tar,1,781926400,0.926272,78548600.156583,0.341527,3.883261,0.128144
./renaissance-native-image:future-genetic-graalvm-linux-x64-O0.tar,1,781762560,0.926380,78418923.741871,0.341641,3.884141,0.128122
./renaissance-native-image:future-genetic-graalvm-linux-x64-O1.tar,1,706314240,0.930417,67030236.672976,0.345970,3.885531,0.125296
./renaissance-native-image:future-genetic-graalvm-linux-x64-O2.tar,1,784220160,0.928296,76653907.195846,0.343679,3.851815,0.139177
./renaissance-native-image:future-genetic-graalvm-linux-x64-O3.tar,1,881541120,0.927452,87162743.563877,0.342778,3.816846,0.151202
./renaissance-native-image:future-genetic-graalvm-linux-x64-Os.tar,1,681902080,0.931399,63814925.384841,0.347043,3.905938,0.122105
./renaissance-native-image:future-genetic-graalvm-linux-x64-prof.tar,1,924794880,0.917614,103595456.968271,0.332653,3.866790,0.145938
./renaissance-native-image:mnemonics-graalvm-linux-x64-debug.tar,1,774881280,0.926355,77754780.099749,0.341614,3.885197,0.127363
./renaissance-native-image:mnemonics-graalvm-linux-x64-O0.tar,1,774963200,0.926158,77966990.281864,0.341407,3.885343,0.127740
./renaissance-native-image:mnemonics-graalvm-linux-x64-O1.tar,1,697466880,0.932059,64654000.849049,0.347768,3.885704,0.124103
./renaissance-native-image:mnemonics-graalvm-linux-x64-O2.tar,1,778977280,0.928158,76284634.630503,0.343532,3.850457,0.139731
./renaissance-native-image:mnemonics-graalvm-linux-x64-O3.tar,1,874823680,0.927613,86309567.116115,0.342950,3.817472,0.152239
./renaissance-native-image:mnemonics-graalvm-linux-x64-Os.tar,1,673710080,0.932111,62405078.445818,0.347825,3.905824,0.119755
./renaissance-native-image:mnemonics-graalvm-linux-x64-prof.tar,1,918159360,0.916791,103858944.295352,0.331836,3.866506,0.146594
./renaissance-native-image:par-mnemonics-graalvm-linux-x64-debug.tar,1,775372800,0.926667,77480405.881074,0.341944,3.884178,0.127433
./renaissance-native-image:par-mnemonics-graalvm-linux-x64-O0.tar,1,775372800,0.926674,77472756.165135,0.341952,3.884423,0.127819
./renaissance-native-image:par-mnemonics-graalvm-linux-x64-O1.tar,1,698286080,0.931524,65231199.428610,0.347180,3.885630,0.124603
./renaissance-native-image:par-mnemonics-graalvm-linux-x64-O2.tar,1,779550720,0.928310,76182893.641978,0.343694,3.850165,0.138815
./renaissance-native-image:par-mnemonics-graalvm-linux-x64-O3.tar,1,875479040,0.927381,86646758.902997,0.342702,3.818133,0.151424
./renaissance-native-image:par-mnemonics-graalvm-linux-x64-Os.tar,1,674693120,0.932357,62272624.516393,0.348097,3.905646,0.120569
./renaissance-native-image:par-mnemonics-graalvm-linux-x64-prof.tar,1,918077440,0.917332,103188717.063079,0.332372,3.866271,0.146314
./renaissance-native-image:philosophers-graalvm-linux-x64-debug.tar,1,781762560,0.926892,77883298.085957,0.342183,3.884404,0.128673
./renaissance-native-image:philosophers-graalvm-linux-x64-O0.tar,1,781598720,0.926515,78261569.030432,0.341783,3.884638,0.129966
./renaissance-native-image:philosophers-graalvm-linux-x64-O1.tar,1,705249280,0.930700,66661026.445753,0.346278,3.884640,0.125989
./renaissance-native-image:philosophers-graalvm-linux-x64-O2.tar,1,783646720,0.928065,76840294.202843,0.343432,3.849951,0.137695
./renaissance-native-image:philosophers-graalvm-linux-x64-O3.tar,1,879820800,0.927759,86630880.610497,0.343105,3.815293,0.151189
./renaissance-native-image:philosophers-graalvm-linux-x64-Os.tar,1,680673280,0.931490,63617045.168932,0.347142,3.905320,0.123861
./renaissance-native-image:philosophers-graalvm-linux-x64-prof.tar,1,925859840,0.917811,103472242.986754,0.332849,3.864543,0.146330
./renaissance-native-image:reactors-graalvm-linux-x64-debug.tar,1,797573120,0.925358,81096261.747036,0.340564,3.880845,0.132420
./renaissance-native-image:reactors-graalvm-linux-x64-O0.tar,1,797736960,0.924799,81708856.593532,0.339980,3.881083,0.133333
./renaissance-native-image:reactors-graalvm-linux-x64-O1.tar,1,720240640,0.930958,67828802.707407,0.346560,3.879984,0.127880
./renaissance-native-image:reactors-graalvm-linux-x64-O2.tar,1,810024960,0.928014,79481435.401221,0.343378,3.842272,0.140291
./renaissance-native-image:reactors-graalvm-linux-x64-O3.tar,1,934871040,0.925653,94686758.247304,0.340875,3.804621,0.158502
./renaissance-native-image:reactors-graalvm-linux-x64-Os.tar,1,695992320,0.931532,65009599.864909,0.347188,3.900005,0.123457
./renaissance-native-image:reactors-graalvm-linux-x64-prof.tar,1,959774720,0.916830,108516900.758751,0.331874,3.862315,0.147012
./renaissance-native-image:rx-scrabble-graalvm-linux-x64-debug.tar,1,853360640,0.930760,80592835.983560,0.346343,3.893712,0.109618
./renaissance-native-image:rx-scrabble-graalvm-linux-x64-O0.tar,1,853360640,0.931080,80226249.949929,0.346693,3.893843,0.110709
./renaissance-native-image:rx-scrabble-graalvm-linux-x64-O1.tar,1,777093120,0.934656,69324818.813846,0.350659,3.895367,0.105438
./renaissance-native-image:rx-scrabble-graalvm-linux-x64-O2.tar,1,854835200,0.932411,78837922.218917,0.348156,3.862289,0.117529
./renaissance-native-image:rx-scrabble-graalvm-linux-x64-O3.tar,1,953548800,0.931959,88520203.698755,0.347658,3.827560,0.132862
./renaissance-native-image:rx-scrabble-graalvm-linux-x64-Os.tar,1,752680960,0.935520,66272303.333001,0.351635,3.914373,0.100870
./renaissance-native-image:rx-scrabble-graalvm-linux-x64-prof.tar,1,1000407040,0.921930,106304026.426570,0.337012,3.875412,0.128977
./renaissance-native-image:scala-doku-graalvm-linux-x64-debug.tar,1,776355840,0.926140,78126492.337199,0.341387,3.885142,0.127765
./renaissance-native-image:scala-doku-graalvm-linux-x64-O0.tar,1,776683520,0.925884,78425004.885397,0.341118,3.885103,0.127983
./renaissance-native-image:scala-doku-graalvm-linux-x64-O1.tar,1,701644800,0.930320,66678831.063417,0.345864,3.884987,0.127407
./renaissance-native-image:scala-doku-graalvm-linux-x64-O2.tar,1,782417920,0.927960,76829050.964046,0.343320,3.848521,0.139496
./renaissance-native-image:scala-doku-graalvm-linux-x64-O3.tar,1,881459200,0.927853,86680995.364784,0.343205,3.815797,0.151165
./renaissance-native-image:scala-doku-graalvm-linux-x64-Os.tar,1,677560320,0.930458,64264028.528678,0.346014,3.905721,0.122009
./renaissance-native-image:scala-doku-graalvm-linux-x64-prof.tar,1,919060480,0.917264,103381915.454127,0.332305,3.866859,0.145326
./renaissance-native-image:scala-kmeans-graalvm-linux-x64-debug.tar,1,773734400,0.925639,78381624.969381,0.340859,3.886190,0.129495
./renaissance-native-image:scala-kmeans-graalvm-linux-x64-O0.tar,1,773570560,0.925568,78437860.304135,0.340785,3.885982,0.128888
./renaissance-native-image:scala-kmeans-graalvm-linux-x64-O1.tar,1,695746560,0.931738,64794270.037829,0.347415,3.885942,0.125278
./renaissance-native-image:scala-kmeans-graalvm-linux-x64-O2.tar,1,771850240,0.929543,74154469.490390,0.345021,3.852255,0.136270
./renaissance-native-image:scala-kmeans-graalvm-linux-x64-O3.tar,1,868352000,0.927509,85792389.042445,0.342838,3.818669,0.150029
./renaissance-native-image:scala-kmeans-graalvm-linux-x64-Os.tar,1,672399360,0.932198,62204285.575309,0.347922,3.907190,0.120328
./renaissance-native-image:scala-kmeans-graalvm-linux-x64-prof.tar,1,913817600,0.917698,102263370.336594,0.332737,3.866617,0.145897
./renaissance-native-image:scala-stm-bench7-graalvm-linux-x64-debug.tar,1,800112640,0.925891,80783316.347395,0.341125,3.880482,0.129881
./renaissance-native-image:scala-stm-bench7-graalvm-linux-x64-O0.tar,1,800112640,0.925782,80900571.678813,0.341010,3.880393,0.130917
./renaissance-native-image:scala-stm-bench7-graalvm-linux-x64-O1.tar,1,719585280,0.931468,67274999.575859,0.347118,3.881104,0.126178
./renaissance-native-image:scala-stm-bench7-graalvm-linux-x64-O2.tar,1,810844160,0.927852,79737999.369092,0.343204,3.842737,0.141218
./renaissance-native-image:scala-stm-bench7-graalvm-linux-x64-O3.tar,1,920535040,0.926870,91735781.732836,0.342159,3.807124,0.154055
./renaissance-native-image:scala-stm-bench7-graalvm-linux-x64-Os.tar,1,694190080,0.931670,64712707.355997,0.347340,3.902675,0.121675
./renaissance-native-image:scala-stm-bench7-graalvm-linux-x64-prof.tar,1,956252160,0.916443,108611581.350467,0.331491,3.863435,0.147268
./renaissance-native-image:scrabble-graalvm-linux-x64-debug.tar,1,845086720,0.930928,79620908.286282,0.346527,3.893664,0.108554
./renaissance-native-image:scrabble-graalvm-linux-x64-O0.tar,1,845086720,0.930715,79862427.367624,0.346294,3.893834,0.108596
./renaissance-native-image:scrabble-graalvm-linux-x64-O1.tar,1,767016960,0.936802,66211756.743570,0.353096,3.895035,0.103482
./renaissance-native-image:scrabble-graalvm-linux-x64-O2.tar,1,849100800,0.931993,78785736.879408,0.347695,3.863951,0.119867
./renaissance-native-image:scrabble-graalvm-linux-x64-O3.tar,1,946094080,0.931605,88277888.179825,0.347268,3.829067,0.132700
./renaissance-native-image:scrabble-graalvm-linux-x64-Os.tar,1,743014400,0.936497,64445351.174645,0.352746,3.915100,0.098161
./renaissance-native-image:scrabble-graalvm-linux-x64-prof.tar,1,987217920,0.922462,104200942.415811,0.337558,3.875196,0.128215
./scala-dacapo-native-image:apparat-graalvm-linux-x64-debug.tar,1,1181777920,0.950298,80486504.134856,0.369514,3.748870,0.119258
./scala-dacapo-native-image:apparat-graalvm-linux-x64-O0.tar,1,1181777920,0.950192,80656656.769282,0.369376,3.748677,0.119550
./scala-dacapo-native-image:apparat-graalvm-linux-x64-O1.tar,1,1099366400,0.953444,70187548.796575,0.373664,3.737439,0.117739
./scala-dacapo-native-image:apparat-graalvm-linux-x64-O2.tar,1,1220853760,0.949853,83883802.952092,0.368938,3.718658,0.130667
./scala-dacapo-native-image:apparat-graalvm-linux-x64-O3.tar,1,1420738560,0.946225,104590479.897156,0.364338,3.693951,0.147106
./scala-dacapo-native-image:apparat-graalvm-linux-x64-Os.tar,1,1067663360,0.954669,66389189.615186,0.375319,3.753045,0.114911
./scala-dacapo-native-image:apparat-graalvm-linux-x64-prof.tar,1,1389690880,0.940098,113795644.084884,0.356922,3.751895,0.139341
./scala-dacapo-native-image:factorie-graalvm-linux-x64-debug.tar,1,1179402240,0.964597,57409471.250239,0.389686,3.664903,0.105378
./scala-dacapo-native-image:factorie-graalvm-linux-x64-O0.tar,1,1179238400,0.964590,57411689.391347,0.389676,3.664457,0.106055
./scala-dacapo-native-image:factorie-graalvm-linux-x64-O1.tar,1,1114767360,0.967703,49537862.675484,0.394599,3.651701,0.104207
./scala-dacapo-native-image:factorie-graalvm-linux-x64-O2.tar,1,1202913280,0.964505,58704824.724564,0.389544,3.642955,0.113884
./scala-dacapo-native-image:factorie-graalvm-linux-x64-O3.tar,1,1337016320,0.961207,71255926.257789,0.384572,3.632302,0.129651
./scala-dacapo-native-image:factorie-graalvm-linux-x64-Os.tar,1,1090764800,0.968635,47083405.813857,0.396118,3.659708,0.100740
./scala-dacapo-native-image:factorie-graalvm-linux-x64-prof.tar,1,1331363840,0.956566,79357367.198854,0.377928,3.675207,0.122685
./scala-dacapo-native-image:kiama-graalvm-linux-x64-debug.tar,1,1068728320,0.952790,69178036.726839,0.372790,3.746145,0.115320
./scala-dacapo-native-image:kiama-graalvm-linux-x64-O0.tar,1,1068728320,0.952959,68934180.223174,0.373015,3.746143,0.116641
./scala-dacapo-native-image:kiama-graalvm-linux-x64-O1.tar,1,998440960,0.955922,60385388.259788,0.377037,3.735447,0.113729
./scala-dacapo-native-image:kiama-graalvm-linux-x64-O2.tar,1,1093468160,0.952600,71061575.883448,0.372537,3.718145,0.126238
./scala-dacapo-native-image:kiama-graalvm-linux-x64-O3.tar,1,1267630080,0.948370,89643089.600091,0.367037,3.695772,0.143835
./scala-dacapo-native-image:kiama-graalvm-linux-x64-Os.tar,1,972062720,0.957180,57129272.136358,0.378786,3.747524,0.111432
./scala-dacapo-native-image:kiama-graalvm-linux-x64-prof.tar,1,1240678400,0.943077,96610177.451564,0.360475,3.749312,0.133724
./scala-dacapo-native-image:scalac-graalvm-linux-x64-debug.tar,1,2132787200,0.949580,147330933.541205,0.368586,3.722872,0.129796
./scala-dacapo-native-image:scalac-graalvm-linux-x64-O0.tar,1,2132951040,0.949175,148512090.517149,0.368065,3.723552,0.129323
./scala-dacapo-native-image:scalac-graalvm-linux-x64-O1.tar,1,1968291840,0.954182,123690739.578968,0.374659,3.704107,0.127259
./scala-dacapo-native-image:scalac-graalvm-linux-x64-O2.tar,1,2280325120,0.948114,162046284.673867,0.366712,3.681843,0.144950
./scala-dacapo-native-image:scalac-graalvm-linux-x64-O3.tar,1,2917416960,0.941075,235052575.575836,0.358077,3.657959,0.168276
./scala-dacapo-native-image:scalac-graalvm-linux-x64-Os.tar,1,1880391680,0.955175,115633621.340823,0.376010,3.725879,0.123922
./scala-dacapo-native-image:scalac-graalvm-linux-x64-prof.tar,1,2695004160,0.936834,232526031.036234,0.353132,3.730432,0.148303
./scala-dacapo-native-image:scaladoc-graalvm-linux-x64-debug.tar,1,1988444160,0.948151,141204729.123848,0.366759,3.737632,0.129447
./scala-dacapo-native-image:scaladoc-graalvm-linux-x64-O0.tar,1,1988444160,0.948073,141415814.816088,0.366659,3.737647,0.129130
./scala-dacapo-native-image:scaladoc-graalvm-linux-x64-O1.tar,1,1833041920,0.952184,120157890.226296,0.371985,3.720915,0.128499
./scala-dacapo-native-image:scaladoc-graalvm-linux-x64-O2.tar,1,2118533120,0.946951,153881460.312040,0.365245,3.696489,0.142075
./scala-dacapo-native-image:scaladoc-graalvm-linux-x64-O3.tar,1,2669035520,0.940882,215737339.188515,0.357847,3.669637,0.165841
./scala-dacapo-native-image:scaladoc-graalvm-linux-x64-Os.tar,1,1750384640,0.954200,109953673.195963,0.374684,3.741633,0.121847
./scala-dacapo-native-image:scaladoc-graalvm-linux-x64-prof.tar,1,2498478080,0.935175,221145687.288349,0.351245,3.744202,0.147743
./scala-dacapo-native-image:scalap-graalvm-linux-x64-debug.tar,1,1110425600,0.956458,66349752.859077,0.377779,3.723861,0.114282
./scala-dacapo-native-image:scalap-graalvm-linux-x64-O0.tar,1,1110343680,0.956263,66639812.703299,0.377508,3.724750,0.114252
./scala-dacapo-native-image:scalap-graalvm-linux-x64-O1.tar,1,1036943360,0.961037,55503025.306185,0.384322,3.711523,0.110813
./scala-dacapo-native-image:scalap-graalvm-linux-x64-O2.tar,1,1140408320,0.956290,68401577.696349,0.377546,3.698093,0.124439
./scala-dacapo-native-image:scalap-graalvm-linux-x64-O3.tar,1,1303838720,0.952467,84967934.239275,0.372360,3.676991,0.141001
./scala-dacapo-native-image:scalap-graalvm-linux-x64-Os.tar,1,1011384320,0.961930,52905507.384741,0.385643,3.722691,0.106397
./scala-dacapo-native-image:scalap-graalvm-linux-x64-prof.tar,1,1287536640,0.947018,93403971.869952,0.365329,3.730580,0.132434
./scala-dacapo-native-image:scalaxb-graalvm-linux-x64-debug.tar,1,1077821440,0.942415,84891278.320229,0.359677,3.796379,0.124928
./scala-dacapo-native-image:scalaxb-graalvm-linux-x64-O0.tar,1,1077821440,0.942308,85046372.070678,0.359549,3.795891,0.124814
./scala-dacapo-native-image:scalaxb-graalvm-linux-x64-O1.tar,1,1001799680,0.945995,74061495.373651,0.364051,3.788315,0.122817
./scala-dacapo-native-image:scalaxb-graalvm-linux-x64-O2.tar,1,1113620480,0.942601,87431922.739594,0.359901,3.764972,0.135683
./scala-dacapo-native-image:scalaxb-graalvm-linux-x64-O3.tar,1,1310638080,0.939148,108999868.324294,0.355808,3.730019,0.153229
./scala-dacapo-native-image:scalaxb-graalvm-linux-x64-Os.tar,1,969113600,0.946394,71122255.533884,0.364548,3.804774,0.120791
./scala-dacapo-native-image:scalaxb-graalvm-linux-x64-prof.tar,1,1270251520,0.933147,115894863.474265,0.348972,3.792474,0.142245
./scala-dacapo-native-image:tmt-graalvm-linux-x64-debug.tar,1,1334804480,0.967296,60058078.995431,0.393941,3.649546,0.104667
./scala-dacapo-native-image:tmt-graalvm-linux-x64-O0.tar,1,1334804480,0.967180,60269301.123821,0.393755,3.649577,0.104858
./scala-dacapo-native-image:tmt-graalvm-linux-x64-O1.tar,1,1263943680,0.970239,51787583.047135,0.398791,3.635143,0.101272
./scala-dacapo-native-image:tmt-graalvm-linux-x64-O2.tar,1,1382072320,0.966582,63532504.230731,0.392798,3.626430,0.115139
./scala-dacapo-native-image:tmt-graalvm-linux-x64-O3.tar,1,1610547200,0.960282,87861794.853835,0.383216,3.617136,0.134766
./scala-dacapo-native-image:tmt-graalvm-linux-x64-Os.tar,1,1237975040,0.971127,49220932.296554,0.400301,3.644403,0.099166
./scala-dacapo-native-image:tmt-graalvm-linux-x64-prof.tar,1,1545666560,0.957579,90003537.014845,0.379346,3.664725,0.124434
./sqlite-clang-linux-x64-debug.tar,1,29736960,0.936853,2564975.747185,0.353154,3.525297,0.173876
./sqlite-clang-linux-x64-O0.tar,1,16384000,0.960152,896713.318623,0.383027,3.178362,0.229422
./sqlite-clang-linux-x64-O1.tar,1,15400960,0.935581,1354758.247939,0.351705,3.522062,0.204743
./sqlite-clang-linux-x64-O2.tar,1,15646720,0.936678,1353305.752622,0.352953,3.519089,0.206778
./sqlite-clang-linux-x64-O3.tar,1,16711680,0.939467,1382663.724299,0.356180,3.510133,0.206806
./sqlite-clang-linux-x64-Of.tar,1,16711680,0.939328,1385782.340334,0.356018,3.507364,0.207030
./sqlite-clang-linux-x64-Og.tar,1,16220160,0.932147,1501669.791087,0.347865,3.540850,0.196276
./sqlite-clang-linux-x64-Os.tar,1,12124160,0.931334,1135682.025855,0.346971,3.545929,0.193935
./sqlite-clang-linux-x64-static.tar,1,28344320,0.966733,1297094.307646,0.393040,3.172486,0.245199
./sqlite-gcc-linux-x64-debug.tar,1,27525120,0.930055,2625524.797229,0.345576,3.452427,0.200133
./sqlite-gcc-linux-x64-O0.tar,1,16875520,0.958834,953853.266630,0.381127,3.149047,0.221923
./sqlite-gcc-linux-x64-O1.tar,1,13189120,0.935144,1167942.481083,0.351210,3.465013,0.210393
./sqlite-gcc-linux-x64-O2.tar,1,14745600,0.938202,1245114.248447,0.354707,3.460260,0.214760
./sqlite-gcc-linux-x64-O3.tar,1,18923520,0.942500,1488284.998554,0.359779,3.436151,0.220103
./sqlite-gcc-linux-x64-Of.tar,1,19251200,0.942279,1519780.872927,0.359514,3.440441,0.221311
./sqlite-gcc-linux-x64-Og.tar,1,13598720,0.934917,1208377.435622,0.350953,3.459440,0.212827
./sqlite-gcc-linux-x64-Os.tar,1,10895360,0.933067,995232.312503,0.348884,3.506437,0.195456
./sqlite-gcc-linux-x64-static.tar,1,28590080,0.964735,1386288.562181,0.389900,3.169727,0.241131
./web-api-dotnet-linux-x64-debug.tar,1,255508480,0.963112,12954480.341263,0.387416,3.855123,0.162696
./web-api-dotnet-linux-x64-release.tar,1,76677120,0.970549,3109198.782146,0.399316,3.376608,0.179571
./web-api-dotnet-linux-x64-sf.tar,1,76677120,0.970549,3109233.417610,0.399315,3.376608,0.179572
./web-api-dotnet-linux-x64-static-sf.tar,1,76677120,0.970549,3109186.700053,0.399316,3.376608,0.179571
./web-api-dotnet-linux-x64-static.tar,1,76677120,0.970549,3109206.031414,0.399316,3.376608,0.179571
./web-blazor-dotnet-linux-x64-debug.tar,1,689520640,0.967336,30986491.708975,0.394006,3.900120,0.151373
./web-blazor-dotnet-linux-x64-release.tar,1,190054400,0.973652,6899510.309172,0.404734,3.349285,0.174433
./web-blazor-dotnet-linux-x64-sf.tar,1,190054400,0.973652,6899540.032349,0.404733,3.349285,0.174434
./web-blazor-dotnet-linux-x64-static-sf.tar,1,190054400,0.973652,6899494.304410,0.404734,3.349285,0.174433
./web-blazor-dotnet-linux-x64-static.tar,1,190054400,0.973652,6899517.930493,0.404733,3.349285,0.174434
./web-worker-dotnet-linux-x64-debug.tar,1,117309440,0.946898,8529218.667374,0.365179,3.807225,0.187199
./web-worker-dotnet-linux-x64-release.tar,1,38666240,0.971471,1519130.709274,0.400894,3.353904,0.184579
./web-worker-dotnet-linux-x64-sf.tar,1,38666240,0.971470,1519156.873471,0.400893,3.353904,0.184581
./web-worker-dotnet-linux-x64-static-sf.tar,1,38666240,0.971471,1519116.437989,0.400894,3.353904,0.184578
./web-worker-dotnet-linux-x64-static.tar,1,38666240,0.971471,1519137.844942,0.400893,3.353904,0.184579
./xml-linq-dotnet-linux-x64-debug.tar,1,68894720,0.935989,6022656.611644,0.352167,3.730104,0.200467
./xml-linq-dotnet-linux-x64-release.tar,1,23674880,0.972627,892686.587641,0.402910,3.280857,0.191632
./xml-linq-dotnet-linux-x64-sf.tar,1,23674880,0.972626,892722.317210,0.402908,3.280857,0.191635
./xml-linq-dotnet-linux-x64-static-sf.tar,1,23674880,0.972628,892678.043719,0.402910,3.280857,0.191631
./xml-linq-dotnet-linux-x64-static.tar,1,23674880,0.972627,892697.461782,0.402909,3.280857,0.191633
