filename,0,File-bits,Entropy,Chi-square,Mean,Monte-Carlo-Pi,Serial-Correlation
./bin/barista-native-image:helidon-hello-world-graalvm-linux-x64-debug/barista-native-image:helidon-hello-world-graalvm-linux-x64-debug,1,345095040,0.911476,41476403.984259,0.326659,3.902284,0.161420
./bin/barista-native-image:helidon-hello-world-graalvm-linux-x64-O0/barista-native-image:helidon-hello-world-graalvm-linux-x64-O0,1,345095808,0.911404,41509725.988841,0.326590,3.902175,0.161929
./bin/barista-native-image:helidon-hello-world-graalvm-linux-x64-O1/barista-native-image:helidon-hello-world-graalvm-linux-x64-O1,1,249372992,0.921705,26573602.878722,0.336781,3.908191,0.150129
./bin/barista-native-image:helidon-hello-world-graalvm-linux-x64-O2/barista-native-image:helidon-hello-world-graalvm-linux-x64-O2,1,324407040,0.900546,43689093.942542,0.316510,3.900940,0.176912
./bin/barista-native-image:helidon-hello-world-graalvm-linux-x64-O3/barista-native-image:helidon-hello-world-graalvm-linux-x64-O3,1,448751040,0.884973,69635628.055203,0.303038,3.896748,0.192803
./bin/barista-native-image:helidon-hello-world-graalvm-linux-x64-Os/barista-native-image:helidon-hello-world-graalvm-linux-x64-Os,1,236942208,0.929353,22824197.289412,0.344816,3.903953,0.147920
./bin/barista-native-image:helidon-hello-world-graalvm-linux-x64-prof/barista-native-image:helidon-hello-world-graalvm-linux-x64-prof,1,520924992,0.876893,86343622.318829,0.296438,3.907724,0.191604
./bin/barista-native-image:micronaut-hello-world-graalvm-linux-x64-debug/barista-native-image:micronaut-hello-world-graalvm-linux-x64-debug,1,536016704,0.921222,57464343.075250,0.336288,3.899727,0.152185
./bin/barista-native-image:micronaut-hello-world-graalvm-linux-x64-O0/barista-native-image:micronaut-hello-world-graalvm-linux-x64-O0,1,536019648,0.920837,57740748.385075,0.335895,3.899971,0.152617
./bin/barista-native-image:micronaut-hello-world-graalvm-linux-x64-O1/barista-native-image:micronaut-hello-world-graalvm-linux-x64-O1,1,406750272,0.931156,38198015.277582,0.346776,3.903779,0.145293
./bin/barista-native-image:micronaut-hello-world-graalvm-linux-x64-O2/barista-native-image:micronaut-hello-world-graalvm-linux-x64-O2,1,526791168,0.907815,65874665.788132,0.323189,3.901615,0.170168
./bin/barista-native-image:micronaut-hello-world-graalvm-linux-x64-O3/barista-native-image:micronaut-hello-world-graalvm-linux-x64-O3,1,724920512,0.892229,105579539.679328,0.309184,3.897692,0.187570
./bin/barista-native-image:micronaut-hello-world-graalvm-linux-x64-Os/barista-native-image:micronaut-hello-world-graalvm-linux-x64-Os,1,386867072,0.937044,33270176.465824,0.353372,3.906702,0.140988
./bin/barista-native-image:micronaut-hello-world-graalvm-linux-x64-prof/barista-native-image:micronaut-hello-world-graalvm-linux-x64-prof,1,822573632,0.886572,125918105.918983,0.304374,3.901536,0.185231
./bin/barista-native-image:micronaut-shopcart-graalvm-linux-x64-debug/barista-native-image:micronaut-shopcart-graalvm-linux-x64-debug,1,599582272,0.921728,63874335.732404,0.336804,3.898946,0.149831
./bin/barista-native-image:micronaut-shopcart-graalvm-linux-x64-O0/barista-native-image:micronaut-shopcart-graalvm-linux-x64-O0,1,599593280,0.921758,63851233.140110,0.336835,3.901279,0.149655
./bin/barista-native-image:micronaut-shopcart-graalvm-linux-x64-O1/barista-native-image:micronaut-shopcart-graalvm-linux-x64-O1,1,452400320,0.932108,41906957.881488,0.347822,3.903173,0.144180
./bin/barista-native-image:micronaut-shopcart-graalvm-linux-x64-O2/barista-native-image:micronaut-shopcart-graalvm-linux-x64-O2,1,591631232,0.908874,73152131.148458,0.324184,3.900609,0.167947
./bin/barista-native-image:micronaut-shopcart-graalvm-linux-x64-O3/barista-native-image:micronaut-shopcart-graalvm-linux-x64-O3,1,811799808,0.893482,116894037.615193,0.310268,3.895936,0.189122
./bin/barista-native-image:micronaut-shopcart-graalvm-linux-x64-Os/barista-native-image:micronaut-shopcart-graalvm-linux-x64-Os,1,430963072,0.938097,36451590.380309,0.354585,3.903834,0.139782
./bin/barista-native-image:micronaut-shopcart-graalvm-linux-x64-prof/barista-native-image:micronaut-shopcart-graalvm-linux-x64-prof,1,920792000,0.885860,141813077.347658,0.303778,3.908159,0.182137
./bin/barista-native-image:micronaut-similarity-graalvm-linux-x64-debug/barista-native-image:micronaut-similarity-graalvm-linux-x64-debug,1,536951488,0.921591,57299976.483311,0.336665,3.898218,0.154060
./bin/barista-native-image:micronaut-similarity-graalvm-linux-x64-O0/barista-native-image:micronaut-similarity-graalvm-linux-x64-O0,1,536941312,0.921387,57445726.267306,0.336456,3.899854,0.153209
./bin/barista-native-image:micronaut-similarity-graalvm-linux-x64-O1/barista-native-image:micronaut-similarity-graalvm-linux-x64-O1,1,407547264,0.930474,38645623.639244,0.346032,3.904820,0.142914
./bin/barista-native-image:micronaut-similarity-graalvm-linux-x64-O2/barista-native-image:micronaut-similarity-graalvm-linux-x64-O2,1,529222848,0.908243,65878644.521321,0.323590,3.900582,0.171547
./bin/barista-native-image:micronaut-similarity-graalvm-linux-x64-O3/barista-native-image:micronaut-similarity-graalvm-linux-x64-O3,1,726334656,0.892978,105069719.507708,0.309831,3.896248,0.189519
./bin/barista-native-image:micronaut-similarity-graalvm-linux-x64-Os/barista-native-image:micronaut-similarity-graalvm-linux-x64-Os,1,387635200,0.937345,33178884.934870,0.353719,3.905381,0.140976
./bin/barista-native-image:micronaut-similarity-graalvm-linux-x64-prof/barista-native-image:micronaut-similarity-graalvm-linux-x64-prof,1,825324864,0.886757,126139226.430554,0.304529,3.899851,0.184552
./bin/barista-native-image:play-scala-hello-world-graalvm-linux-x64-debug/barista-native-image:play-scala-hello-world-graalvm-linux-x64-debug,1,714385600,0.922067,75781078.268599,0.337151,3.902257,0.151614
./bin/barista-native-image:play-scala-hello-world-graalvm-linux-x64-O0/barista-native-image:play-scala-hello-world-graalvm-linux-x64-O0,1,714387904,0.922467,75398891.717183,0.337563,3.901954,0.152048
./bin/barista-native-image:play-scala-hello-world-graalvm-linux-x64-O1/barista-native-image:play-scala-hello-world-graalvm-linux-x64-O1,1,513268480,0.935181,45426241.050290,0.351252,3.902661,0.140514
./bin/barista-native-image:play-scala-hello-world-graalvm-linux-x64-O2/barista-native-image:play-scala-hello-world-graalvm-linux-x64-O2,1,654071232,0.911691,78425489.530176,0.326865,3.900651,0.166978
./bin/barista-native-image:play-scala-hello-world-graalvm-linux-x64-O3/barista-native-image:play-scala-hello-world-graalvm-linux-x64-O3,1,868173696,0.895829,122326685.096639,0.312316,3.898522,0.186291
./bin/barista-native-image:play-scala-hello-world-graalvm-linux-x64-Os/barista-native-image:play-scala-hello-world-graalvm-linux-x64-Os,1,490809152,0.940643,39830019.998650,0.357564,3.904532,0.138778
./bin/barista-native-image:play-scala-hello-world-graalvm-linux-x64-prof/barista-native-image:play-scala-hello-world-graalvm-linux-x64-prof,1,1112199168,0.886714,170046629.567032,0.304493,3.901520,0.188250
./bin/barista-native-image:quarkus-hello-world-graalvm-linux-x64-debug/barista-native-image:quarkus-hello-world-graalvm-linux-x64-debug,1,405818432,0.917637,45447359.345318,0.332676,3.896865,0.158642
./bin/barista-native-image:quarkus-hello-world-graalvm-linux-x64-O0/barista-native-image:quarkus-hello-world-graalvm-linux-x64-O0,1,405817472,0.917012,45785245.616773,0.332055,3.897160,0.158347
./bin/barista-native-image:quarkus-hello-world-graalvm-linux-x64-O1/barista-native-image:quarkus-hello-world-graalvm-linux-x64-O1,1,306990592,0.926027,30939517.847051,0.341268,3.903818,0.151034
./bin/barista-native-image:quarkus-hello-world-graalvm-linux-x64-O2/barista-native-image:quarkus-hello-world-graalvm-linux-x64-O2,1,405900288,0.901923,53925302.639322,0.317755,3.902048,0.176294
./bin/barista-native-image:quarkus-hello-world-graalvm-linux-x64-O3/barista-native-image:quarkus-hello-world-graalvm-linux-x64-O3,1,559693120,0.888359,84363987.927523,0.305879,3.892633,0.194644
./bin/barista-native-image:quarkus-hello-world-graalvm-linux-x64-Os/barista-native-image:quarkus-hello-world-graalvm-linux-x64-Os,1,290929664,0.933666,26340684.929399,0.349551,3.905882,0.144913
./bin/barista-native-image:quarkus-hello-world-graalvm-linux-x64-prof/barista-native-image:quarkus-hello-world-graalvm-linux-x64-prof,1,633331648,0.881518,101144822.223022,0.300186,3.901512,0.187561
./bin/barista-native-image:quarkus-tika-graalvm-linux-x64-debug/barista-native-image:quarkus-tika-graalvm-linux-x64-debug,1,800075840,0.922022,84918225.607263,0.337106,3.890973,0.154657
./bin/barista-native-image:quarkus-tika-graalvm-linux-x64-O0/barista-native-image:quarkus-tika-graalvm-linux-x64-O0,1,800073792,0.922176,84754137.383453,0.337263,3.889663,0.154636
./bin/barista-native-image:quarkus-tika-graalvm-linux-x64-O1/barista-native-image:quarkus-tika-graalvm-linux-x64-O1,1,599689280,0.934879,53318853.487672,0.350910,3.896813,0.143461
./bin/barista-native-image:quarkus-tika-graalvm-linux-x64-O2/barista-native-image:quarkus-tika-graalvm-linux-x64-O2,1,760188864,0.914710,88096291.962437,0.329789,3.894179,0.167065
./bin/barista-native-image:quarkus-tika-graalvm-linux-x64-O3/barista-native-image:quarkus-tika-graalvm-linux-x64-O3,1,1011143616,0.900881,135726902.088809,0.316812,3.892021,0.187491
./bin/barista-native-image:quarkus-tika-graalvm-linux-x64-Os/barista-native-image:quarkus-tika-graalvm-linux-x64-Os,1,567306176,0.941618,45292081.232870,0.358723,3.896542,0.139689
./bin/barista-native-image:quarkus-tika-graalvm-linux-x64-prof/barista-native-image:quarkus-tika-graalvm-linux-x64-prof,1,1203178880,0.891453,176462885.461503,0.308516,3.897650,0.188683
./bin/barista-native-image:spring-hello-world-graalvm-linux-x64-debug/barista-native-image:spring-hello-world-graalvm-linux-x64-debug,1,620321280,0.923619,64516258.906121,0.338751,3.900900,0.152771
./bin/barista-native-image:spring-hello-world-graalvm-linux-x64-O0/barista-native-image:spring-hello-world-graalvm-linux-x64-O0,1,620322240,0.924347,63912437.101877,0.339508,3.900136,0.151470
./bin/barista-native-image:spring-hello-world-graalvm-linux-x64-O1/barista-native-image:spring-hello-world-graalvm-linux-x64-O1,1,469433344,0.934590,41919860.988768,0.350585,3.902733,0.145295
./bin/barista-native-image:spring-hello-world-graalvm-linux-x64-O2/barista-native-image:spring-hello-world-graalvm-linux-x64-O2,1,591333952,0.914641,68583122.976360,0.329721,3.899002,0.171169
./bin/barista-native-image:spring-hello-world-graalvm-linux-x64-O3/barista-native-image:spring-hello-world-graalvm-linux-x64-O3,1,824571136,0.897446,114423669.538194,0.313742,3.892701,0.190559
./bin/barista-native-image:spring-hello-world-graalvm-linux-x64-Os/barista-native-image:spring-hello-world-graalvm-linux-x64-Os,1,443596736,0.940807,35900188.167058,0.357759,3.908052,0.140937
./bin/barista-native-image:spring-hello-world-graalvm-linux-x64-prof/barista-native-image:spring-hello-world-graalvm-linux-x64-prof,1,928161216,0.890203,137654346.171946,0.307446,3.905271,0.183295
./bin/barista-native-image:spring-petclinic-graalvm-linux-x64-debug/barista-native-image:spring-petclinic-graalvm-linux-x64-debug,1,1436429056,0.931182,134845517.844224,0.346804,3.900931,0.143219
./bin/barista-native-image:spring-petclinic-graalvm-linux-x64-O0/barista-native-image:spring-petclinic-graalvm-linux-x64-O0,1,1436434816,0.931631,133980104.894653,0.347297,3.899190,0.144155
./bin/barista-native-image:spring-petclinic-graalvm-linux-x64-O1/barista-native-image:spring-petclinic-graalvm-linux-x64-O1,1,1113887296,0.939280,92439393.817176,0.355962,3.901672,0.135908
./bin/barista-native-image:spring-petclinic-graalvm-linux-x64-O2/barista-native-image:spring-petclinic-graalvm-linux-x64-O2,1,1410683456,0.919364,154732495.986789,0.334405,3.898784,0.162089
./bin/barista-native-image:spring-petclinic-graalvm-linux-x64-O3/barista-native-image:spring-petclinic-graalvm-linux-x64-O3,1,1979800064,0.903349,259288384.232137,0.319053,3.889798,0.184513
./bin/barista-native-image:spring-petclinic-graalvm-linux-x64-Os/barista-native-image:spring-petclinic-graalvm-linux-x64-Os,1,1057068224,0.945669,78612776.699480,0.363647,3.905133,0.128607
./bin/barista-native-image:spring-petclinic-graalvm-linux-x64-prof/barista-native-image:spring-petclinic-graalvm-linux-x64-prof,1,2164792384,0.898001,298816889.389995,0.314235,3.898475,0.178823
./bin/barista-native-image:vanilla-hello-world-graalvm-linux-x64-debug/barista-native-image:vanilla-hello-world-graalvm-linux-x64-debug,1,138108096,0.905786,17641936.809383,0.321296,3.902998,0.160506
./bin/barista-native-image:vanilla-hello-world-graalvm-linux-x64-O0/barista-native-image:vanilla-hello-world-graalvm-linux-x64-O0,1,138107328,0.905481,17697628.641725,0.321014,3.906036,0.160158
./bin/barista-native-image:vanilla-hello-world-graalvm-linux-x64-O1/barista-native-image:vanilla-hello-world-graalvm-linux-x64-O1,1,96860224,0.918309,10760599.618610,0.333346,3.906282,0.155754
./bin/barista-native-image:vanilla-hello-world-graalvm-linux-x64-O2/barista-native-image:vanilla-hello-world-graalvm-linux-x64-O2,1,121007808,0.898613,16605556.667329,0.314779,3.904420,0.176699
./bin/barista-native-image:vanilla-hello-world-graalvm-linux-x64-O3/barista-native-image:vanilla-hello-world-graalvm-linux-x64-O3,1,152431040,0.885890,23470313.525605,0.303803,3.905312,0.194970
./bin/barista-native-image:vanilla-hello-world-graalvm-linux-x64-Os/barista-native-image:vanilla-hello-world-graalvm-linux-x64-Os,1,92175104,0.925174,9394931.798941,0.340372,3.904378,0.154117
./bin/barista-native-image:vanilla-hello-world-graalvm-linux-x64-prof/barista-native-image:vanilla-hello-world-graalvm-linux-x64-prof,1,203113088,0.870803,35278902.974527,0.291619,3.906723,0.189501
./bin/crypto-compression-dotnet-linux-x64-debug/crypto-compression.dbg,1,47758208,0.945717,3548609.898570,0.363707,3.641598,0.193003
./bin/crypto-compression-dotnet-linux-x64-release/crypto-compression,1,14549824,0.969506,610724.345613,0.397561,3.354568,0.193721
./bin/crypto-compression-dotnet-linux-x64-static/crypto-compression,1,588997408,0.943969,45155329.678903,0.361558,3.561383,0.166800
./bin/dacapo-native-image:fop-graalvm-linux-x64-debug/dacapo-native-image:fop-graalvm-linux-x64-debug,1,672303168,0.915509,77196683.532075,0.330571,3.889927,0.157613
./bin/dacapo-native-image:fop-graalvm-linux-x64-O0/dacapo-native-image:fop-graalvm-linux-x64-O0,1,672303936,0.915505,77200850.092187,0.330567,3.890278,0.157194
./bin/dacapo-native-image:fop-graalvm-linux-x64-O1/dacapo-native-image:fop-graalvm-linux-x64-O1,1,504828992,0.923278,52734460.587454,0.338399,3.897170,0.152917
./bin/dacapo-native-image:fop-graalvm-linux-x64-O2/dacapo-native-image:fop-graalvm-linux-x64-O2,1,644567040,0.902510,85132265.361710,0.318288,3.892327,0.175964
./bin/dacapo-native-image:fop-graalvm-linux-x64-O3/dacapo-native-image:fop-graalvm-linux-x64-O3,1,898668160,0.888548,135235141.758059,0.306039,3.890316,0.195859
./bin/dacapo-native-image:fop-graalvm-linux-x64-Os/dacapo-native-image:fop-graalvm-linux-x64-Os,1,469837760,0.930197,44727139.963067,0.345730,3.897428,0.146777
./bin/dacapo-native-image:fop-graalvm-linux-x64-prof/dacapo-native-image:fop-graalvm-linux-x64-prof,1,1021697856,0.883729,160208649.775097,0.302006,3.899852,0.184971
./bin/dacapo-native-image:luindex-graalvm-linux-x64-debug/dacapo-native-image:luindex-graalvm-linux-x64-debug,1,274497984,0.908212,34181359.641992,0.323561,3.896742,0.160410
./bin/dacapo-native-image:luindex-graalvm-linux-x64-O0/dacapo-native-image:luindex-graalvm-linux-x64-O0,1,274492992,0.908156,34200908.399815,0.323509,3.899713,0.159601
./bin/dacapo-native-image:luindex-graalvm-linux-x64-O1/dacapo-native-image:luindex-graalvm-linux-x64-O1,1,194635136,0.922283,20590342.207327,0.337374,3.898043,0.152972
./bin/dacapo-native-image:luindex-graalvm-linux-x64-O2/dacapo-native-image:luindex-graalvm-linux-x64-O2,1,249122240,0.901248,33319211.133507,0.317143,3.900602,0.178160
./bin/dacapo-native-image:luindex-graalvm-linux-x64-O3/dacapo-native-image:luindex-graalvm-linux-x64-O3,1,330828416,0.886359,50735234.058362,0.304195,3.893232,0.195476
./bin/dacapo-native-image:luindex-graalvm-linux-x64-Os/dacapo-native-image:luindex-graalvm-linux-x64-Os,1,185799872,0.927933,18251206.368259,0.343291,3.902212,0.146778
./bin/dacapo-native-image:luindex-graalvm-linux-x64-prof/dacapo-native-image:luindex-graalvm-linux-x64-prof,1,401197632,0.876533,66687008.498665,0.296150,3.906162,0.191364
./bin/dacapo-native-image:lusearch-graalvm-linux-x64-debug/dacapo-native-image:lusearch-graalvm-linux-x64-debug,1,254357696,0.906663,32195950.667283,0.322111,3.899191,0.163359
./bin/dacapo-native-image:lusearch-graalvm-linux-x64-O0/dacapo-native-image:lusearch-graalvm-linux-x64-O0,1,254359232,0.906575,32225824.836476,0.322029,3.900768,0.163179
./bin/dacapo-native-image:lusearch-graalvm-linux-x64-O1/dacapo-native-image:lusearch-graalvm-linux-x64-O1,1,179502336,0.920074,19518981.682016,0.335122,3.901674,0.153919
./bin/dacapo-native-image:lusearch-graalvm-linux-x64-O2/dacapo-native-image:lusearch-graalvm-linux-x64-O2,1,227707968,0.900891,30562431.474865,0.316821,3.898443,0.179626
./bin/dacapo-native-image:lusearch-graalvm-linux-x64-O3/dacapo-native-image:lusearch-graalvm-linux-x64-O3,1,296736704,0.886880,45303911.787913,0.304633,3.892500,0.196011
./bin/dacapo-native-image:lusearch-graalvm-linux-x64-Os/dacapo-native-image:lusearch-graalvm-linux-x64-Os,1,171401920,0.925921,17298808.874053,0.341156,3.903033,0.150189
./bin/dacapo-native-image:lusearch-graalvm-linux-x64-prof/dacapo-native-image:lusearch-graalvm-linux-x64-prof,1,373748864,0.873988,63365912.665072,0.294123,3.903325,0.192945
./bin/dacapo-native-image:pmd-graalvm-linux-x64-debug/dacapo-native-image:pmd-graalvm-linux-x64-debug,1,372995456,0.913786,43684252.636997,0.328888,3.898988,0.161852
./bin/dacapo-native-image:pmd-graalvm-linux-x64-O0/dacapo-native-image:pmd-graalvm-linux-x64-O0,1,372992512,0.913904,43625554.513901,0.329002,3.898695,0.161671
./bin/dacapo-native-image:pmd-graalvm-linux-x64-O1/dacapo-native-image:pmd-graalvm-linux-x64-O1,1,280869568,0.922967,29456435.597379,0.338077,3.905535,0.157427
./bin/dacapo-native-image:pmd-graalvm-linux-x64-O2/dacapo-native-image:pmd-graalvm-linux-x64-O2,1,363590592,0.902035,48250334.084824,0.317856,3.898257,0.180091
./bin/dacapo-native-image:pmd-graalvm-linux-x64-O3/dacapo-native-image:pmd-graalvm-linux-x64-O3,1,489121472,0.888101,73891784.662808,0.305661,3.893736,0.195419
./bin/dacapo-native-image:pmd-graalvm-linux-x64-Os/dacapo-native-image:pmd-graalvm-linux-x64-Os,1,265512384,0.929969,25357126.604018,0.345483,3.904733,0.150115
./bin/dacapo-native-image:pmd-graalvm-linux-x64-prof/dacapo-native-image:pmd-graalvm-linux-x64-prof,1,585322304,0.877809,96316997.049335,0.297174,3.904729,0.191043
./bin/dacapo-native-image:sunflow-graalvm-linux-x64-debug/dacapo-native-image:sunflow-graalvm-linux-x64-debug,1,246941696,0.905588,31608894.146050,0.321114,3.894396,0.163718
./bin/dacapo-native-image:sunflow-graalvm-linux-x64-O0/dacapo-native-image:sunflow-graalvm-linux-x64-O0,1,246941632,0.905297,31704032.659132,0.320845,3.896265,0.164143
./bin/dacapo-native-image:sunflow-graalvm-linux-x64-O1/dacapo-native-image:sunflow-graalvm-linux-x64-O1,1,173179840,0.918120,19282736.877828,0.333158,3.898371,0.156711
./bin/dacapo-native-image:sunflow-graalvm-linux-x64-O2/dacapo-native-image:sunflow-graalvm-linux-x64-O2,1,220031104,0.897465,30527646.701486,0.313759,3.900339,0.181842
./bin/dacapo-native-image:sunflow-graalvm-linux-x64-O3/dacapo-native-image:sunflow-graalvm-linux-x64-O3,1,299132992,0.883523,46986935.364030,0.301835,3.891597,0.200250
./bin/dacapo-native-image:sunflow-graalvm-linux-x64-Os/dacapo-native-image:sunflow-graalvm-linux-x64-Os,1,164263104,0.924161,16965061.326179,0.339314,3.900921,0.151867
./bin/dacapo-native-image:sunflow-graalvm-linux-x64-prof/dacapo-native-image:sunflow-graalvm-linux-x64-prof,1,364885504,0.873690,62005041.489102,0.293887,3.901036,0.193635
./bin/dacapo-native-image:xalan-graalvm-linux-x64-debug/dacapo-native-image:xalan-graalvm-linux-x64-debug,1,260492672,0.913897,30469799.923526,0.328996,3.900919,0.159125
./bin/dacapo-native-image:xalan-graalvm-linux-x64-O0/dacapo-native-image:xalan-graalvm-linux-x64-O0,1,260501824,0.914093,30402941.601691,0.329186,3.901610,0.158205
./bin/dacapo-native-image:xalan-graalvm-linux-x64-O1/dacapo-native-image:xalan-graalvm-linux-x64-O1,1,194518272,0.923399,20288063.931693,0.338523,3.902455,0.153733
./bin/dacapo-native-image:xalan-graalvm-linux-x64-O2/dacapo-native-image:xalan-graalvm-linux-x64-O2,1,252345152,0.901135,33787727.433569,0.317042,3.900243,0.180101
./bin/dacapo-native-image:xalan-graalvm-linux-x64-O3/dacapo-native-image:xalan-graalvm-linux-x64-O3,1,340500160,0.887095,51889465.584173,0.304813,3.893306,0.197050
./bin/dacapo-native-image:xalan-graalvm-linux-x64-Os/dacapo-native-image:xalan-graalvm-linux-x64-Os,1,182901184,0.930775,17269689.159466,0.346360,3.902713,0.151602
./bin/dacapo-native-image:xalan-graalvm-linux-x64-prof/dacapo-native-image:xalan-graalvm-linux-x64-prof,1,401255360,0.877511,66184288.540608,0.296934,3.906165,0.192127
./bin/embedded-js-graalvm-linux-x64-debug/embedded-js-graalvm-linux-x64-debug,1,1901641600,0.892008,277514521.771712,0.308993,3.894571,0.185560
./bin/embedded-js-graalvm-linux-x64-O0/embedded-js-graalvm-linux-x64-O0,1,1137724352,0.916951,128453385.373286,0.331994,3.534154,0.220038
./bin/embedded-js-graalvm-linux-x64-O1/embedded-js-graalvm-linux-x64-O1,1,984632256,0.928511,95958718.274944,0.343910,3.469531,0.232389
./bin/embedded-js-graalvm-linux-x64-O2/embedded-js-graalvm-linux-x64-O2,1,1187007424,0.936724,102591631.028963,0.353006,3.433655,0.222349
./bin/embedded-js-graalvm-linux-x64-O3/embedded-js-graalvm-linux-x64-O3,1,1485851584,0.942349,117161442.217424,0.359598,3.397261,0.228052
./bin/embedded-js-graalvm-linux-x64-Os/embedded-js-graalvm-linux-x64-Os,1,868240320,0.927015,86355654.852168,0.342313,3.517558,0.233295
./bin/embedded-js-graalvm-linux-x64-prof/embedded-js-graalvm-linux-x64-prof,1,2201581824,0.880300,355107806.205136,0.299191,3.898537,0.193095
./bin/fork-join-pool-graalvm-linux-x64-debug/fork-join-pool-graalvm-linux-x64-debug,1,69104000,0.911147,8335742.076813,0.326344,3.905234,0.165592
./bin/fork-join-pool-graalvm-linux-x64-O0/fork-join-pool-graalvm-linux-x64-O0,1,50874752,0.872884,8698598.559037,0.293251,3.618821,0.276457
./bin/fork-join-pool-graalvm-linux-x64-O1/fork-join-pool-graalvm-linux-x64-O1,1,46156160,0.872259,7929404.778659,0.292759,3.606721,0.304118
./bin/fork-join-pool-graalvm-linux-x64-O2/fork-join-pool-graalvm-linux-x64-O2,1,56641920,0.898065,7813805.476382,0.314291,3.533053,0.276185
./bin/fork-join-pool-graalvm-linux-x64-O3/fork-join-pool-graalvm-linux-x64-O3,1,70273408,0.912905,8312633.602642,0.328034,3.478939,0.285106
./bin/fork-join-pool-graalvm-linux-x64-Os/fork-join-pool-graalvm-linux-x64-Os,1,41961856,0.856745,8053626.861134,0.280952,3.671180,0.300844
./bin/fork-join-pool-graalvm-linux-x64-prof/fork-join-pool-graalvm-linux-x64-prof,1,102407744,0.871570,17685007.658421,0.292219,3.911919,0.194629
./bin/fork-join-pool-isolate-graalvm-linux-x64-debug/fork-join-pool-isolate-graalvm-linux-x64-debug,1,69270336,0.911297,8342051.261632,0.326487,3.906542,0.165855
./bin/fork-join-pool-isolate-graalvm-linux-x64-O0/fork-join-pool-isolate-graalvm-linux-x64-O0,1,50874752,0.873023,8689398.179951,0.293360,3.604536,0.274732
./bin/fork-join-pool-isolate-graalvm-linux-x64-O1/fork-join-pool-isolate-graalvm-linux-x64-O1,1,46156160,0.870939,8008718.410795,0.291725,3.602927,0.299035
./bin/fork-join-pool-isolate-graalvm-linux-x64-O2/fork-join-pool-isolate-graalvm-linux-x64-O2,1,57166208,0.892828,8280783.178454,0.309701,3.543011,0.279673
./bin/fork-join-pool-isolate-graalvm-linux-x64-O3/fork-join-pool-isolate-graalvm-linux-x64-O3,1,70273408,0.916687,7958881.332105,0.331732,3.471674,0.287169
./bin/fork-join-pool-isolate-graalvm-linux-x64-Os/fork-join-pool-isolate-graalvm-linux-x64-Os,1,41961856,0.860711,7838322.943477,0.283900,3.671354,0.306836
./bin/fork-join-pool-isolate-graalvm-linux-x64-prof/fork-join-pool-isolate-graalvm-linux-x64-prof,1,102716992,0.871385,17763211.930907,0.292074,3.909293,0.193872
./bin/grpc-dotnet-linux-x64-debug/grpc.dbg,1,452244160,0.965147,21674448.796234,0.390539,3.878283,0.155372
./bin/grpc-dotnet-linux-x64-release/grpc,1,137124736,0.972829,5132502.429712,0.403267,3.354886,0.177713
./bin/grpc-dotnet-linux-x64-static/grpc,1,814632624,0.940972,65747819.681831,0.357954,3.596278,0.162220
./bin/hello-isolate-graalvm-linux-x64-debug/hello-isolate-graalvm-linux-x64-debug,1,69127168,0.911329,8321807.077785,0.326518,3.905915,0.165170
./bin/hello-isolate-graalvm-linux-x64-O0/hello-isolate-graalvm-linux-x64-O0,1,50874752,0.873237,8675200.399798,0.293529,3.613522,0.274709
./bin/hello-isolate-graalvm-linux-x64-O1/hello-isolate-graalvm-linux-x64-O1,1,46156160,0.870721,8021826.753073,0.291555,3.607565,0.298362
./bin/hello-isolate-graalvm-linux-x64-O2/hello-isolate-graalvm-linux-x64-O2,1,57166208,0.893343,8242027.469650,0.310147,3.534810,0.285656
./bin/hello-isolate-graalvm-linux-x64-O3/hello-isolate-graalvm-linux-x64-O3,1,70273408,0.911841,8412036.731591,0.327008,3.479322,0.283704
./bin/hello-isolate-graalvm-linux-x64-Os/hello-isolate-graalvm-linux-x64-Os,1,41961856,0.861423,7799631.904694,0.284434,3.661448,0.311027
./bin/hello-isolate-graalvm-linux-x64-prof/hello-isolate-graalvm-linux-x64-prof,1,102516608,0.871255,17745836.088110,0.291972,3.910994,0.194252
./bin/hello-world-clang-linux-x64-debug/hello-world-clang-linux-x64-debug,1,137216,0.371148,100822.530900,0.071406,3.970609,0.440449
./bin/hello-world-clang-linux-x64-O0/hello-world-clang-linux-x64-O0,1,127936,0.331121,98655.763163,0.060929,3.969981,0.456562
./bin/hello-world-clang-linux-x64-O1/hello-world-clang-linux-x64-O1,1,127936,0.328277,98979.184123,0.060210,3.968480,0.456570
./bin/hello-world-clang-linux-x64-O2/hello-world-clang-linux-x64-O2,1,127936,0.328277,98979.184123,0.060210,3.968480,0.456570
./bin/hello-world-clang-linux-x64-O3/hello-world-clang-linux-x64-O3,1,127936,0.328277,98979.184123,0.060210,3.968480,0.456570
./bin/hello-world-clang-linux-x64-Of/hello-world-clang-linux-x64-Of,1,128512,0.337716,98343.006101,0.062609,3.973104,0.459445
./bin/hello-world-clang-linux-x64-Og/hello-world-clang-linux-x64-Og,1,127936,0.328277,98979.184123,0.060210,3.968480,0.456570
./bin/hello-world-clang-linux-x64-Os/hello-world-clang-linux-x64-Os,1,127936,0.328029,99007.332698,0.060147,3.966979,0.456180
./bin/hello-world-clang-linux-x64-static/hello-world-clang-linux-x64-static,1,6816896,0.937309,583811.987685,0.353677,3.323438,0.309146
./bin/hello-world-dotnet-linux-x64-debug/hello-world.dbg,1,43606720,0.945734,3239156.578887,0.363727,3.648232,0.190788
./bin/hello-world-dotnet-linux-x64-release/hello-world,1,10166208,0.966133,473551.594651,0.392087,3.350092,0.205945
./bin/hello-world-dotnet-linux-x64-static/hello-world,1,588984784,0.943969,45154385.887565,0.361558,3.561372,0.166801
./bin/hello-world-gcc-linux-x64-debug/hello-world-gcc-linux-x64-debug,1,136640,0.364179,101278.535158,0.069533,3.970485,0.438259
./bin/hello-world-gcc-linux-x64-O0/hello-world-gcc-linux-x64-O0,1,127808,0.327461,98972.684808,0.060004,3.966942,0.455251
./bin/hello-world-gcc-linux-x64-O1/hello-world-gcc-linux-x64-O1,1,127808,0.326871,99039.575488,0.059855,3.965440,0.457461
./bin/hello-world-gcc-linux-x64-O2/hello-world-gcc-linux-x64-O2,1,127808,0.327523,98965.644999,0.060020,3.974455,0.458297
./bin/hello-world-gcc-linux-x64-O3/hello-world-gcc-linux-x64-O3,1,127808,0.327523,98965.644999,0.060020,3.974455,0.458297
./bin/hello-world-gcc-linux-x64-Of/hello-world-gcc-linux-x64-Of,1,128384,0.338142,98196.024427,0.062718,3.961107,0.461640
./bin/hello-world-gcc-linux-x64-Og/hello-world-gcc-linux-x64-Og,1,127808,0.326871,99039.575488,0.059855,3.965440,0.457461
./bin/hello-world-gcc-linux-x64-Os/hello-world-gcc-linux-x64-Os,1,127808,0.327741,98941.007636,0.060074,3.974455,0.460006
./bin/hello-world-gcc-linux-x64-static/hello-world-gcc-linux-x64-static,1,6750656,0.936013,589912.983997,0.352194,3.338898,0.306425
./bin/hello-world-graalvm-linux-x64-debug/hello-world-graalvm-linux-x64-debug,1,68891968,0.911253,8300425.111567,0.326446,3.906104,0.165583
./bin/hello-world-graalvm-linux-x64-O0/hello-world-graalvm-linux-x64-O0,1,50874752,0.869489,8923471.220681,0.290596,3.617409,0.278269
./bin/hello-world-graalvm-linux-x64-O1/hello-world-graalvm-linux-x64-O1,1,46156160,0.870335,8045034.288314,0.291254,3.612819,0.300926
./bin/hello-world-graalvm-linux-x64-O2/hello-world-graalvm-linux-x64-O2,1,56641920,0.896286,7946781.241365,0.312718,3.536141,0.285000
./bin/hello-world-graalvm-linux-x64-O3/hello-world-graalvm-linux-x64-O3,1,69749120,0.913579,8188012.423300,0.328687,3.471122,0.287707
./bin/hello-world-graalvm-linux-x64-Os/hello-world-graalvm-linux-x64-Os,1,41961856,0.857945,7988524.845141,0.281840,3.670160,0.311647
./bin/hello-world-graalvm-linux-x64-prof/hello-world-graalvm-linux-x64-prof,1,102203712,0.870644,17773032.112220,0.291495,3.912123,0.193699
./bin/jmh-native-graalvm-linux-x64-debug/jmh-native-graalvm-linux-x64-debug,1,180655744,0.906776,22839850.182308,0.322217,3.902222,0.162273
./bin/jmh-native-graalvm-linux-x64-O0/jmh-native-graalvm-linux-x64-O0,1,153111488,0.903096,20103857.891785,0.318822,3.528344,0.255766
./bin/jmh-native-graalvm-linux-x64-O1/jmh-native-graalvm-linux-x64-O1,1,144722880,0.901998,19212565.602215,0.317823,3.515925,0.277411
./bin/jmh-native-graalvm-linux-x64-O2/jmh-native-graalvm-linux-x64-O2,1,185093056,0.922281,19581366.469737,0.337372,3.451549,0.271317
./bin/jmh-native-graalvm-linux-x64-O3/jmh-native-graalvm-linux-x64-O3,1,239619008,0.935170,21210882.936703,0.351239,3.403037,0.260017
./bin/jmh-native-graalvm-linux-x64-Os/jmh-native-graalvm-linux-x64-Os,1,123751360,0.904577,16006115.142976,0.320180,3.563385,0.280092
./bin/jmh-native-graalvm-linux-x64-prof/jmh-native-graalvm-linux-x64-prof,1,274318592,0.871342,47454220.714613,0.292040,3.904268,0.193453
./bin/jq-clang-linux-x64-debug/jq-clang-linux-x64-debug,1,417216,0.850441,83469.437883,0.276358,3.504372,0.340901
./bin/jq-clang-linux-x64-O0/jq-clang-linux-x64-O0,1,320128,0.842536,67299.231557,0.270748,3.370220,0.405036
./bin/jq-clang-linux-x64-O1/jq-clang-linux-x64-O1,1,287296,0.788903,79886.382045,0.236342,3.677193,0.363655
./bin/jq-clang-linux-x64-O2/jq-clang-linux-x64-O2,1,287296,0.782576,82148.543231,0.232635,3.658480,0.372822
./bin/jq-clang-linux-x64-O3/jq-clang-linux-x64-O3,1,287296,0.804472,74286.756864,0.245750,3.639098,0.374468
./bin/jq-clang-linux-x64-Of/jq-clang-linux-x64-Of,1,287872,0.806609,73661.851100,0.247075,3.617142,0.372691
./bin/jq-clang-linux-x64-Og/jq-clang-linux-x64-Og,1,287808,0.800032,76024.038248,0.243023,3.677785,0.345503
./bin/jq-clang-linux-x64-Os/jq-clang-linux-x64-Os,1,287296,0.773696,85309.767334,0.227539,3.698580,0.368947
./bin/jq-clang-linux-x64-static/jq-clang-linux-x64-static,1,17521728,0.973827,631901.337667,0.405048,3.120043,0.266866
./bin/jq-gcc-linux-x64-debug/jq-gcc-linux-x64-debug,1,421568,0.820101,100687.700860,0.255643,3.635618,0.322975
./bin/jq-gcc-linux-x64-O0/jq-gcc-linux-x64-O0,1,321024,0.806123,82341.373405,0.246773,3.529306,0.377064
./bin/jq-gcc-linux-x64-O1/jq-gcc-linux-x64-O1,1,287488,0.782943,82072.306448,0.232848,3.664051,0.362561
./bin/jq-gcc-linux-x64-O2/jq-gcc-linux-x64-O2,1,287424,0.783481,81862.007571,0.233161,3.682031,0.360407
./bin/jq-gcc-linux-x64-O3/jq-gcc-linux-x64-O3,1,287424,0.813153,71175.618250,0.251186,3.635939,0.359829
./bin/jq-gcc-linux-x64-Of/jq-gcc-linux-x64-Of,1,288064,0.814732,70759.528785,0.252190,3.629395,0.359314
./bin/jq-gcc-linux-x64-Og/jq-gcc-linux-x64-Og,1,288256,0.781527,82798.485027,0.232026,3.685595,0.362535
./bin/jq-gcc-linux-x64-Os/jq-gcc-linux-x64-Os,1,287488,0.758555,90724.656333,0.219119,3.730840,0.357502
./bin/jq-gcc-linux-x64-static/jq-gcc-linux-x64-static,1,17241472,0.969716,718765.920688,0.397912,3.191864,0.256107
./bin/json-sourcegen-dotnet-linux-x64-debug/json-sourcegen.dbg,1,66677440,0.942044,5285052.422524,0.359232,3.720403,0.192339
./bin/json-sourcegen-dotnet-linux-x64-release/json-sourcegen,1,22705728,0.972266,867357.350713,0.402276,3.331197,0.192927
./bin/json-sourcegen-dotnet-linux-x64-static/json-sourcegen,1,589103712,0.943962,45169191.259851,0.361549,3.560243,0.166797
./bin/llvm-7zip-benchmark-clang-linux-x64-debug/llvm-7zip-benchmark-clang-linux-x64-debug,1,50044352,0.898488,6875752.078313,0.314667,3.727076,0.201828
./bin/llvm-7zip-benchmark-clang-linux-x64-O0/llvm-7zip-benchmark-clang-linux-x64-O0,1,15242624,0.950648,1030905.719298,0.369968,3.202668,0.255820
./bin/llvm-7zip-benchmark-clang-linux-x64-O1/llvm-7zip-benchmark-clang-linux-x64-O1,1,11954432,0.911230,1440691.569480,0.326423,3.579008,0.230070
./bin/llvm-7zip-benchmark-clang-linux-x64-O2/llvm-7zip-benchmark-clang-linux-x64-O2,1,12674496,0.918180,1410228.675488,0.333218,3.573251,0.230246
./bin/llvm-7zip-benchmark-clang-linux-x64-O3/llvm-7zip-benchmark-clang-linux-x64-O3,1,13187840,0.918908,1454545.640275,0.333947,3.567382,0.230372
./bin/llvm-7zip-benchmark-clang-linux-x64-Of/llvm-7zip-benchmark-clang-linux-x64-Of,1,13188480,0.918817,1456219.714671,0.333855,3.568438,0.230308
./bin/llvm-7zip-benchmark-clang-linux-x64-Og/llvm-7zip-benchmark-clang-linux-x64-Og,1,12235456,0.908890,1512579.568113,0.324200,3.596995,0.224313
./bin/llvm-7zip-benchmark-clang-linux-x64-Os/llvm-7zip-benchmark-clang-linux-x64-Os,1,10129088,0.911503,1217036.726554,0.326685,3.590356,0.226927
./bin/llvm-7zip-benchmark-clang-linux-x64-static/llvm-7zip-benchmark-clang-linux-x64-static,1,24517888,0.957306,1436745.205840,0.378963,3.210234,0.260799
./bin/llvm-7zip-benchmark-gcc-linux-x64-debug/llvm-7zip-benchmark-gcc-linux-x64-debug,1,58353536,0.848901,11790116.005943,0.275252,3.815898,0.223834
./bin/llvm-7zip-benchmark-gcc-linux-x64-O0/llvm-7zip-benchmark-gcc-linux-x64-O0,1,15348480,0.935065,1360799.108457,0.351121,3.364348,0.223104
./bin/llvm-7zip-benchmark-gcc-linux-x64-O1/llvm-7zip-benchmark-gcc-linux-x64-O1,1,12090560,0.922122,1281657.220187,0.337208,3.483163,0.238867
./bin/llvm-7zip-benchmark-gcc-linux-x64-O2/llvm-7zip-benchmark-gcc-linux-x64-O2,1,13953792,0.930379,1324949.780689,0.345928,3.476196,0.236187
./bin/llvm-7zip-benchmark-gcc-linux-x64-O3/llvm-7zip-benchmark-gcc-linux-x64-O3,1,17739328,0.939312,1471392.442447,0.355999,3.453612,0.231976
./bin/llvm-7zip-benchmark-gcc-linux-x64-Of/llvm-7zip-benchmark-gcc-linux-x64-Of,1,17739968,0.939272,1472402.816967,0.355952,3.454973,0.232069
./bin/llvm-7zip-benchmark-gcc-linux-x64-Og/llvm-7zip-benchmark-gcc-linux-x64-Og,1,11010816,0.917260,1238620.230873,0.332301,3.535276,0.237613
./bin/llvm-7zip-benchmark-gcc-linux-x64-Os/llvm-7zip-benchmark-gcc-linux-x64-Os,1,9645504,0.919620,1054689.554248,0.334663,3.514242,0.228220
./bin/llvm-7zip-benchmark-gcc-linux-x64-static/llvm-7zip-benchmark-gcc-linux-x64-static,1,24204160,0.947185,1750438.276720,0.365538,3.332169,0.237374
./bin/llvm-aha-clang-linux-x64-debug/llvm-aha-clang-linux-x64-debug,1,252992,0.720151,91616.476157,0.199113,3.861860,0.325375
./bin/llvm-aha-clang-linux-x64-O0/llvm-aha-clang-linux-x64-O0,1,179840,0.650044,79924.444506,0.166676,3.809931,0.400974
./bin/llvm-aha-clang-linux-x64-O1/llvm-aha-clang-linux-x64-O1,1,146432,0.614625,70966.480004,0.151920,3.843934,0.427659
./bin/llvm-aha-clang-linux-x64-O2/llvm-aha-clang-linux-x64-O2,1,146432,0.623948,69429.420482,0.155711,3.832131,0.423708
./bin/llvm-aha-clang-linux-x64-O3/llvm-aha-clang-linux-x64-O3,1,179200,0.598469,90079.300804,0.145502,3.852130,0.425139
./bin/llvm-aha-clang-linux-x64-Of/llvm-aha-clang-linux-x64-Of,1,179776,0.602647,89533.624622,0.147144,3.847263,0.424129
./bin/llvm-aha-clang-linux-x64-Og/llvm-aha-clang-linux-x64-Og,1,146432,0.623782,69456.966373,0.155642,3.813770,0.425216
./bin/llvm-aha-clang-linux-x64-Os/llvm-aha-clang-linux-x64-Os,1,146432,0.600712,73242.787396,0.146382,3.830820,0.430463
./bin/llvm-aha-clang-linux-x64-static/llvm-aha-clang-linux-x64-static,1,6900800,0.935989,603248.542361,0.352168,3.332944,0.308909
./bin/llvm-aha-gcc-linux-x64-debug/llvm-aha-gcc-linux-x64-debug,1,244480,0.718363,89057.481741,0.198225,3.840565,0.319352
./bin/llvm-aha-gcc-linux-x64-O0/llvm-aha-gcc-linux-x64-O0,1,180992,0.671524,75941.194329,0.176124,3.788859,0.378053
./bin/llvm-aha-gcc-linux-x64-O1/llvm-aha-gcc-linux-x64-O1,1,146880,0.631226,68431.818736,0.158715,3.805229,0.411178
./bin/llvm-aha-gcc-linux-x64-O2/llvm-aha-gcc-linux-x64-O2,1,146880,0.631782,68339.020588,0.158946,3.833987,0.423282
./bin/llvm-aha-gcc-linux-x64-O3/llvm-aha-gcc-linux-x64-O3,1,146880,0.636394,67569.055583,0.160873,3.816993,0.425703
./bin/llvm-aha-gcc-linux-x64-Of/llvm-aha-gcc-linux-x64-Of,1,147520,0.640738,67132.824403,0.162703,3.790433,0.425829
./bin/llvm-aha-gcc-linux-x64-Og/llvm-aha-gcc-linux-x64-Og,1,147584,0.628549,69207.584128,0.157605,3.802212,0.423653
./bin/llvm-aha-gcc-linux-x64-Os/llvm-aha-gcc-linux-x64-Os,1,147264,0.606353,72733.377037,0.148611,3.821382,0.429765
./bin/llvm-aha-gcc-linux-x64-static/llvm-aha-gcc-linux-x64-static,1,6803776,0.936925,586200.435826,0.353236,3.338700,0.304279
./bin/llvm-anagram-clang-linux-x64-debug/llvm-anagram-clang-linux-x64-debug,1,248192,0.727442,87704.121986,0.202774,3.829787,0.336174
./bin/llvm-anagram-clang-linux-x64-O0/llvm-anagram-clang-linux-x64-O0,1,177792,0.637024,81661.739763,0.161138,3.773218,0.415626
./bin/llvm-anagram-clang-linux-x64-O1/llvm-anagram-clang-linux-x64-O1,1,178688,0.632323,83028.599660,0.159171,3.816228,0.418646
./bin/llvm-anagram-clang-linux-x64-O2/llvm-anagram-clang-linux-x64-O2,1,178688,0.641516,81157.882880,0.163033,3.817303,0.415893
./bin/llvm-anagram-clang-linux-x64-O3/llvm-anagram-clang-linux-x64-O3,1,178688,0.689824,71146.431232,0.184500,3.756045,0.405290
./bin/llvm-anagram-clang-linux-x64-Of/llvm-anagram-clang-linux-x64-Of,1,179328,0.693206,70686.439061,0.186084,3.767666,0.404795
./bin/llvm-anagram-clang-linux-x64-Og/llvm-anagram-clang-linux-x64-Og,1,178688,0.635913,82299.470720,0.160671,3.820527,0.419060
./bin/llvm-anagram-clang-linux-x64-Os/llvm-anagram-clang-linux-x64-Os,1,145856,0.664598,62372.095766,0.173034,3.790652,0.396530
./bin/llvm-anagram-clang-linux-x64-static/llvm-anagram-clang-linux-x64-static,1,6900160,0.937221,591758.522991,0.353576,3.324369,0.307159
./bin/llvm-anagram-gcc-linux-x64-debug/llvm-anagram-gcc-linux-x64-debug,1,249472,0.720713,90173.647528,0.199393,3.829902,0.338524
./bin/llvm-anagram-gcc-linux-x64-O0/llvm-anagram-gcc-linux-x64-O0,1,178368,0.642206,80871.965913,0.163325,3.768568,0.404037
./bin/llvm-anagram-gcc-linux-x64-O1/llvm-anagram-gcc-linux-x64-O1,1,145728,0.676294,60334.581028,0.178277,3.826087,0.386557
./bin/llvm-anagram-gcc-linux-x64-O2/llvm-anagram-gcc-linux-x64-O2,1,145728,0.690884,57841.156813,0.184995,3.816864,0.387576
./bin/llvm-anagram-gcc-linux-x64-O3/llvm-anagram-gcc-linux-x64-O3,1,178816,0.649884,79502.224767,0.166607,3.832483,0.411763
./bin/llvm-anagram-gcc-linux-x64-Of/llvm-anagram-gcc-linux-x64-Of,1,179456,0.652574,79231.982012,0.167768,3.837346,0.410560
./bin/llvm-anagram-gcc-linux-x64-Og/llvm-anagram-gcc-linux-x64-Og,1,145728,0.660167,63064.681846,0.171079,3.823452,0.394895
./bin/llvm-anagram-gcc-linux-x64-Os/llvm-anagram-gcc-linux-x64-Os,1,145152,0.644539,65424.537726,0.164317,3.824074,0.398852
./bin/llvm-anagram-gcc-linux-x64-static/llvm-anagram-gcc-linux-x64-static,1,6834176,0.936322,594371.392030,0.352546,3.339168,0.304994
./bin/llvm-analyzer-clang-linux-x64-debug/llvm-analyzer-clang-linux-x64-debug,1,401408,0.854845,78026.607781,0.279556,3.701985,0.272710
./bin/llvm-analyzer-clang-linux-x64-O0/llvm-analyzer-clang-linux-x64-O0,1,244224,0.838544,52591.646292,0.267975,3.531447,0.355975
./bin/llvm-analyzer-clang-linux-x64-O1/llvm-analyzer-clang-linux-x64-O1,1,212672,0.762087,66192.765874,0.221054,3.792325,0.336944
./bin/llvm-analyzer-clang-linux-x64-O2/llvm-analyzer-clang-linux-x64-O2,1,245440,0.735084,84468.579677,0.206678,3.797379,0.349276
./bin/llvm-analyzer-clang-linux-x64-O3/llvm-analyzer-clang-linux-x64-O3,1,245440,0.740528,82850.228162,0.209501,3.795032,0.348569
./bin/llvm-analyzer-clang-linux-x64-Of/llvm-analyzer-clang-linux-x64-Of,1,246080,0.742214,82562.912240,0.210383,3.780726,0.348276
./bin/llvm-analyzer-clang-linux-x64-Og/llvm-analyzer-clang-linux-x64-Og,1,212672,0.771742,63664.467349,0.226433,3.793228,0.333752
./bin/llvm-analyzer-clang-linux-x64-Os/llvm-analyzer-clang-linux-x64-Os,1,212672,0.750321,69255.637997,0.214673,3.812190,0.337203
./bin/llvm-analyzer-clang-linux-x64-static/llvm-analyzer-clang-linux-x64-static,1,8108288,0.948470,572294.392622,0.367164,3.241520,0.306815
./bin/llvm-analyzer-gcc-linux-x64-debug/llvm-analyzer-gcc-linux-x64-debug,1,423168,0.811327,105766.001597,0.250031,3.720508,0.303520
./bin/llvm-analyzer-gcc-linux-x64-O0/llvm-analyzer-gcc-linux-x64-O0,1,277952,0.790739,76651.685528,0.237429,3.588946,0.366658
./bin/llvm-analyzer-gcc-linux-x64-O1/llvm-analyzer-gcc-linux-x64-O1,1,212288,0.768749,64333.332529,0.224751,3.777476,0.332444
./bin/llvm-analyzer-gcc-linux-x64-O2/llvm-analyzer-gcc-linux-x64-O2,1,245376,0.741148,82644.183685,0.209825,3.782473,0.354742
./bin/llvm-analyzer-gcc-linux-x64-O3/llvm-analyzer-gcc-linux-x64-O3,1,245376,0.755928,78224.601982,0.217690,3.767606,0.354166
./bin/llvm-analyzer-gcc-linux-x64-Of/llvm-analyzer-gcc-linux-x64-Of,1,245952,0.757385,77969.320843,0.218482,3.773614,0.353338
./bin/llvm-analyzer-gcc-linux-x64-Og/llvm-analyzer-gcc-linux-x64-Og,1,212480,0.764223,65575.308735,0.222233,3.776774,0.338401
./bin/llvm-analyzer-gcc-linux-x64-Os/llvm-analyzer-gcc-linux-x64-Os,1,212032,0.737263,72412.126943,0.207804,3.773602,0.337859
./bin/llvm-analyzer-gcc-linux-x64-static/llvm-analyzer-gcc-linux-x64-static,1,8010368,0.949263,556787.269267,0.368178,3.248906,0.303218
./bin/llvm-automotive-basicmath-clang-linux-x64-debug/llvm-automotive-basicmath-clang-linux-x64-debug,1,212736,0.689865,84692.557837,0.184520,3.798736,0.375118
./bin/llvm-automotive-basicmath-clang-linux-x64-O0/llvm-automotive-basicmath-clang-linux-x64-O0,1,165184,0.601405,82494.834584,0.146655,3.752398,0.464888
./bin/llvm-automotive-basicmath-clang-linux-x64-O1/llvm-automotive-basicmath-clang-linux-x64-O1,1,132416,0.600917,66201.987554,0.146463,3.856418,0.425741
./bin/llvm-automotive-basicmath-clang-linux-x64-O2/llvm-automotive-basicmath-clang-linux-x64-O2,1,132416,0.604325,65699.507492,0.147807,3.850616,0.423171
./bin/llvm-automotive-basicmath-clang-linux-x64-O3/llvm-automotive-basicmath-clang-linux-x64-O3,1,132416,0.661119,57158.138020,0.171497,3.786802,0.421509
./bin/llvm-automotive-basicmath-clang-linux-x64-Of/llvm-automotive-basicmath-clang-linux-x64-Of,1,132672,0.592040,67635.929088,0.142999,3.856729,0.424935
./bin/llvm-automotive-basicmath-clang-linux-x64-Og/llvm-automotive-basicmath-clang-linux-x64-Og,1,132416,0.611267,64672.332649,0.150571,3.839014,0.422352
./bin/llvm-automotive-basicmath-clang-linux-x64-Os/llvm-automotive-basicmath-clang-linux-x64-Os,1,132416,0.598222,66598.541445,0.145405,3.840464,0.426778
./bin/llvm-automotive-basicmath-clang-linux-x64-static/llvm-automotive-basicmath-clang-linux-x64-static,1,8324160,0.951985,547901.713766,0.371722,3.299158,0.290621
./bin/llvm-automotive-basicmath-gcc-linux-x64-debug/llvm-automotive-basicmath-gcc-linux-x64-debug,1,208384,0.662303,89664.767276,0.172019,3.814789,0.382712
./bin/llvm-automotive-basicmath-gcc-linux-x64-O0/llvm-automotive-basicmath-gcc-linux-x64-O0,1,165056,0.602693,82194.276948,0.147162,3.778941,0.449734
./bin/llvm-automotive-basicmath-gcc-linux-x64-O1/llvm-automotive-basicmath-gcc-linux-x64-O1,1,132288,0.601200,66096.290397,0.146574,3.849057,0.429536
./bin/llvm-automotive-basicmath-gcc-linux-x64-O2/llvm-automotive-basicmath-gcc-linux-x64-O2,1,132288,0.602620,65887.227866,0.147134,3.831640,0.425067
./bin/llvm-automotive-basicmath-gcc-linux-x64-O3/llvm-automotive-basicmath-gcc-linux-x64-O3,1,132288,0.602620,65887.227866,0.147134,3.831640,0.425067
./bin/llvm-automotive-basicmath-gcc-linux-x64-Of/llvm-automotive-basicmath-gcc-linux-x64-Of,1,132544,0.590543,67789.896940,0.142421,3.853676,0.422307
./bin/llvm-automotive-basicmath-gcc-linux-x64-Og/llvm-automotive-basicmath-gcc-linux-x64-Og,1,132288,0.587313,68130.473633,0.141177,3.875181,0.430527
./bin/llvm-automotive-basicmath-gcc-linux-x64-Os/llvm-automotive-basicmath-gcc-linux-x64-Os,1,132288,0.578902,69353.037736,0.137972,3.828737,0.434400
./bin/llvm-automotive-basicmath-gcc-linux-x64-static/llvm-automotive-basicmath-gcc-linux-x64-static,1,7762432,0.944916,585173.755938,0.362718,3.333552,0.295841
./bin/llvm-automotive-bitcount-clang-linux-x64-debug/llvm-automotive-bitcount-clang-linux-x64-debug,1,242304,0.777335,70858.859218,0.229612,3.876387,0.289382
./bin/llvm-automotive-bitcount-clang-linux-x64-O0/llvm-automotive-bitcount-clang-linux-x64-O0,1,147392,0.645826,66217.021711,0.164866,3.820195,0.388383
./bin/llvm-automotive-bitcount-clang-linux-x64-O1/llvm-automotive-bitcount-clang-linux-x64-O1,1,142592,0.593206,72509.180908,0.143451,3.870707,0.420857
./bin/llvm-automotive-bitcount-clang-linux-x64-O2/llvm-automotive-bitcount-clang-linux-x64-O2,1,142592,0.600785,71310.467936,0.146411,3.861279,0.418587
./bin/llvm-automotive-bitcount-clang-linux-x64-O3/llvm-automotive-bitcount-clang-linux-x64-O3,1,141056,0.655942,61730.820355,0.169231,3.808033,0.402560
./bin/llvm-automotive-bitcount-clang-linux-x64-Of/llvm-automotive-bitcount-clang-linux-x64-Of,1,141632,0.658940,61492.946340,0.170541,3.802034,0.401041
./bin/llvm-automotive-bitcount-clang-linux-x64-Og/llvm-automotive-bitcount-clang-linux-x64-Og,1,143040,0.613102,69566.977880,0.151307,3.859060,0.412465
./bin/llvm-automotive-bitcount-clang-linux-x64-Os/llvm-automotive-bitcount-clang-linux-x64-Os,1,142592,0.585928,73654.625252,0.140646,3.858586,0.419589
./bin/llvm-automotive-bitcount-clang-linux-x64-static/llvm-automotive-bitcount-clang-linux-x64-static,1,6900416,0.935986,603244.265928,0.352164,3.331070,0.308567
./bin/llvm-automotive-bitcount-gcc-linux-x64-debug/llvm-automotive-bitcount-gcc-linux-x64-debug,1,243520,0.736372,83428.512221,0.207342,3.886458,0.310144
./bin/llvm-automotive-bitcount-gcc-linux-x64-O0/llvm-automotive-bitcount-gcc-linux-x64-O0,1,147712,0.638794,67547.745234,0.161883,3.820604,0.387607
./bin/llvm-automotive-bitcount-gcc-linux-x64-O1/llvm-automotive-bitcount-gcc-linux-x64-O1,1,142464,0.596928,71856.663325,0.144900,3.866577,0.419607
./bin/llvm-automotive-bitcount-gcc-linux-x64-O2/llvm-automotive-bitcount-gcc-linux-x64-O2,1,142848,0.608346,70234.283266,0.149404,3.865591,0.410580
./bin/llvm-automotive-bitcount-gcc-linux-x64-O3/llvm-automotive-bitcount-gcc-linux-x64-O3,1,142848,0.608346,70234.283266,0.149404,3.865591,0.410580
./bin/llvm-automotive-bitcount-gcc-linux-x64-Of/llvm-automotive-bitcount-gcc-linux-x64-Of,1,143424,0.614538,69522.679161,0.151885,3.871486,0.412027
./bin/llvm-automotive-bitcount-gcc-linux-x64-Og/llvm-automotive-bitcount-gcc-linux-x64-Og,1,142464,0.590619,72851.523023,0.142450,3.878706,0.421655
./bin/llvm-automotive-bitcount-gcc-linux-x64-Os/llvm-automotive-bitcount-gcc-linux-x64-Os,1,142208,0.574299,75269.827295,0.136237,3.860905,0.424066
./bin/llvm-automotive-bitcount-gcc-linux-x64-static/llvm-automotive-bitcount-gcc-linux-x64-static,1,6800384,0.936310,591536.012613,0.352533,3.340994,0.306029
./bin/llvm-automotive-susan-clang-linux-x64-debug/llvm-automotive-susan-clang-linux-x64-debug,1,682240,0.916569,77374.266440,0.331616,3.654119,0.154649
./bin/llvm-automotive-susan-clang-linux-x64-O0/llvm-automotive-susan-clang-linux-x64-O0,1,435392,0.916351,49505.619295,0.331400,3.464609,0.207933
./bin/llvm-automotive-susan-clang-linux-x64-O1/llvm-automotive-susan-clang-linux-x64-O1,1,304768,0.899753,41363.756313,0.315798,3.540715,0.270429
./bin/llvm-automotive-susan-clang-linux-x64-O2/llvm-automotive-susan-clang-linux-x64-O2,1,337152,0.904573,43609.462604,0.320176,3.509681,0.280322
./bin/llvm-automotive-susan-clang-linux-x64-O3/llvm-automotive-susan-clang-linux-x64-O3,1,337152,0.919954,36715.747200,0.335000,3.476082,0.271486
./bin/llvm-automotive-susan-clang-linux-x64-Of/llvm-automotive-susan-clang-linux-x64-Of,1,403264,0.897138,56124.016436,0.313470,3.535293,0.300271
./bin/llvm-automotive-susan-clang-linux-x64-Og/llvm-automotive-susan-clang-linux-x64-Og,1,337536,0.886889,51528.909284,0.304640,3.569397,0.258606
./bin/llvm-automotive-susan-clang-linux-x64-Os/llvm-automotive-susan-clang-linux-x64-Os,1,304320,0.860937,56756.926183,0.284069,3.606309,0.274625
./bin/llvm-automotive-susan-clang-linux-x64-static/llvm-automotive-susan-clang-linux-x64-static,1,7570240,0.942375,596650.776604,0.359630,3.316074,0.297208
./bin/llvm-automotive-susan-gcc-linux-x64-debug/llvm-automotive-susan-gcc-linux-x64-debug,1,633728,0.905499,81193.462962,0.321030,3.560976,0.189604
./bin/llvm-automotive-susan-gcc-linux-x64-O0/llvm-automotive-susan-gcc-linux-x64-O0,1,435712,0.909246,53658.456081,0.324535,3.378209,0.239751
./bin/llvm-automotive-susan-gcc-linux-x64-O1/llvm-automotive-susan-gcc-linux-x64-O1,1,304704,0.892846,44130.440034,0.309717,3.541903,0.279712
./bin/llvm-automotive-susan-gcc-linux-x64-O2/llvm-automotive-susan-gcc-linux-x64-O2,1,304704,0.873973,51665.619421,0.294112,3.620038,0.277343
./bin/llvm-automotive-susan-gcc-linux-x64-O3/llvm-automotive-susan-gcc-linux-x64-O3,1,337472,0.858505,64002.362140,0.282255,3.603414,0.307887
./bin/llvm-automotive-susan-gcc-linux-x64-Of/llvm-automotive-susan-gcc-linux-x64-Of,1,403648,0.842685,84780.056138,0.270852,3.613271,0.328612
./bin/llvm-automotive-susan-gcc-linux-x64-Og/llvm-automotive-susan-gcc-linux-x64-Og,1,271936,0.894855,38665.169746,0.311463,3.496558,0.291330
./bin/llvm-automotive-susan-gcc-linux-x64-Os/llvm-automotive-susan-gcc-linux-x64-Os,1,271296,0.864301,49414.420618,0.286609,3.628450,0.274568
./bin/llvm-automotive-susan-gcc-linux-x64-static/llvm-automotive-susan-gcc-linux-x64-static,1,7504576,0.941320,602162.550015,0.358367,3.323803,0.297657
./bin/llvm-bc-clang-linux-x64-debug/llvm-bc-clang-linux-x64-debug,1,1088448,0.897144,151475.636977,0.313475,3.655495,0.221907
./bin/llvm-bc-clang-linux-x64-O0/llvm-bc-clang-linux-x64-O0,1,641984,0.904419,83169.276649,0.320034,3.437715,0.287578
./bin/llvm-bc-clang-linux-x64-O1/llvm-bc-clang-linux-x64-O1,1,640960,0.892909,92777.590121,0.309771,3.552161,0.296490
./bin/llvm-bc-clang-linux-x64-O2/llvm-bc-clang-linux-x64-O2,1,674112,0.908915,83313.105531,0.324224,3.518371,0.284027
./bin/llvm-bc-clang-linux-x64-O3/llvm-bc-clang-linux-x64-O3,1,674112,0.914223,78558.244588,0.329313,3.492737,0.278688
./bin/llvm-bc-clang-linux-x64-Of/llvm-bc-clang-linux-x64-Of,1,674688,0.914158,78683.665392,0.329250,3.507114,0.277428
./bin/llvm-bc-clang-linux-x64-Og/llvm-bc-clang-linux-x64-Og,1,640960,0.904069,83333.875743,0.319713,3.574028,0.268757
./bin/llvm-bc-clang-linux-x64-Os/llvm-bc-clang-linux-x64-Os,1,544320,0.894502,77646.937566,0.311155,3.563668,0.281896
./bin/llvm-bc-clang-linux-x64-static/llvm-bc-clang-linux-x64-static,1,7774848,0.940888,628376.552825,0.357854,3.316837,0.300999
./bin/llvm-bc-gcc-linux-x64-debug/llvm-bc-gcc-linux-x64-debug,1,1106752,0.862007,204878.145351,0.284874,3.738214,0.238780
./bin/llvm-bc-gcc-linux-x64-O0/llvm-bc-gcc-linux-x64-O0,1,676928,0.869747,118506.496738,0.290796,3.589278,0.279046
./bin/llvm-bc-gcc-linux-x64-O1/llvm-bc-gcc-linux-x64-O1,1,577408,0.888633,86825.774558,0.306111,3.513509,0.316714
./bin/llvm-bc-gcc-linux-x64-O2/llvm-bc-gcc-linux-x64-O2,1,643712,0.888218,97147.489716,0.305759,3.541238,0.303694
./bin/llvm-bc-gcc-linux-x64-O3/llvm-bc-gcc-linux-x64-O3,1,839360,0.914313,97715.028765,0.329401,3.474322,0.283301
./bin/llvm-bc-gcc-linux-x64-Of/llvm-bc-gcc-linux-x64-Of,1,840000,0.913601,98585.205833,0.328708,3.493029,0.282588
./bin/llvm-bc-gcc-linux-x64-Og/llvm-bc-gcc-linux-x64-Og,1,545024,0.895256,77206.026568,0.311814,3.513828,0.311595
./bin/llvm-bc-gcc-linux-x64-Os/llvm-bc-gcc-linux-x64-Os,1,511488,0.874872,86128.730488,0.294824,3.562688,0.310475
./bin/llvm-bc-gcc-linux-x64-static/llvm-bc-gcc-linux-x64-static,1,7712000,0.939187,640966.550293,0.355853,3.336313,0.298450
./bin/llvm-bh-clang-linux-x64-debug/llvm-bh-clang-linux-x64-debug,1,388416,0.856241,74800.946161,0.280581,3.590213,0.328234
./bin/llvm-bh-clang-linux-x64-O0/llvm-bh-clang-linux-x64-O0,1,243776,0.842513,51255.121095,0.270732,3.354864,0.432207
./bin/llvm-bh-clang-linux-x64-O1/llvm-bh-clang-linux-x64-O1,1,211392,0.790168,58446.921908,0.237090,3.727520,0.356736
./bin/llvm-bh-clang-linux-x64-O2/llvm-bh-clang-linux-x64-O2,1,244160,0.762693,75811.544495,0.221388,3.750688,0.365126
./bin/llvm-bh-clang-linux-x64-O3/llvm-bh-clang-linux-x64-O3,1,244160,0.773979,72415.714695,0.227699,3.716083,0.369644
./bin/llvm-bh-clang-linux-x64-Of/llvm-bh-clang-linux-x64-Of,1,244352,0.768980,73980.733958,0.224881,3.720236,0.372805
./bin/llvm-bh-clang-linux-x64-Og/llvm-bh-clang-linux-x64-Og,1,244160,0.759597,76739.359125,0.219688,3.729453,0.362850
./bin/llvm-bh-clang-linux-x64-Os/llvm-bh-clang-linux-x64-Os,1,211392,0.720664,76421.616731,0.199369,3.762943,0.383124
./bin/llvm-bh-clang-linux-x64-static/llvm-bh-clang-linux-x64-static,1,7462976,0.939417,617965.183136,0.356121,3.304287,0.311695
./bin/llvm-bh-gcc-linux-x64-debug/llvm-bh-gcc-linux-x64-debug,1,393344,0.824009,91995.635057,0.258194,3.655846,0.327755
./bin/llvm-bh-gcc-linux-x64-O0/llvm-bh-gcc-linux-x64-O0,1,243584,0.824546,56803.182409,0.258547,3.462357,0.398546
./bin/llvm-bh-gcc-linux-x64-O1/llvm-bh-gcc-linux-x64-O1,1,210048,0.760606,65758.115650,0.220240,3.730347,0.384517
./bin/llvm-bh-gcc-linux-x64-O2/llvm-bh-gcc-linux-x64-O2,1,211392,0.784800,59860.354696,0.233930,3.712080,0.372435
./bin/llvm-bh-gcc-linux-x64-O3/llvm-bh-gcc-linux-x64-O3,1,277312,0.855798,53563.348777,0.280255,3.619872,0.324903
./bin/llvm-bh-gcc-linux-x64-Of/llvm-bh-gcc-linux-x64-Of,1,277184,0.824858,64528.932406,0.258752,3.661240,0.339419
./bin/llvm-bh-gcc-linux-x64-Og/llvm-bh-gcc-linux-x64-Og,1,210048,0.784763,59489.557892,0.233908,3.702011,0.379457
./bin/llvm-bh-gcc-linux-x64-Os/llvm-bh-gcc-linux-x64-Os,1,178048,0.770835,53498.885716,0.225922,3.712052,0.381320
./bin/llvm-bh-gcc-linux-x64-static/llvm-bh-gcc-linux-x64-static,1,7364544,0.939389,610091.175014,0.356089,3.316970,0.307185
./bin/llvm-bisort-clang-linux-x64-debug/llvm-bisort-clang-linux-x64-debug,1,179712,0.665573,76646.570602,0.173466,3.878205,0.339061
./bin/llvm-bisort-clang-linux-x64-O0/llvm-bisort-clang-linux-x64-O0,1,133376,0.562029,72374.808811,0.131680,3.837293,0.415880
./bin/llvm-bisort-clang-linux-x64-O1/llvm-bisort-clang-linux-x64-O1,1,133760,0.537341,76127.602422,0.122795,3.862168,0.434207
./bin/llvm-bisort-clang-linux-x64-O2/llvm-bisort-clang-linux-x64-O2,1,133760,0.540324,75702.709211,0.123849,3.860732,0.434283
./bin/llvm-bisort-clang-linux-x64-O3/llvm-bisort-clang-linux-x64-O3,1,133760,0.542304,75420.107656,0.124551,3.859296,0.431607
./bin/llvm-bisort-clang-linux-x64-Of/llvm-bisort-clang-linux-x64-Of,1,134400,0.549715,74714.607619,0.127202,3.868571,0.432558
./bin/llvm-bisort-clang-linux-x64-Og/llvm-bisort-clang-linux-x64-Og,1,133760,0.552439,73967.426914,0.128185,3.850682,0.422269
./bin/llvm-bisort-clang-linux-x64-Os/llvm-bisort-clang-linux-x64-Os,1,133760,0.533447,76680.832656,0.121426,3.852118,0.433979
./bin/llvm-bisort-clang-linux-x64-static/llvm-bisort-clang-linux-x64-static,1,6821760,0.938054,577383.565818,0.354537,3.324177,0.307069
./bin/llvm-bisort-gcc-linux-x64-debug/llvm-bisort-gcc-linux-x64-debug,1,174720,0.648385,77981.679693,0.165963,3.862637,0.343466
./bin/llvm-bisort-gcc-linux-x64-O0/llvm-bisort-gcc-linux-x64-O0,1,133568,0.572102,71016.944448,0.135414,3.824587,0.397484
./bin/llvm-bisort-gcc-linux-x64-O1/llvm-bisort-gcc-linux-x64-O1,1,133632,0.517329,78878.698396,0.115855,3.880747,0.438719
./bin/llvm-bisort-gcc-linux-x64-O2/llvm-bisort-gcc-linux-x64-O2,1,133632,0.594061,67826.580580,0.143783,3.836207,0.413057
./bin/llvm-bisort-gcc-linux-x64-O3/llvm-bisort-gcc-linux-x64-O3,1,167808,0.716959,61410.017377,0.197529,3.718535,0.373973
./bin/llvm-bisort-gcc-linux-x64-Of/llvm-bisort-gcc-linux-x64-Of,1,168448,0.719862,61058.635638,0.198969,3.719578,0.372154
./bin/llvm-bisort-gcc-linux-x64-Og/llvm-bisort-gcc-linux-x64-Og,1,133632,0.523051,78075.586207,0.117816,3.853448,0.441505
./bin/llvm-bisort-gcc-linux-x64-Os/llvm-bisort-gcc-linux-x64-Os,1,133568,0.496486,81736.075976,0.108866,3.890726,0.442120
./bin/llvm-bisort-gcc-linux-x64-static/llvm-bisort-gcc-linux-x64-static,1,6756032,0.937107,580431.505584,0.353445,3.337748,0.305237
./bin/llvm-cfrac-clang-linux-x64-debug/llvm-cfrac-clang-linux-x64-debug,1,963264,0.908262,119884.425221,0.323608,3.653179,0.216301
./bin/llvm-cfrac-clang-linux-x64-O0/llvm-cfrac-clang-linux-x64-O0,1,534144,0.921730,56901.768519,0.336806,3.401150,0.282419
./bin/llvm-cfrac-clang-linux-x64-O1/llvm-cfrac-clang-linux-x64-O1,1,436288,0.926424,43738.676287,0.341687,3.444603,0.283219
./bin/llvm-cfrac-clang-linux-x64-O2/llvm-cfrac-clang-linux-x64-O2,1,469440,0.912308,55902.147273,0.327458,3.459714,0.296693
./bin/llvm-cfrac-clang-linux-x64-O3/llvm-cfrac-clang-linux-x64-O3,1,469440,0.917218,52834.164417,0.332260,3.460941,0.292377
./bin/llvm-cfrac-clang-linux-x64-Of/llvm-cfrac-clang-linux-x64-Of,1,469696,0.915674,53829.592043,0.330733,3.468574,0.293946
./bin/llvm-cfrac-clang-linux-x64-Og/llvm-cfrac-clang-linux-x64-Og,1,469056,0.915260,54014.287386,0.330327,3.475645,0.284968
./bin/llvm-cfrac-clang-linux-x64-Os/llvm-cfrac-clang-linux-x64-Os,1,436672,0.913595,51253.019209,0.328702,3.473233,0.291535
./bin/llvm-cfrac-clang-linux-x64-static/llvm-cfrac-clang-linux-x64-static,1,7781312,0.944443,591575.087106,0.362137,3.300648,0.300002
./bin/llvm-cfrac-gcc-linux-x64-debug/llvm-cfrac-gcc-linux-x64-debug,1,923392,0.880186,149077.882940,0.299098,3.687269,0.243573
./bin/llvm-cfrac-gcc-linux-x64-O0/llvm-cfrac-gcc-linux-x64-O0,1,503296,0.920514,54432.274955,0.335568,3.432332,0.268820
./bin/llvm-cfrac-gcc-linux-x64-O1/llvm-cfrac-gcc-linux-x64-O1,1,469248,0.915142,54110.295017,0.330211,3.463993,0.284604
./bin/llvm-cfrac-gcc-linux-x64-O2/llvm-cfrac-gcc-linux-x64-O2,1,469568,0.925957,47368.516594,0.341194,3.439787,0.281638
./bin/llvm-cfrac-gcc-linux-x64-O3/llvm-cfrac-gcc-linux-x64-O3,1,502528,0.923509,52338.782484,0.338638,3.437196,0.289561
./bin/llvm-cfrac-gcc-linux-x64-Of/llvm-cfrac-gcc-linux-x64-Of,1,502464,0.920771,54169.851770,0.335829,3.445548,0.292465
./bin/llvm-cfrac-gcc-linux-x64-Og/llvm-cfrac-gcc-linux-x64-Og,1,469248,0.910450,57037.984179,0.325679,3.475859,0.289789
./bin/llvm-cfrac-gcc-linux-x64-Os/llvm-cfrac-gcc-linux-x64-Os,1,435136,0.908434,54056.073099,0.323770,3.482405,0.291666
./bin/llvm-cfrac-gcc-linux-x64-static/llvm-cfrac-gcc-linux-x64-static,1,7716864,0.942375,608208.499411,0.359630,3.316481,0.299179
./bin/llvm-consumer-jpeg-clang-linux-x64-debug/llvm-consumer-jpeg-clang-linux-x64-debug,1,5554496,0.893955,796351.723286,0.310678,3.737465,0.189615
./bin/llvm-consumer-jpeg-clang-linux-x64-O0/llvm-consumer-jpeg-clang-linux-x64-O0,1,1791744,0.944758,135454.663901,0.362523,3.251286,0.230936
./bin/llvm-consumer-jpeg-clang-linux-x64-O1/llvm-consumer-jpeg-clang-linux-x64-O1,1,1371392,0.912277,163366.415718,0.327428,3.604760,0.242698
./bin/llvm-consumer-jpeg-clang-linux-x64-O2/llvm-consumer-jpeg-clang-linux-x64-O2,1,1601088,0.922056,169864.809452,0.337140,3.567814,0.244755
./bin/llvm-consumer-jpeg-clang-linux-x64-O3/llvm-consumer-jpeg-clang-linux-x64-O3,1,1796160,0.931025,168992.231964,0.346633,3.539498,0.239247
./bin/llvm-consumer-jpeg-clang-linux-x64-Of/llvm-consumer-jpeg-clang-linux-x64-Of,1,1829568,0.925124,186599.864702,0.340320,3.549166,0.246225
./bin/llvm-consumer-jpeg-clang-linux-x64-Og/llvm-consumer-jpeg-clang-linux-x64-Og,1,1437312,0.908394,178631.322647,0.323732,3.612744,0.238028
./bin/llvm-consumer-jpeg-clang-linux-x64-Os/llvm-consumer-jpeg-clang-linux-x64-Os,1,1279104,0.910645,155146.779758,0.325864,3.611678,0.237992
./bin/llvm-consumer-jpeg-clang-linux-x64-static/llvm-consumer-jpeg-clang-linux-x64-static,1,9622592,0.950300,655331.205312,0.369517,3.241822,0.289769
./bin/llvm-consumer-jpeg-gcc-linux-x64-debug/llvm-consumer-jpeg-gcc-linux-x64-debug,1,5224960,0.864341,951415.368080,0.286640,3.739208,0.213629
./bin/llvm-consumer-jpeg-gcc-linux-x64-O0/llvm-consumer-jpeg-gcc-linux-x64-O0,1,1822528,0.935047,161630.104725,0.351100,3.315020,0.209866
./bin/llvm-consumer-jpeg-gcc-linux-x64-O1/llvm-consumer-jpeg-gcc-linux-x64-O1,1,1410816,0.908112,175866.707313,0.323467,3.603157,0.234155
./bin/llvm-consumer-jpeg-gcc-linux-x64-O2/llvm-consumer-jpeg-gcc-linux-x64-O2,1,1503936,0.916553,170596.729233,0.331601,3.586493,0.241471
./bin/llvm-consumer-jpeg-gcc-linux-x64-O3/llvm-consumer-jpeg-gcc-linux-x64-O3,1,1829056,0.921305,195884.462053,0.336372,3.582522,0.238529
./bin/llvm-consumer-jpeg-gcc-linux-x64-Of/llvm-consumer-jpeg-gcc-linux-x64-Of,1,1796928,0.925212,183058.833351,0.340412,3.578908,0.233420
./bin/llvm-consumer-jpeg-gcc-linux-x64-Og/llvm-consumer-jpeg-gcc-linux-x64-Og,1,1396352,0.895887,196639.598041,0.312368,3.610450,0.254018
./bin/llvm-consumer-jpeg-gcc-linux-x64-Os/llvm-consumer-jpeg-gcc-linux-x64-Os,1,1181568,0.906536,149758.446163,0.321993,3.594573,0.234874
./bin/llvm-consumer-jpeg-gcc-linux-x64-static/llvm-consumer-jpeg-gcc-linux-x64-static,1,9521792,0.949247,662051.405618,0.368157,3.251459,0.282726
./bin/llvm-consumer-lame-clang-linux-x64-debug/llvm-consumer-lame-clang-linux-x64-debug,1,4176768,0.907846,522132.425034,0.323217,3.582284,0.238871
./bin/llvm-consumer-lame-clang-linux-x64-O0/llvm-consumer-lame-clang-linux-x64-O0,1,2507136,0.921944,266363.413240,0.337026,3.325471,0.314690
./bin/llvm-consumer-lame-clang-linux-x64-O1/llvm-consumer-lame-clang-linux-x64-O1,1,2037760,0.886699,311597.224568,0.304480,3.578734,0.319401
./bin/llvm-consumer-lame-clang-linux-x64-O2/llvm-consumer-lame-clang-linux-x64-O2,1,2374720,0.902973,312192.265524,0.318710,3.565662,0.301870
./bin/llvm-consumer-lame-clang-linux-x64-O3/llvm-consumer-lame-clang-linux-x64-O3,1,2602752,0.906804,328963.228097,0.322243,3.569121,0.295090
./bin/llvm-consumer-lame-clang-linux-x64-Of/llvm-consumer-lame-clang-linux-x64-Of,1,2701376,0.907107,340341.176905,0.322526,3.568286,0.293698
./bin/llvm-consumer-lame-clang-linux-x64-Og/llvm-consumer-lame-clang-linux-x64-Og,1,2110784,0.889100,316108.795460,0.306506,3.582481,0.309985
./bin/llvm-consumer-lame-clang-linux-x64-Os/llvm-consumer-lame-clang-linux-x64-Os,1,1941248,0.876266,323350.972820,0.295936,3.589041,0.324224
./bin/llvm-consumer-lame-clang-linux-x64-static/llvm-consumer-lame-clang-linux-x64-static,1,10463232,0.945352,782616.435161,0.363255,3.291636,0.296913
./bin/llvm-consumer-lame-gcc-linux-x64-debug/llvm-consumer-lame-gcc-linux-x64-debug,1,4215744,0.890757,622160.867165,0.307919,3.575488,0.260369
./bin/llvm-consumer-lame-gcc-linux-x64-O0/llvm-consumer-lame-gcc-linux-x64-O0,1,2632704,0.915086,303779.596353,0.330157,3.346120,0.308434
./bin/llvm-consumer-lame-gcc-linux-x64-O1/llvm-consumer-lame-gcc-linux-x64-O1,1,2041216,0.878602,333772.451372,0.297814,3.580388,0.323152
./bin/llvm-consumer-lame-gcc-linux-x64-O2/llvm-consumer-lame-gcc-linux-x64-O2,1,2106304,0.888888,316024.589470,0.306327,3.572207,0.318459
./bin/llvm-consumer-lame-gcc-linux-x64-O3/llvm-consumer-lame-gcc-linux-x64-O3,1,2629376,0.905480,336942.224126,0.321013,3.545292,0.306636
./bin/llvm-consumer-lame-gcc-linux-x64-Of/llvm-consumer-lame-gcc-linux-x64-Of,1,2795712,0.909979,341572.874495,0.325231,3.551198,0.302786
./bin/llvm-consumer-lame-gcc-linux-x64-Og/llvm-consumer-lame-gcc-linux-x64-Og,1,2084160,0.875909,348127.311932,0.295651,3.587103,0.326722
./bin/llvm-consumer-lame-gcc-linux-x64-Os/llvm-consumer-lame-gcc-linux-x64-Os,1,1813632,0.877711,298670.477883,0.297096,3.585962,0.322517
./bin/llvm-consumer-lame-gcc-linux-x64-static/llvm-consumer-lame-gcc-linux-x64-static,1,10490304,0.943558,810053.080132,0.361058,3.311419,0.293678
./bin/llvm-consumer-typeset-clang-linux-x64-debug/llvm-consumer-typeset-clang-linux-x64-debug,1,14072512,0.922566,1483412.531758,0.337664,3.558410,0.155988
./bin/llvm-consumer-typeset-clang-linux-x64-O0/llvm-consumer-typeset-clang-linux-x64-O0,1,8887424,0.949252,617875.026862,0.368164,3.317606,0.156116
./bin/llvm-consumer-typeset-clang-linux-x64-O1/llvm-consumer-typeset-clang-linux-x64-O1,1,4800064,0.927968,471293.423895,0.343328,3.622804,0.152256
./bin/llvm-consumer-typeset-clang-linux-x64-O2/llvm-consumer-typeset-clang-linux-x64-O2,1,4764864,0.929459,458314.061619,0.344931,3.604545,0.156066
./bin/llvm-consumer-typeset-clang-linux-x64-O3/llvm-consumer-typeset-clang-linux-x64-O3,1,4830144,0.930114,460347.810818,0.345641,3.607823,0.156100
./bin/llvm-consumer-typeset-clang-linux-x64-Of/llvm-consumer-typeset-clang-linux-x64-Of,1,4832064,0.930179,460113.050900,0.345711,3.603568,0.155475
./bin/llvm-consumer-typeset-clang-linux-x64-Og/llvm-consumer-typeset-clang-linux-x64-Og,1,5029696,0.927919,494169.531303,0.343275,3.623343,0.146867
./bin/llvm-consumer-typeset-clang-linux-x64-Os/llvm-consumer-typeset-clang-linux-x64-Os,1,4479872,0.927507,442617.450841,0.342837,3.624258,0.147192
./bin/llvm-consumer-typeset-clang-linux-x64-static/llvm-consumer-typeset-clang-linux-x64-static,1,17636800,0.955306,1081415.865793,0.376190,3.244368,0.251835
./bin/llvm-consumer-typeset-gcc-linux-x64-debug/llvm-consumer-typeset-gcc-linux-x64-debug,1,12962240,0.904310,1681136.000953,0.319934,3.596795,0.177389
./bin/llvm-consumer-typeset-gcc-linux-x64-O0/llvm-consumer-typeset-gcc-linux-x64-O0,1,8329088,0.942324,657034.993296,0.359568,3.393529,0.162971
./bin/llvm-consumer-typeset-gcc-linux-x64-O1/llvm-consumer-typeset-gcc-linux-x64-O1,1,5202880,0.924559,534580.214727,0.339729,3.589420,0.170989
./bin/llvm-consumer-typeset-gcc-linux-x64-O2/llvm-consumer-typeset-gcc-linux-x64-O2,1,5004352,0.930811,472275.476169,0.346399,3.582647,0.181503
./bin/llvm-consumer-typeset-gcc-linux-x64-O3/llvm-consumer-typeset-gcc-linux-x64-O3,1,5132800,0.932863,470260.627314,0.348657,3.579737,0.179875
./bin/llvm-consumer-typeset-gcc-linux-x64-Of/llvm-consumer-typeset-gcc-linux-x64-Of,1,5134016,0.932249,474606.979931,0.347977,3.580882,0.178893
./bin/llvm-consumer-typeset-gcc-linux-x64-Og/llvm-consumer-typeset-gcc-linux-x64-Og,1,5220416,0.922403,551430.360259,0.337496,3.596535,0.168583
./bin/llvm-consumer-typeset-gcc-linux-x64-Os/llvm-consumer-typeset-gcc-linux-x64-Os,1,4187648,0.925131,427067.588918,0.340326,3.645217,0.133862
./bin/llvm-consumer-typeset-gcc-linux-x64-static/llvm-consumer-typeset-gcc-linux-x64-static,1,16946624,0.954972,1046800.292774,0.375732,3.307721,0.221841
./bin/llvm-distray-clang-linux-x64-debug/llvm-distray-clang-linux-x64-debug,1,241344,0.779459,69942.678401,0.230832,3.746221,0.339795
./bin/llvm-distray-clang-linux-x64-O0/llvm-distray-clang-linux-x64-O0,1,175808,0.727517,62109.881325,0.202812,3.653741,0.437598
./bin/llvm-distray-clang-linux-x64-O1/llvm-distray-clang-linux-x64-O1,1,174656,0.703817,66651.676644,0.191124,3.803189,0.393728
./bin/llvm-distray-clang-linux-x64-O2/llvm-distray-clang-linux-x64-O2,1,174784,0.661626,75344.079183,0.171721,3.833013,0.405993
./bin/llvm-distray-clang-linux-x64-O3/llvm-distray-clang-linux-x64-O3,1,175168,0.724642,62489.617830,0.201361,3.813648,0.382135
./bin/llvm-distray-clang-linux-x64-Of/llvm-distray-clang-linux-x64-Of,1,175424,0.708107,66050.256316,0.193195,3.827039,0.389579
./bin/llvm-distray-clang-linux-x64-Og/llvm-distray-clang-linux-x64-Og,1,174976,0.654545,76856.901266,0.168623,3.815638,0.405253
./bin/llvm-distray-clang-linux-x64-Os/llvm-distray-clang-linux-x64-Os,1,175104,0.612469,85285.416758,0.151053,3.865132,0.417092
./bin/llvm-distray-clang-linux-x64-static/llvm-distray-clang-linux-x64-static,1,8468352,0.955601,515859.072474,0.376594,3.228563,0.299937
./bin/llvm-distray-gcc-linux-x64-debug/llvm-distray-gcc-linux-x64-debug,1,238336,0.789948,65962.118421,0.236960,3.678550,0.355378
./bin/llvm-distray-gcc-linux-x64-O0/llvm-distray-gcc-linux-x64-O0,1,176512,0.751238,57282.830153,0.215164,3.573565,0.439600
./bin/llvm-distray-gcc-linux-x64-O1/llvm-distray-gcc-linux-x64-O1,1,176000,0.638331,80576.564750,0.161688,3.833061,0.410585
./bin/llvm-distray-gcc-linux-x64-O2/llvm-distray-gcc-linux-x64-O2,1,175424,0.642082,79561.859267,0.163273,3.824849,0.413449
./bin/llvm-distray-gcc-linux-x64-O3/llvm-distray-gcc-linux-x64-O3,1,208192,0.767129,63507.628516,0.223846,3.751902,0.377265
./bin/llvm-distray-gcc-linux-x64-Of/llvm-distray-gcc-linux-x64-Of,1,208512,0.719288,75724.324432,0.198684,3.790055,0.385485
./bin/llvm-distray-gcc-linux-x64-Og/llvm-distray-gcc-linux-x64-Og,1,176832,0.635160,81596.172638,0.160356,3.815418,0.411230
./bin/llvm-distray-gcc-linux-x64-Os/llvm-distray-gcc-linux-x64-Os,1,175872,0.621988,83777.266739,0.154908,3.815502,0.417817
./bin/llvm-distray-gcc-linux-x64-static/llvm-distray-gcc-linux-x64-static,1,8402176,0.955443,513625.772754,0.376378,3.235214,0.299064
./bin/llvm-drop3-clang-linux-x64-debug/llvm-drop3-clang-linux-x64-debug,1,165440,0.625630,78127.515111,0.156401,3.879280,0.384968
./bin/llvm-drop3-clang-linux-x64-O0/llvm-drop3-clang-linux-x64-O0,1,132864,0.519421,78133.764933,0.116570,3.858382,0.441406
./bin/llvm-drop3-clang-linux-x64-O1/llvm-drop3-clang-linux-x64-O1,1,131328,0.440005,87848.045352,0.091062,3.897661,0.463201
./bin/llvm-drop3-clang-linux-x64-O2/llvm-drop3-clang-linux-x64-O2,1,131328,0.470664,83828.625853,0.100527,3.862573,0.471993
./bin/llvm-drop3-clang-linux-x64-O3/llvm-drop3-clang-linux-x64-O3,1,131328,0.470664,83828.625853,0.100527,3.862573,0.471993
./bin/llvm-drop3-clang-linux-x64-Of/llvm-drop3-clang-linux-x64-Of,1,131968,0.477825,83279.033978,0.102805,3.873409,0.471256
./bin/llvm-drop3-clang-linux-x64-Og/llvm-drop3-clang-linux-x64-Og,1,131328,0.467841,84202.949592,0.099636,3.887427,0.464234
./bin/llvm-drop3-clang-linux-x64-Os/llvm-drop3-clang-linux-x64-Os,1,131328,0.437498,88172.222710,0.090308,3.900585,0.462320
./bin/llvm-drop3-clang-linux-x64-static/llvm-drop3-clang-linux-x64-static,1,7201728,0.940095,589745.288478,0.356918,3.312165,0.308973
./bin/llvm-drop3-gcc-linux-x64-debug/llvm-drop3-gcc-linux-x64-debug,1,171136,0.629101,80144.966553,0.157834,3.877700,0.389039
./bin/llvm-drop3-gcc-linux-x64-O0/llvm-drop3-gcc-linux-x64-O0,1,133760,0.529163,77287.746531,0.119931,3.849246,0.445958
./bin/llvm-drop3-gcc-linux-x64-O1/llvm-drop3-gcc-linux-x64-O1,1,132800,0.462180,85903.229398,0.097861,3.894432,0.471094
./bin/llvm-drop3-gcc-linux-x64-O2/llvm-drop3-gcc-linux-x64-O2,1,132288,0.457172,86235.704403,0.096305,3.907112,0.465912
./bin/llvm-drop3-gcc-linux-x64-O3/llvm-drop3-gcc-linux-x64-O3,1,132288,0.457172,86235.704403,0.096305,3.907112,0.465912
./bin/llvm-drop3-gcc-linux-x64-Of/llvm-drop3-gcc-linux-x64-Of,1,132864,0.464965,85572.693762,0.098733,3.891618,0.465695
./bin/llvm-drop3-gcc-linux-x64-Og/llvm-drop3-gcc-linux-x64-Og,1,133120,0.468352,85283.221905,0.099797,3.899026,0.464094
./bin/llvm-drop3-gcc-linux-x64-Os/llvm-drop3-gcc-linux-x64-Os,1,132800,0.462035,85922.533133,0.097816,3.888648,0.466865
./bin/llvm-drop3-gcc-linux-x64-static/llvm-drop3-gcc-linux-x64-static,1,7136384,0.939373,591337.125182,0.356071,3.321011,0.307325
./bin/llvm-em3d-clang-linux-x64-debug/llvm-em3d-clang-linux-x64-debug,1,263168,0.750413,85670.078064,0.214722,3.853338,0.299417
./bin/llvm-em3d-clang-linux-x64-O0/llvm-em3d-clang-linux-x64-O0,1,173632,0.656736,75828.105050,0.169577,3.784352,0.396261
./bin/llvm-em3d-clang-linux-x64-O1/llvm-em3d-clang-linux-x64-O1,1,141248,0.709341,52974.881089,0.193794,3.760707,0.392975
./bin/llvm-em3d-clang-linux-x64-O2/llvm-em3d-clang-linux-x64-O2,1,174016,0.638738,79587.646285,0.161859,3.812414,0.411872
./bin/llvm-em3d-clang-linux-x64-O3/llvm-em3d-clang-linux-x64-O3,1,174016,0.642433,78853.551398,0.163422,3.821241,0.408842
./bin/llvm-em3d-clang-linux-x64-Of/llvm-em3d-clang-linux-x64-Of,1,174656,0.644874,78655.844998,0.164460,3.809786,0.407668
./bin/llvm-em3d-clang-linux-x64-Og/llvm-em3d-clang-linux-x64-Og,1,174016,0.634851,80357.757356,0.160227,3.827862,0.411605
./bin/llvm-em3d-clang-linux-x64-Os/llvm-em3d-clang-linux-x64-Os,1,141248,0.651380,62556.637970,0.167252,3.801496,0.416454
./bin/llvm-em3d-clang-linux-x64-static/llvm-em3d-clang-linux-x64-static,1,6896064,0.936560,597542.146173,0.352818,3.327199,0.308520
./bin/llvm-em3d-gcc-linux-x64-debug/llvm-em3d-gcc-linux-x64-debug,1,258176,0.726374,91564.194596,0.202234,3.831908,0.318272
./bin/llvm-em3d-gcc-linux-x64-O0/llvm-em3d-gcc-linux-x64-O0,1,173888,0.653571,76574.080236,0.168200,3.752623,0.384425
./bin/llvm-em3d-gcc-linux-x64-O1/llvm-em3d-gcc-linux-x64-O1,1,141184,0.670200,59455.918518,0.175530,3.787827,0.410729
./bin/llvm-em3d-gcc-linux-x64-O2/llvm-em3d-gcc-linux-x64-O2,1,173952,0.634704,80357.414114,0.160165,3.784768,0.418428
./bin/llvm-em3d-gcc-linux-x64-O3/llvm-em3d-gcc-linux-x64-O3,1,208320,0.780874,60006.632277,0.231648,3.657143,0.357927
./bin/llvm-em3d-gcc-linux-x64-Of/llvm-em3d-gcc-linux-x64-Of,1,208960,0.781409,60052.069296,0.231958,3.659086,0.356891
./bin/llvm-em3d-gcc-linux-x64-Og/llvm-em3d-gcc-linux-x64-Og,1,141184,0.666152,60119.679992,0.173724,3.797348,0.411578
./bin/llvm-em3d-gcc-linux-x64-Os/llvm-em3d-gcc-linux-x64-Os,1,141120,0.645030,63527.918481,0.164527,3.793197,0.418652
./bin/llvm-em3d-gcc-linux-x64-static/llvm-em3d-gcc-linux-x64-static,1,6830464,0.935512,601488.453039,0.351626,3.344123,0.306007
./bin/llvm-espresso-clang-linux-x64-debug/llvm-espresso-clang-linux-x64-debug,1,3549504,0.908946,438538.902477,0.324252,3.692378,0.147004
./bin/llvm-espresso-clang-linux-x64-O0/llvm-espresso-clang-linux-x64-O0,1,1845696,0.930650,174581.432643,0.346224,3.432435,0.190387
./bin/llvm-espresso-clang-linux-x64-O1/llvm-espresso-clang-linux-x64-O1,1,1600512,0.919717,174801.048887,0.334761,3.507438,0.242211
./bin/llvm-espresso-clang-linux-x64-O2/llvm-espresso-clang-linux-x64-O2,1,1829696,0.932337,168926.887371,0.348075,3.448869,0.234268
./bin/llvm-espresso-clang-linux-x64-O3/llvm-espresso-clang-linux-x64-O3,1,1862464,0.938096,157530.859979,0.354585,3.438468,0.227442
./bin/llvm-espresso-clang-linux-x64-Of/llvm-espresso-clang-linux-x64-Of,1,1863104,0.938165,157412.792040,0.354665,3.438862,0.227595
./bin/llvm-espresso-clang-linux-x64-Og/llvm-espresso-clang-linux-x64-Og,1,1633600,0.927032,162441.906523,0.342331,3.516822,0.225185
./bin/llvm-espresso-clang-linux-x64-Os/llvm-espresso-clang-linux-x64-Os,1,1372032,0.928366,133980.000105,0.343754,3.506857,0.220207
./bin/llvm-espresso-clang-linux-x64-static/llvm-espresso-clang-linux-x64-static,1,9639616,0.948921,674494.462785,0.367740,3.271206,0.281651
./bin/llvm-espresso-gcc-linux-x64-debug/llvm-espresso-gcc-linux-x64-debug,1,3561728,0.875144,598489.946565,0.295040,3.716989,0.193760
./bin/llvm-espresso-gcc-linux-x64-O0/llvm-espresso-gcc-linux-x64-O0,1,1879680,0.916447,213485.402249,0.331495,3.480899,0.205339
./bin/llvm-espresso-gcc-linux-x64-O1/llvm-espresso-gcc-linux-x64-O1,1,1568576,0.913113,185111.513821,0.328235,3.551380,0.242213
./bin/llvm-espresso-gcc-linux-x64-O2/llvm-espresso-gcc-linux-x64-O2,1,1607488,0.926187,161664.416334,0.341436,3.508018,0.228769
./bin/llvm-espresso-gcc-linux-x64-O3/llvm-espresso-gcc-linux-x64-O3,1,2164608,0.931498,202283.932147,0.347152,3.460795,0.232716
./bin/llvm-espresso-gcc-linux-x64-Of/llvm-espresso-gcc-linux-x64-Of,1,2165248,0.931533,202243.700729,0.347189,3.452969,0.232352
./bin/llvm-espresso-gcc-linux-x64-Og/llvm-espresso-gcc-linux-x64-Og,1,1542336,0.909198,190037.038975,0.324491,3.547990,0.251491
./bin/llvm-espresso-gcc-linux-x64-Os/llvm-espresso-gcc-linux-x64-Os,1,1305984,0.921570,139402.572408,0.336643,3.495737,0.227236
./bin/llvm-espresso-gcc-linux-x64-static/llvm-espresso-gcc-linux-x64-static,1,9607936,0.945233,720189.044765,0.363108,3.299078,0.283108
./bin/llvm-five11-clang-linux-x64-debug/llvm-five11-clang-linux-x64-debug,1,179392,0.645033,80756.171089,0.164528,3.898314,0.359056
./bin/llvm-five11-clang-linux-x64-O0/llvm-five11-clang-linux-x64-O0,1,134016,0.518477,78944.067604,0.116247,3.869628,0.439134
./bin/llvm-five11-clang-linux-x64-O1/llvm-five11-clang-linux-x64-O1,1,134144,0.504735,80943.290822,0.111604,3.879742,0.459556
./bin/llvm-five11-clang-linux-x64-O2/llvm-five11-clang-linux-x64-O2,1,134144,0.511436,80007.645545,0.113855,3.876879,0.460769
./bin/llvm-five11-clang-linux-x64-O3/llvm-five11-clang-linux-x64-O3,1,134144,0.534603,76736.386003,0.121832,3.861131,0.457981
./bin/llvm-five11-clang-linux-x64-Of/llvm-five11-clang-linux-x64-Of,1,134784,0.540369,76275.694712,0.123865,3.844729,0.455735
./bin/llvm-five11-clang-linux-x64-Og/llvm-five11-clang-linux-x64-Og,1,134144,0.516775,79258.740935,0.115667,3.875447,0.451875
./bin/llvm-five11-clang-linux-x64-Os/llvm-five11-clang-linux-x64-Os,1,134144,0.480019,84352.843780,0.103508,3.895490,0.461350
./bin/llvm-five11-clang-linux-x64-static/llvm-five11-clang-linux-x64-static,1,7168960,0.938912,598488.558319,0.355533,3.309127,0.309376
./bin/llvm-five11-gcc-linux-x64-debug/llvm-five11-gcc-linux-x64-debug,1,179200,0.634923,82737.007232,0.160257,3.889633,0.369706
./bin/llvm-five11-gcc-linux-x64-O0/llvm-five11-gcc-linux-x64-O0,1,134272,0.516430,79382.973099,0.115549,3.855560,0.432601
./bin/llvm-five11-gcc-linux-x64-O1/llvm-five11-gcc-linux-x64-O1,1,134016,0.489206,83013.868314,0.106480,3.902579,0.450219
./bin/llvm-five11-gcc-linux-x64-O2/llvm-five11-gcc-linux-x64-O2,1,134272,0.515073,79573.775292,0.115087,3.881301,0.444735
./bin/llvm-five11-gcc-linux-x64-O3/llvm-five11-gcc-linux-x64-O3,1,134272,0.523020,78453.798975,0.117806,3.867000,0.446417
./bin/llvm-five11-gcc-linux-x64-Of/llvm-five11-gcc-linux-x64-Of,1,134912,0.529351,77926.508806,0.119997,3.881851,0.446877
./bin/llvm-five11-gcc-linux-x64-Og/llvm-five11-gcc-linux-x64-Og,1,134272,0.479108,84557.874434,0.103216,3.889882,0.458584
./bin/llvm-five11-gcc-linux-x64-Os/llvm-five11-gcc-linux-x64-Os,1,134016,0.472049,85356.659772,0.100966,3.882521,0.460741
./bin/llvm-five11-gcc-linux-x64-static/llvm-five11-gcc-linux-x64-static,1,7103296,0.938250,599338.837791,0.354763,3.318471,0.307994
./bin/llvm-fourinarow-clang-linux-x64-debug/llvm-fourinarow-clang-linux-x64-debug,1,258944,0.807089,66103.142857,0.247374,3.815350,0.261381
./bin/llvm-fourinarow-clang-linux-x64-O0/llvm-fourinarow-clang-linux-x64-O0,1,172544,0.760826,53970.291636,0.220361,3.729549,0.347073
./bin/llvm-fourinarow-clang-linux-x64-O1/llvm-fourinarow-clang-linux-x64-O1,1,172800,0.751472,56028.777870,0.215289,3.724444,0.370701
./bin/llvm-fourinarow-clang-linux-x64-O2/llvm-fourinarow-clang-linux-x64-O2,1,238336,0.814527,58606.046069,0.252060,3.653575,0.318400
./bin/llvm-fourinarow-clang-linux-x64-O3/llvm-fourinarow-clang-linux-x64-O3,1,336640,0.837992,72730.848016,0.267594,3.628690,0.306928
./bin/llvm-fourinarow-clang-linux-x64-Of/llvm-fourinarow-clang-linux-x64-Of,1,337216,0.839165,72348.851822,0.268404,3.645267,0.306082
./bin/llvm-fourinarow-clang-linux-x64-Og/llvm-fourinarow-clang-linux-x64-Og,1,172800,0.762286,53740.775208,0.221163,3.747778,0.362905
./bin/llvm-fourinarow-clang-linux-x64-Os/llvm-fourinarow-clang-linux-x64-Os,1,172480,0.678509,70964.065144,0.179285,3.762872,0.390835
./bin/llvm-fourinarow-clang-linux-x64-static/llvm-fourinarow-clang-linux-x64-static,1,8001472,0.948852,560612.990474,0.367652,3.245481,0.306828
./bin/llvm-fourinarow-gcc-linux-x64-debug/llvm-fourinarow-gcc-linux-x64-debug,1,249728,0.792214,68408.570989,0.238307,3.768551,0.277253
./bin/llvm-fourinarow-gcc-linux-x64-O0/llvm-fourinarow-gcc-linux-x64-O0,1,172736,0.757293,54778.570049,0.218432,3.676487,0.346951
./bin/llvm-fourinarow-gcc-linux-x64-O1/llvm-fourinarow-gcc-linux-x64-O1,1,172608,0.704268,65777.686527,0.191341,3.781980,0.373399
./bin/llvm-fourinarow-gcc-linux-x64-O2/llvm-fourinarow-gcc-linux-x64-O2,1,172608,0.701732,66297.255492,0.190124,3.777531,0.385311
./bin/llvm-fourinarow-gcc-linux-x64-O3/llvm-fourinarow-gcc-linux-x64-O3,1,370368,0.889652,55197.210342,0.306976,3.435459,0.312233
./bin/llvm-fourinarow-gcc-linux-x64-Of/llvm-fourinarow-gcc-linux-x64-Of,1,305408,0.870557,53144.514878,0.291427,3.358064,0.300002
./bin/llvm-fourinarow-gcc-linux-x64-Og/llvm-fourinarow-gcc-linux-x64-Og,1,172608,0.709789,64644.277345,0.194012,3.766407,0.378199
./bin/llvm-fourinarow-gcc-linux-x64-Os/llvm-fourinarow-gcc-linux-x64-Os,1,172288,0.655030,75580.124814,0.168834,3.775982,0.409231
./bin/llvm-fourinarow-gcc-linux-x64-static/llvm-fourinarow-gcc-linux-x64-static,1,7902976,0.949290,549032.286644,0.368213,3.247715,0.303442
./bin/llvm-ft-clang-linux-x64-debug/llvm-ft-clang-linux-x64-debug,1,279616,0.767776,85072.062486,0.224207,3.848240,0.258471
./bin/llvm-ft-clang-linux-x64-O0/llvm-ft-clang-linux-x64-O0,1,175424,0.689631,69886.698377,0.184410,3.767926,0.360833
./bin/llvm-ft-clang-linux-x64-O1/llvm-ft-clang-linux-x64-O1,1,176448,0.678069,72687.491499,0.179084,3.808487,0.384621
./bin/llvm-ft-clang-linux-x64-O2/llvm-ft-clang-linux-x64-O2,1,176448,0.700841,67958.412768,0.189699,3.783460,0.374723
./bin/llvm-ft-clang-linux-x64-O3/llvm-ft-clang-linux-x64-O3,1,176448,0.702701,67569.233429,0.190589,3.793254,0.374313
./bin/llvm-ft-clang-linux-x64-Of/llvm-ft-clang-linux-x64-Of,1,177088,0.705497,67226.419068,0.191933,3.771212,0.374012
./bin/llvm-ft-clang-linux-x64-Og/llvm-ft-clang-linux-x64-Og,1,176448,0.677807,72741.415397,0.178965,3.812840,0.380136
./bin/llvm-ft-clang-linux-x64-Os/llvm-ft-clang-linux-x64-Os,1,143680,0.708692,53998.042344,0.193479,3.783495,0.372940
./bin/llvm-ft-clang-linux-x64-static/llvm-ft-clang-linux-x64-static,1,6901824,0.937400,590244.106882,0.353781,3.327816,0.307008
./bin/llvm-ft-gcc-linux-x64-debug/llvm-ft-gcc-linux-x64-debug,1,285632,0.752056,92409.818074,0.215603,3.842017,0.279565
./bin/llvm-ft-gcc-linux-x64-O0/llvm-ft-gcc-linux-x64-O0,1,176192,0.690462,70020.143843,0.184798,3.756948,0.341445
./bin/llvm-ft-gcc-linux-x64-O1/llvm-ft-gcc-linux-x64-O1,1,176000,0.645779,79078.776568,0.164847,3.792690,0.398811
./bin/llvm-ft-gcc-linux-x64-O2/llvm-ft-gcc-linux-x64-O2,1,177344,0.680078,72639.897600,0.180000,3.789930,0.383749
./bin/llvm-ft-gcc-linux-x64-O3/llvm-ft-gcc-linux-x64-O3,1,210112,0.768902,63634.142267,0.224837,3.726753,0.336828
./bin/llvm-ft-gcc-linux-x64-Of/llvm-ft-gcc-linux-x64-Of,1,210752,0.770602,63386.048056,0.225791,3.742141,0.335342
./bin/llvm-ft-gcc-linux-x64-Og/llvm-ft-gcc-linux-x64-Og,1,176320,0.637634,80863.162636,0.161394,3.798530,0.407523
./bin/llvm-ft-gcc-linux-x64-Os/llvm-ft-gcc-linux-x64-Os,1,143616,0.682146,58477.162461,0.180948,3.739305,0.400039
./bin/llvm-ft-gcc-linux-x64-static/llvm-ft-gcc-linux-x64-static,1,6869056,0.935150,608226.832916,0.351217,3.342944,0.305926
./bin/llvm-gs-clang-linux-x64-debug/llvm-gs-clang-linux-x64-debug,1,5430208,0.909519,666768.843356,0.324794,3.630015,0.210525
./bin/llvm-gs-clang-linux-x64-O0/llvm-gs-clang-linux-x64-O0,1,2550848,0.941089,205471.580100,0.358093,3.250913,0.276670
./bin/llvm-gs-clang-linux-x64-O1/llvm-gs-clang-linux-x64-O1,1,2120384,0.910289,258190.897717,0.325525,3.529950,0.274647
./bin/llvm-gs-clang-linux-x64-O2/llvm-gs-clang-linux-x64-O2,1,2185152,0.905417,280199.308938,0.320955,3.531500,0.288973
./bin/llvm-gs-clang-linux-x64-O3/llvm-gs-clang-linux-x64-O3,1,2250688,0.907511,282353.473683,0.322904,3.537120,0.283067
./bin/llvm-gs-clang-linux-x64-Of/llvm-gs-clang-linux-x64-Of,1,2251328,0.907227,283282.560338,0.322638,3.538527,0.283417
./bin/llvm-gs-clang-linux-x64-Og/llvm-gs-clang-linux-x64-Og,1,2284608,0.906889,288494.645516,0.322322,3.549542,0.268559
./bin/llvm-gs-clang-linux-x64-Os/llvm-gs-clang-linux-x64-Os,1,1858240,0.901374,248223.214224,0.317257,3.556015,0.277493
./bin/llvm-gs-clang-linux-x64-static/llvm-gs-clang-linux-x64-static,1,12694272,0.963018,645220.850930,0.387275,3.201630,0.279864
./bin/llvm-gs-gcc-linux-x64-debug/llvm-gs-gcc-linux-x64-debug,1,5253760,0.876576,872982.776831,0.296184,3.677962,0.243733
./bin/llvm-gs-gcc-linux-x64-O0/llvm-gs-gcc-linux-x64-O0,1,2453568,0.928332,239706.260434,0.343717,3.332499,0.271358
./bin/llvm-gs-gcc-linux-x64-O1/llvm-gs-gcc-linux-x64-O1,1,2054528,0.899331,279989.565730,0.315420,3.548993,0.278151
./bin/llvm-gs-gcc-linux-x64-O2/llvm-gs-gcc-linux-x64-O2,1,2151616,0.902871,283150.061639,0.318617,3.551411,0.289197
./bin/llvm-gs-gcc-linux-x64-O3/llvm-gs-gcc-linux-x64-O3,1,2413568,0.912698,286163.066723,0.327834,3.535579,0.280259
./bin/llvm-gs-gcc-linux-x64-Of/llvm-gs-gcc-linux-x64-Of,1,2414208,0.912596,286566.589000,0.327736,3.532448,0.279926
./bin/llvm-gs-gcc-linux-x64-Og/llvm-gs-gcc-linux-x64-Og,1,2021760,0.901681,269245.034030,0.317535,3.544255,0.282457
./bin/llvm-gs-gcc-linux-x64-Os/llvm-gs-gcc-linux-x64-Os,1,1728256,0.901060,231576.367983,0.316974,3.528177,0.277531
./bin/llvm-gs-gcc-linux-x64-static/llvm-gs-gcc-linux-x64-static,1,12432832,0.961730,653754.392967,0.385345,3.232020,0.275889
./bin/llvm-health-clang-linux-x64-debug/llvm-health-clang-linux-x64-debug,1,235904,0.701394,90703.223701,0.189963,3.852666,0.323282
./bin/llvm-health-clang-linux-x64-O0/llvm-health-clang-linux-x64-O0,1,167872,0.593169,85371.245925,0.143437,3.805548,0.410090
./bin/llvm-health-clang-linux-x64-O1/llvm-health-clang-linux-x64-O1,1,135104,0.606410,66718.848916,0.148634,3.859275,0.411978
./bin/llvm-health-clang-linux-x64-O2/llvm-health-clang-linux-x64-O2,1,135104,0.605888,66797.578192,0.148426,3.857854,0.409719
./bin/llvm-health-clang-linux-x64-O3/llvm-health-clang-linux-x64-O3,1,134656,0.620599,64354.712007,0.154341,3.848841,0.407009
./bin/llvm-health-clang-linux-x64-Of/llvm-health-clang-linux-x64-Of,1,135232,0.626646,63706.675373,0.156819,3.829606,0.406308
./bin/llvm-health-clang-linux-x64-Og/llvm-health-clang-linux-x64-Og,1,135104,0.626378,63687.363809,0.156709,3.855011,0.399412
./bin/llvm-health-clang-linux-x64-Os/llvm-health-clang-linux-x64-Os,1,135488,0.583110,70405.041214,0.139570,3.859674,0.420186
./bin/llvm-health-clang-linux-x64-static/llvm-health-clang-linux-x64-static,1,6963968,0.938252,587569.749743,0.354765,3.324410,0.307433
./bin/llvm-health-gcc-linux-x64-debug/llvm-health-gcc-linux-x64-debug,1,229952,0.669156,97117.283607,0.175063,3.876409,0.336047
./bin/llvm-health-gcc-linux-x64-O0/llvm-health-gcc-linux-x64-O0,1,168128,0.583804,87237.983346,0.139834,3.836665,0.392113
./bin/llvm-health-gcc-linux-x64-O1/llvm-health-gcc-linux-x64-O1,1,135040,0.612152,65820.062826,0.150926,3.873445,0.393990
./bin/llvm-health-gcc-linux-x64-O2/llvm-health-gcc-linux-x64-O2,1,135616,0.629853,63394.948118,0.158145,3.845664,0.405326
./bin/llvm-health-gcc-linux-x64-O3/llvm-health-gcc-linux-x64-O3,1,136000,0.656543,59423.900029,0.169493,3.822097,0.411879
./bin/llvm-health-gcc-linux-x64-Of/llvm-health-gcc-linux-x64-Of,1,136576,0.661810,58844.627929,0.171802,3.831283,0.409453
./bin/llvm-health-gcc-linux-x64-Og/llvm-health-gcc-linux-x64-Og,1,135040,0.600704,67545.882968,0.146379,3.859225,0.401548
./bin/llvm-health-gcc-linux-x64-Os/llvm-health-gcc-linux-x64-Os,1,135360,0.575615,71450.519622,0.136732,3.865248,0.411605
./bin/llvm-health-gcc-linux-x64-static/llvm-health-gcc-linux-x64-static,1,6898368,0.937311,590772.732408,0.353679,3.338974,0.305737
./bin/llvm-hexxagon-clang-linux-x64-debug/llvm-hexxagon-clang-linux-x64-debug,1,819648,0.874134,138808.352385,0.294239,3.784961,0.235092
./bin/llvm-hexxagon-clang-linux-x64-O0/llvm-hexxagon-clang-linux-x64-O0,1,341056,0.882550,54006.894833,0.301033,3.540605,0.306265
./bin/llvm-hexxagon-clang-linux-x64-O1/llvm-hexxagon-clang-linux-x64-O1,1,299904,0.901323,40081.129441,0.317212,3.520487,0.313579
./bin/llvm-hexxagon-clang-linux-x64-O2/llvm-hexxagon-clang-linux-x64-O2,1,299904,0.895282,42473.028182,0.311836,3.543534,0.303549
./bin/llvm-hexxagon-clang-linux-x64-O3/llvm-hexxagon-clang-linux-x64-O3,1,332672,0.859272,62761.801462,0.282825,3.587879,0.328829
./bin/llvm-hexxagon-clang-linux-x64-Of/llvm-hexxagon-clang-linux-x64-Of,1,333248,0.860004,62554.499724,0.283372,3.598387,0.328791
./bin/llvm-hexxagon-clang-linux-x64-Og/llvm-hexxagon-clang-linux-x64-Og,1,332672,0.877762,54762.591009,0.297137,3.550361,0.323967
./bin/llvm-hexxagon-clang-linux-x64-Os/llvm-hexxagon-clang-linux-x64-Os,1,266624,0.867497,47456.718810,0.289055,3.582283,0.315920
./bin/llvm-hexxagon-clang-linux-x64-static/llvm-hexxagon-clang-linux-x64-static,1,20613120,0.961239,1097658.960080,0.384620,3.301220,0.251705
./bin/llvm-hexxagon-gcc-linux-x64-debug/llvm-hexxagon-gcc-linux-x64-debug,1,902464,0.845532,186249.645858,0.272855,3.822350,0.247477
./bin/llvm-hexxagon-gcc-linux-x64-O0/llvm-hexxagon-gcc-linux-x64-O0,1,342528,0.867704,60874.906577,0.289214,3.546525,0.297632
./bin/llvm-hexxagon-gcc-linux-x64-O1/llvm-hexxagon-gcc-linux-x64-O1,1,297664,0.848061,60463.584229,0.274652,3.583293,0.339613
./bin/llvm-hexxagon-gcc-linux-x64-O2/llvm-hexxagon-gcc-linux-x64-O2,1,298368,0.857747,56878.733591,0.281692,3.611969,0.329676
./bin/llvm-hexxagon-gcc-linux-x64-O3/llvm-hexxagon-gcc-linux-x64-O3,1,331136,0.871531,57201.471250,0.292188,3.552334,0.331548
./bin/llvm-hexxagon-gcc-linux-x64-Of/llvm-hexxagon-gcc-linux-x64-Of,1,331776,0.872422,56926.977539,0.292887,3.539352,0.331065
./bin/llvm-hexxagon-gcc-linux-x64-Og/llvm-hexxagon-gcc-linux-x64-Og,1,300160,0.849348,60473.194243,0.275573,3.600192,0.339188
./bin/llvm-hexxagon-gcc-linux-x64-Os/llvm-hexxagon-gcc-linux-x64-Os,1,267392,0.847606,54471.003605,0.274328,3.630880,0.326567
./bin/llvm-hexxagon-gcc-linux-x64-static/llvm-hexxagon-gcc-linux-x64-static,1,20284224,0.960497,1100643.564184,0.383530,3.319470,0.248599
./bin/llvm-ks-clang-linux-x64-debug/llvm-ks-clang-linux-x64-debug,1,256320,0.768294,77820.859691,0.224497,3.839700,0.272288
./bin/llvm-ks-clang-linux-x64-O0/llvm-ks-clang-linux-x64-O0,1,171904,0.698814,66621.045793,0.188733,3.767663,0.355299
./bin/llvm-ks-clang-linux-x64-O1/llvm-ks-clang-linux-x64-O1,1,173120,0.671555,72631.896696,0.176138,3.806988,0.371468
./bin/llvm-ks-clang-linux-x64-O2/llvm-ks-clang-linux-x64-O2,1,173120,0.683231,70270.376710,0.181446,3.815862,0.365481
./bin/llvm-ks-clang-linux-x64-O3/llvm-ks-clang-linux-x64-O3,1,173120,0.695197,67832.659173,0.187021,3.813644,0.362051
./bin/llvm-ks-clang-linux-x64-Of/llvm-ks-clang-linux-x64-Of,1,173760,0.699971,67102.212247,0.189284,3.792265,0.362672
./bin/llvm-ks-clang-linux-x64-Og/llvm-ks-clang-linux-x64-Og,1,173120,0.681521,70617.390388,0.180661,3.816972,0.368172
./bin/llvm-ks-clang-linux-x64-Os/llvm-ks-clang-linux-x64-Os,1,173120,0.633117,80285.323683,0.159502,3.834720,0.387901
./bin/llvm-ks-clang-linux-x64-static/llvm-ks-clang-linux-x64-static,1,8000640,0.948171,567928.977922,0.366785,3.249196,0.307701
./bin/llvm-ks-gcc-linux-x64-debug/llvm-ks-gcc-linux-x64-debug,1,256960,0.764512,79211.387858,0.222393,3.814683,0.288298
./bin/llvm-ks-gcc-linux-x64-O0/llvm-ks-gcc-linux-x64-O0,1,172608,0.715573,63452.793127,0.196845,3.733037,0.344640
./bin/llvm-ks-gcc-linux-x64-O1/llvm-ks-gcc-linux-x64-O1,1,172672,0.663603,74038.481190,0.172593,3.820962,0.376966
./bin/llvm-ks-gcc-linux-x64-O2/llvm-ks-gcc-linux-x64-O2,1,173056,0.676638,71579.400911,0.178434,3.830236,0.374634
./bin/llvm-ks-gcc-linux-x64-O3/llvm-ks-gcc-linux-x64-O3,1,173056,0.742754,57948.988559,0.210666,3.786963,0.349266
./bin/llvm-ks-gcc-linux-x64-Of/llvm-ks-gcc-linux-x64-Of,1,173696,0.743490,58007.915461,0.211053,3.784411,0.346380
./bin/llvm-ks-gcc-linux-x64-Og/llvm-ks-gcc-linux-x64-Og,1,172672,0.636045,79502.591943,0.160727,3.842091,0.394393
./bin/llvm-ks-gcc-linux-x64-Os/llvm-ks-gcc-linux-x64-Os,1,139776,0.687907,55968.468864,0.183608,3.810440,0.363351
./bin/llvm-ks-gcc-linux-x64-static/llvm-ks-gcc-linux-x64-static,1,7901952,0.948726,554993.403599,0.367491,3.250316,0.304044
./bin/llvm-lua-clang-linux-x64-debug/llvm-lua-clang-linux-x64-debug,1,4309824,0.899104,588629.788280,0.315217,3.650020,0.203167
./bin/llvm-lua-clang-linux-x64-O0/llvm-lua-clang-linux-x64-O0,1,2089472,0.929905,199728.130391,0.345414,3.308339,0.270161
./bin/llvm-lua-clang-linux-x64-O1/llvm-lua-clang-linux-x64-O1,1,1798016,0.916128,204973.774649,0.331181,3.395056,0.304905
./bin/llvm-lua-clang-linux-x64-O2/llvm-lua-clang-linux-x64-O2,1,1764480,0.934462,157869.775682,0.350441,3.364962,0.283473
./bin/llvm-lua-clang-linux-x64-O3/llvm-lua-clang-linux-x64-O3,1,1828224,0.934376,163784.310039,0.350345,3.369670,0.284466
./bin/llvm-lua-clang-linux-x64-Of/llvm-lua-clang-linux-x64-Of,1,1828480,0.933955,164841.717746,0.349873,3.366183,0.285313
./bin/llvm-lua-clang-linux-x64-Og/llvm-lua-clang-linux-x64-Og,1,1832704,0.918898,202162.223742,0.333937,3.413111,0.291509
./bin/llvm-lua-clang-linux-x64-Os/llvm-lua-clang-linux-x64-Os,1,1553536,0.904770,200539.168866,0.320358,3.461270,0.300140
./bin/llvm-lua-clang-linux-x64-static/llvm-lua-clang-linux-x64-static,1,13105728,0.964901,632496.872696,0.390158,3.209994,0.275220
./bin/llvm-lua-gcc-linux-x64-debug/llvm-lua-gcc-linux-x64-debug,1,4267648,0.875920,712782.717608,0.295660,3.639587,0.232135
./bin/llvm-lua-gcc-linux-x64-O0/llvm-lua-gcc-linux-x64-O0,1,2121344,0.927262,210289.209678,0.342575,3.291759,0.254355
./bin/llvm-lua-gcc-linux-x64-O1/llvm-lua-gcc-linux-x64-O1,1,1657152,0.912598,196699.557373,0.327738,3.394161,0.295273
./bin/llvm-lua-gcc-linux-x64-O2/llvm-lua-gcc-linux-x64-O2,1,1838848,0.916857,207842.639879,0.331901,3.393876,0.304385
./bin/llvm-lua-gcc-linux-x64-O3/llvm-lua-gcc-linux-x64-O3,1,2025792,0.930175,192908.510822,0.345706,3.349919,0.295368
./bin/llvm-lua-gcc-linux-x64-Of/llvm-lua-gcc-linux-x64-Of,1,2025280,0.930158,192906.661155,0.345688,3.348992,0.295506
./bin/llvm-lua-gcc-linux-x64-Og/llvm-lua-gcc-linux-x64-Og,1,1760768,0.904861,227077.679560,0.320441,3.410719,0.305435
./bin/llvm-lua-gcc-linux-x64-Os/llvm-lua-gcc-linux-x64-Os,1,1495296,0.903636,195265.876391,0.319316,3.418978,0.306635
./bin/llvm-lua-gcc-linux-x64-static/llvm-lua-gcc-linux-x64-static,1,12973440,0.965035,623741.101692,0.390366,3.214045,0.270690
./bin/llvm-mason-clang-linux-x64-debug/llvm-mason-clang-linux-x64-debug,1,179200,0.730406,62684.331451,0.204280,3.785695,0.362077
./bin/llvm-mason-clang-linux-x64-O0/llvm-mason-clang-linux-x64-O0,1,133632,0.660837,57726.509369,0.171374,3.719828,0.438828
./bin/llvm-mason-clang-linux-x64-O1/llvm-mason-clang-linux-x64-O1,1,131392,0.531260,75627.891013,0.120662,3.916697,0.394951
./bin/llvm-mason-clang-linux-x64-O2/llvm-mason-clang-linux-x64-O2,1,131392,0.540007,74406.838894,0.123737,3.910851,0.384050
./bin/llvm-mason-clang-linux-x64-O3/llvm-mason-clang-linux-x64-O3,1,131392,0.544354,73797.041677,0.125282,3.905005,0.385918
./bin/llvm-mason-clang-linux-x64-Of/llvm-mason-clang-linux-x64-Of,1,131968,0.550417,73263.181862,0.127455,3.914151,0.385263
./bin/llvm-mason-clang-linux-x64-Og/llvm-mason-clang-linux-x64-Og,1,131392,0.540802,74295.506606,0.124018,3.891852,0.396530
./bin/llvm-mason-clang-linux-x64-Os/llvm-mason-clang-linux-x64-Os,1,131072,0.535891,74799.867676,0.122284,3.898901,0.386339
./bin/llvm-mason-clang-linux-x64-static/llvm-mason-clang-linux-x64-static,1,7929984,0.949741,546064.949482,0.368793,3.241586,0.306641
./bin/llvm-mason-gcc-linux-x64-debug/llvm-mason-gcc-linux-x64-debug,1,211968,0.723345,75947.946860,0.200710,3.747283,0.341185
./bin/llvm-mason-gcc-linux-x64-O0/llvm-mason-gcc-linux-x64-O0,1,166528,0.672838,69617.479247,0.176715,3.682906,0.385743
./bin/llvm-mason-gcc-linux-x64-O1/llvm-mason-gcc-linux-x64-O1,1,131520,0.597566,66243.579684,0.145149,3.870073,0.376069
./bin/llvm-mason-gcc-linux-x64-O2/llvm-mason-gcc-linux-x64-O2,1,131520,0.607743,64753.168005,0.149164,3.858394,0.388619
./bin/llvm-mason-gcc-linux-x64-O3/llvm-mason-gcc-linux-x64-O3,1,131520,0.607743,64753.168005,0.149164,3.858394,0.388619
./bin/llvm-mason-gcc-linux-x64-Of/llvm-mason-gcc-linux-x64-Of,1,132096,0.612422,64345.125030,0.151034,3.867733,0.389351
./bin/llvm-mason-gcc-linux-x64-Og/llvm-mason-gcc-linux-x64-Og,1,165632,0.550289,91974.844692,0.127409,3.870145,0.394329
./bin/llvm-mason-gcc-linux-x64-Os/llvm-mason-gcc-linux-x64-Os,1,131200,0.529602,75747.683689,0.120084,3.909257,0.385418
./bin/llvm-mason-gcc-linux-x64-static/llvm-mason-gcc-linux-x64-static,1,7896832,0.948400,558112.519938,0.367076,3.251725,0.305752
./bin/llvm-minisat-clang-linux-x64-debug/llvm-minisat-clang-linux-x64-debug,1,1207424,0.901005,161875.538336,0.316924,3.707402,0.219927
./bin/llvm-minisat-clang-linux-x64-O0/llvm-minisat-clang-linux-x64-O0,1,555456,0.907859,69426.801360,0.323230,3.390598,0.300742
./bin/llvm-minisat-clang-linux-x64-O1/llvm-minisat-clang-linux-x64-O1,1,322816,0.841236,68402.327035,0.269841,3.633011,0.332709
./bin/llvm-minisat-clang-linux-x64-O2/llvm-minisat-clang-linux-x64-O2,1,355584,0.836245,77618.344537,0.266396,3.614471,0.336724
./bin/llvm-minisat-clang-linux-x64-O3/llvm-minisat-clang-linux-x64-O3,1,355584,0.843845,74155.652268,0.271666,3.612851,0.335191
./bin/llvm-minisat-clang-linux-x64-Of/llvm-minisat-clang-linux-x64-Of,1,356160,0.849993,71459.729212,0.276036,3.608086,0.329793
./bin/llvm-minisat-clang-linux-x64-Og/llvm-minisat-clang-linux-x64-Og,1,323264,0.838357,69689.816484,0.267846,3.644788,0.329380
./bin/llvm-minisat-clang-linux-x64-Os/llvm-minisat-clang-linux-x64-Os,1,299072,0.852154,59172.978079,0.277595,3.614767,0.312427
./bin/llvm-minisat-clang-linux-x64-static/llvm-minisat-clang-linux-x64-static,1,9237696,0.949333,641219.647757,0.368268,3.256812,0.300049
./bin/llvm-minisat-gcc-linux-x64-debug/llvm-minisat-gcc-linux-x64-debug,1,1313728,0.865883,236586.804891,0.287816,3.812196,0.209923
./bin/llvm-minisat-gcc-linux-x64-O0/llvm-minisat-gcc-linux-x64-O0,1,525184,0.894070,75216.224226,0.310779,3.549950,0.250444
./bin/llvm-minisat-gcc-linux-x64-O1/llvm-minisat-gcc-linux-x64-O1,1,357760,0.813600,88391.093426,0.251470,3.651147,0.338869
./bin/llvm-minisat-gcc-linux-x64-O2/llvm-minisat-gcc-linux-x64-O2,1,357568,0.836725,77832.040272,0.266724,3.605853,0.333843
./bin/llvm-minisat-gcc-linux-x64-O3/llvm-minisat-gcc-linux-x64-O3,1,388928,0.840679,82688.739880,0.269453,3.621328,0.333123
./bin/llvm-minisat-gcc-linux-x64-Of/llvm-minisat-gcc-linux-x64-Of,1,389568,0.840552,82888.359455,0.269365,3.615081,0.333154
./bin/llvm-minisat-gcc-linux-x64-Og/llvm-minisat-gcc-linux-x64-Og,1,349952,0.848257,70996.380578,0.274792,3.654321,0.320279
./bin/llvm-minisat-gcc-linux-x64-Os/llvm-minisat-gcc-linux-x64-Os,1,302016,0.814251,74370.287998,0.251884,3.683408,0.324494
./bin/llvm-minisat-gcc-linux-x64-static/llvm-minisat-gcc-linux-x64-static,1,9141696,0.947549,656625.050883,0.365997,3.283053,0.297008
./bin/llvm-mst-clang-linux-x64-debug/llvm-mst-clang-linux-x64-debug,1,208384,0.737477,71112.368627,0.207914,3.869155,0.300832
./bin/llvm-mst-clang-linux-x64-O0/llvm-mst-clang-linux-x64-O0,1,135808,0.634938,62700.498380,0.160263,3.809120,0.391143
./bin/llvm-mst-clang-linux-x64-O1/llvm-mst-clang-linux-x64-O1,1,134592,0.564689,72646.590615,0.132660,3.870185,0.422911
./bin/llvm-mst-clang-linux-x64-O2/llvm-mst-clang-linux-x64-O2,1,134592,0.565051,72593.703311,0.132794,3.853067,0.421984
./bin/llvm-mst-clang-linux-x64-O3/llvm-mst-clang-linux-x64-O3,1,134592,0.573716,71324.361656,0.136018,3.837375,0.425551
./bin/llvm-mst-clang-linux-x64-Of/llvm-mst-clang-linux-x64-Of,1,135168,0.580184,70672.915513,0.138457,3.855114,0.425755
./bin/llvm-mst-clang-linux-x64-Og/llvm-mst-clang-linux-x64-Og,1,134592,0.571512,71647.943414,0.135194,3.850214,0.419612
./bin/llvm-mst-clang-linux-x64-Os/llvm-mst-clang-linux-x64-Os,1,134848,0.550560,74841.388823,0.127507,3.873265,0.429730
./bin/llvm-mst-clang-linux-x64-static/llvm-mst-clang-linux-x64-static,1,6823296,0.938639,572139.986156,0.355215,3.324610,0.306900
./bin/llvm-mst-gcc-linux-x64-debug/llvm-mst-gcc-linux-x64-debug,1,204352,0.710866,76270.476120,0.194537,3.859995,0.320339
./bin/llvm-mst-gcc-linux-x64-O0/llvm-mst-gcc-linux-x64-O0,1,136256,0.635643,62798.115342,0.160558,3.797040,0.392632
./bin/llvm-mst-gcc-linux-x64-O1/llvm-mst-gcc-linux-x64-O1,1,134272,0.566913,72149.647551,0.133483,3.845549,0.425714
./bin/llvm-mst-gcc-linux-x64-O2/llvm-mst-gcc-linux-x64-O2,1,134720,0.578734,70652.789816,0.137908,3.841768,0.427164
./bin/llvm-mst-gcc-linux-x64-O3/llvm-mst-gcc-linux-x64-O3,1,134400,0.606909,66296.333601,0.148832,3.827143,0.417418
./bin/llvm-mst-gcc-linux-x64-Of/llvm-mst-gcc-linux-x64-Of,1,135040,0.611875,65861.958412,0.150815,3.830786,0.417040
./bin/llvm-mst-gcc-linux-x64-Og/llvm-mst-gcc-linux-x64-Og,1,136256,0.595659,68917.223579,0.144405,3.833686,0.424819
./bin/llvm-mst-gcc-linux-x64-Os/llvm-mst-gcc-linux-x64-Os,1,134336,0.533958,76938.191520,0.121606,3.855611,0.436215
./bin/llvm-mst-gcc-linux-x64-static/llvm-mst-gcc-linux-x64-static,1,6757952,0.937532,576731.074414,0.353934,3.337680,0.305170
./bin/llvm-network-dijkstra-clang-linux-x64-debug/llvm-network-dijkstra-clang-linux-x64-debug,1,172800,0.610246,84593.618148,0.150162,3.924444,0.362677
./bin/llvm-network-dijkstra-clang-linux-x64-O0/llvm-network-dijkstra-clang-linux-x64-O0,1,135040,0.498431,82365.634597,0.109508,3.908994,0.424995
./bin/llvm-network-dijkstra-clang-linux-x64-O1/llvm-network-dijkstra-clang-linux-x64-O1,1,136000,0.508396,81545.559559,0.112831,3.891281,0.430864
./bin/llvm-network-dijkstra-clang-linux-x64-O2/llvm-network-dijkstra-clang-linux-x64-O2,1,136000,0.512734,80930.351059,0.114294,3.896929,0.430539
./bin/llvm-network-dijkstra-clang-linux-x64-O3/llvm-network-dijkstra-clang-linux-x64-O3,1,136000,0.527180,78867.032029,0.119243,3.898341,0.422470
./bin/llvm-network-dijkstra-clang-linux-x64-Of/llvm-network-dijkstra-clang-linux-x64-Of,1,136576,0.533239,78325.263472,0.121354,3.900176,0.421192
./bin/llvm-network-dijkstra-clang-linux-x64-Og/llvm-network-dijkstra-clang-linux-x64-Og,1,136000,0.514881,80625.160265,0.115022,3.891281,0.425443
./bin/llvm-network-dijkstra-clang-linux-x64-Os/llvm-network-dijkstra-clang-linux-x64-Os,1,136000,0.487098,84536.663059,0.105794,3.906813,0.440067
./bin/llvm-network-dijkstra-clang-linux-x64-static/llvm-network-dijkstra-clang-linux-x64-static,1,7931456,0.948893,555271.764176,0.367704,3.242596,0.307678
./bin/llvm-network-dijkstra-gcc-linux-x64-debug/llvm-network-dijkstra-gcc-linux-x64-debug,1,172288,0.612648,83879.351992,0.151125,3.916411,0.367075
./bin/llvm-network-dijkstra-gcc-linux-x64-O0/llvm-network-dijkstra-gcc-linux-x64-O0,1,135872,0.513595,80731.944448,0.114586,3.896820,0.413639
./bin/llvm-network-dijkstra-gcc-linux-x64-O1/llvm-network-dijkstra-gcc-linux-x64-O1,1,135872,0.489463,84127.733426,0.106564,3.909541,0.430120
./bin/llvm-network-dijkstra-gcc-linux-x64-O2/llvm-network-dijkstra-gcc-linux-x64-O2,1,135872,0.517706,80147.177608,0.115984,3.884099,0.430272
./bin/llvm-network-dijkstra-gcc-linux-x64-O3/llvm-network-dijkstra-gcc-linux-x64-O3,1,136576,0.545453,76548.247891,0.125674,3.879086,0.427798
./bin/llvm-network-dijkstra-gcc-linux-x64-Of/llvm-network-dijkstra-gcc-linux-x64-Of,1,137152,0.552322,75860.417668,0.128142,3.859993,0.428894
./bin/llvm-network-dijkstra-gcc-linux-x64-Og/llvm-network-dijkstra-gcc-linux-x64-Og,1,135872,0.484794,84777.366021,0.105047,3.919435,0.433991
./bin/llvm-network-dijkstra-gcc-linux-x64-Os/llvm-network-dijkstra-gcc-linux-x64-Os,1,135744,0.475006,86050.610591,0.101905,3.905233,0.442340
./bin/llvm-network-dijkstra-gcc-linux-x64-static/llvm-network-dijkstra-gcc-linux-x64-static,1,7865856,0.948563,554191.786046,0.367283,3.251928,0.306520
./bin/llvm-network-patricia-clang-linux-x64-debug/llvm-network-patricia-clang-linux-x64-debug,1,193472,0.736822,66176.889183,0.207575,3.850124,0.297538
./bin/llvm-network-patricia-clang-linux-x64-O0/llvm-network-patricia-clang-linux-x64-O0,1,133824,0.639188,61136.749044,0.162049,3.794835,0.386082
./bin/llvm-network-patricia-clang-linux-x64-O1/llvm-network-patricia-clang-linux-x64-O1,1,133312,0.515569,78935.630131,0.115256,3.874685,0.446598
./bin/llvm-network-patricia-clang-linux-x64-O2/llvm-network-patricia-clang-linux-x64-O2,1,133760,0.524913,77887.895484,0.118458,3.869347,0.444517
./bin/llvm-network-patricia-clang-linux-x64-O3/llvm-network-patricia-clang-linux-x64-O3,1,133760,0.538971,75895.421172,0.123370,3.859296,0.448505
./bin/llvm-network-patricia-clang-linux-x64-Of/llvm-network-patricia-clang-linux-x64-Of,1,134336,0.544233,75468.030491,0.125238,3.858470,0.449140
./bin/llvm-network-patricia-clang-linux-x64-Og/llvm-network-patricia-clang-linux-x64-Og,1,133312,0.523088,77883.422468,0.117829,3.863162,0.441227
./bin/llvm-network-patricia-clang-linux-x64-Os/llvm-network-patricia-clang-linux-x64-Os,1,133760,0.512182,79674.482327,0.114107,3.869347,0.449686
./bin/llvm-network-patricia-clang-linux-x64-static/llvm-network-patricia-clang-linux-x64-static,1,8277312,0.950049,566525.979971,0.369192,3.233235,0.308287
./bin/llvm-network-patricia-gcc-linux-x64-debug/llvm-network-patricia-gcc-linux-x64-debug,1,222784,0.675439,92459.801799,0.177890,3.828485,0.353980
./bin/llvm-network-patricia-gcc-linux-x64-O0/llvm-network-patricia-gcc-linux-x64-O0,1,166848,0.588559,85700.146744,0.141656,3.772152,0.419972
./bin/llvm-network-patricia-gcc-linux-x64-O1/llvm-network-patricia-gcc-linux-x64-O1,1,133184,0.542446,75075.084364,0.124602,3.867340,0.441807
./bin/llvm-network-patricia-gcc-linux-x64-O2/llvm-network-patricia-gcc-linux-x64-O2,1,133888,0.537262,76211.670919,0.122767,3.863750,0.435124
./bin/llvm-network-patricia-gcc-linux-x64-O3/llvm-network-patricia-gcc-linux-x64-O3,1,133888,0.601930,66786.955097,0.146862,3.817856,0.413780
./bin/llvm-network-patricia-gcc-linux-x64-Of/llvm-network-patricia-gcc-linux-x64-Of,1,134528,0.608197,66165.911305,0.149344,3.815846,0.412306
./bin/llvm-network-patricia-gcc-linux-x64-Og/llvm-network-patricia-gcc-linux-x64-Og,1,133184,0.529834,76860.456031,0.120165,3.868782,0.438814
./bin/llvm-network-patricia-gcc-linux-x64-Os/llvm-network-patricia-gcc-linux-x64-Os,1,133056,0.498210,81185.939424,0.109435,3.891775,0.445692
./bin/llvm-network-patricia-gcc-linux-x64-static/llvm-network-patricia-gcc-linux-x64-static,1,8211200,0.949556,567485.298636,0.368555,3.240387,0.307433
./bin/llvm-neural-clang-linux-x64-debug/llvm-neural-clang-linux-x64-debug,1,233984,0.748171,76809.027968,0.213527,3.808781,0.326407
./bin/llvm-neural-clang-linux-x64-O0/llvm-neural-clang-linux-x64-O0,1,170816,0.683537,69273.887692,0.181587,3.752670,0.406630
./bin/llvm-neural-clang-linux-x64-O1/llvm-neural-clang-linux-x64-O1,1,170176,0.621201,81214.882498,0.154587,3.821721,0.426761
./bin/llvm-neural-clang-linux-x64-O2/llvm-neural-clang-linux-x64-O2,1,170176,0.705761,64549.154193,0.192060,3.757405,0.417383
./bin/llvm-neural-clang-linux-x64-O3/llvm-neural-clang-linux-x64-O3,1,169920,0.790333,46945.566125,0.237188,3.663277,0.393988
./bin/llvm-neural-clang-linux-x64-Of/llvm-neural-clang-linux-x64-Of,1,170560,0.787936,47632.140924,0.235770,3.672390,0.393758
./bin/llvm-neural-clang-linux-x64-Og/llvm-neural-clang-linux-x64-Og,1,170176,0.625434,80401.753385,0.156321,3.829619,0.422418
./bin/llvm-neural-clang-linux-x64-Os/llvm-neural-clang-linux-x64-Os,1,137408,0.678380,56555.133005,0.179225,3.795947,0.397473
./bin/llvm-neural-clang-linux-x64-static/llvm-neural-clang-linux-x64-static,1,8075520,0.947940,575765.252818,0.366492,3.247789,0.307949
./bin/llvm-neural-gcc-linux-x64-debug/llvm-neural-gcc-linux-x64-debug,1,240192,0.782425,68724.646949,0.232547,3.797762,0.303611
./bin/llvm-neural-gcc-linux-x64-O0/llvm-neural-gcc-linux-x64-O0,1,173056,0.748006,56843.271103,0.213440,3.729265,0.368331
./bin/llvm-neural-gcc-linux-x64-O1/llvm-neural-gcc-linux-x64-O1,1,169984,0.637083,78064.156838,0.161162,3.815871,0.410660
./bin/llvm-neural-gcc-linux-x64-O2/llvm-neural-gcc-linux-x64-O2,1,170048,0.667152,72213.390313,0.174168,3.810277,0.403974
./bin/llvm-neural-gcc-linux-x64-O3/llvm-neural-gcc-linux-x64-O3,1,170048,0.724092,60775.519853,0.201084,3.768492,0.399666
./bin/llvm-neural-gcc-linux-x64-Of/llvm-neural-gcc-linux-x64-Of,1,170624,0.715448,62748.820705,0.196784,3.781654,0.392335
./bin/llvm-neural-gcc-linux-x64-Og/llvm-neural-gcc-linux-x64-Og,1,171776,0.652163,75922.364009,0.167590,3.820011,0.413606
./bin/llvm-neural-gcc-linux-x64-Os/llvm-neural-gcc-linux-x64-Os,1,136768,0.652602,60380.234236,0.167780,3.799228,0.406816
./bin/llvm-neural-gcc-linux-x64-static/llvm-neural-gcc-linux-x64-static,1,7979136,0.949162,555700.038358,0.368049,3.256365,0.303639
./bin/llvm-paq8p-clang-linux-x64-debug/llvm-paq8p-clang-linux-x64-debug,1,2073216,0.916410,235569.150400,0.331458,3.565938,0.238435
./bin/llvm-paq8p-clang-linux-x64-O0/llvm-paq8p-clang-linux-x64-O0,1,1250752,0.931776,116417.484636,0.347457,3.300610,0.301285
./bin/llvm-paq8p-clang-linux-x64-O1/llvm-paq8p-clang-linux-x64-O1,1,1104768,0.919343,121208.880377,0.334384,3.548836,0.235308
./bin/llvm-paq8p-clang-linux-x64-O2/llvm-paq8p-clang-linux-x64-O2,1,1145152,0.922677,120542.075896,0.337779,3.538752,0.239496
./bin/llvm-paq8p-clang-linux-x64-O3/llvm-paq8p-clang-linux-x64-O3,1,1242688,0.921347,133017.430683,0.336415,3.546989,0.241378
./bin/llvm-paq8p-clang-linux-x64-Of/llvm-paq8p-clang-linux-x64-Of,1,1242880,0.921436,132889.608680,0.336506,3.536245,0.241381
./bin/llvm-paq8p-clang-linux-x64-Og/llvm-paq8p-clang-linux-x64-Og,1,1106496,0.911708,132646.907083,0.326881,3.571230,0.240314
./bin/llvm-paq8p-clang-linux-x64-Os/llvm-paq8p-clang-linux-x64-Os,1,982016,0.909627,120438.681716,0.324897,3.568091,0.241340
./bin/llvm-paq8p-clang-linux-x64-static/llvm-paq8p-clang-linux-x64-static,1,9408320,0.941072,758054.456168,0.358073,3.323388,0.298576
./bin/llvm-paq8p-gcc-linux-x64-debug/llvm-paq8p-gcc-linux-x64-debug,1,2191104,0.887781,331932.460132,0.305391,3.649317,0.219115
./bin/llvm-paq8p-gcc-linux-x64-O0/llvm-paq8p-gcc-linux-x64-O0,1,1256320,0.923535,130803.714726,0.338665,3.411607,0.250840
./bin/llvm-paq8p-gcc-linux-x64-O1/llvm-paq8p-gcc-linux-x64-O1,1,1175296,0.921878,124969.338393,0.336959,3.534082,0.221892
./bin/llvm-paq8p-gcc-linux-x64-O2/llvm-paq8p-gcc-linux-x64-O2,1,1279040,0.921700,136305.081624,0.336776,3.513023,0.248428
./bin/llvm-paq8p-gcc-linux-x64-O3/llvm-paq8p-gcc-linux-x64-O3,1,1539584,0.930632,145664.583482,0.346204,3.463117,0.249460
./bin/llvm-paq8p-gcc-linux-x64-Of/llvm-paq8p-gcc-linux-x64-Of,1,1540224,0.930692,145600.366806,0.346270,3.470706,0.247413
./bin/llvm-paq8p-gcc-linux-x64-Og/llvm-paq8p-gcc-linux-x64-Og,1,1027904,0.898550,141141.817948,0.314723,3.545905,0.274701
./bin/llvm-paq8p-gcc-linux-x64-Os/llvm-paq8p-gcc-linux-x64-Os,1,858432,0.902912,112922.551485,0.318654,3.557146,0.264900
./bin/llvm-paq8p-gcc-linux-x64-static/llvm-paq8p-gcc-linux-x64-static,1,9348160,0.938767,782250.227759,0.355363,3.351466,0.291525
./bin/llvm-pcompress2-clang-linux-x64-debug/llvm-pcompress2-clang-linux-x64-debug,1,297728,0.800737,78381.034515,0.243454,3.801354,0.292828
./bin/llvm-pcompress2-clang-linux-x64-O0/llvm-pcompress2-clang-linux-x64-O0,1,183936,0.732497,63876.887809,0.205349,3.700418,0.388468
./bin/llvm-pcompress2-clang-linux-x64-O1/llvm-pcompress2-clang-linux-x64-O1,1,178752,0.652640,78907.579753,0.167797,3.821697,0.405996
./bin/llvm-pcompress2-clang-linux-x64-O2/llvm-pcompress2-clang-linux-x64-O2,1,178752,0.713201,66217.830380,0.195679,3.745435,0.397694
./bin/llvm-pcompress2-clang-linux-x64-O3/llvm-pcompress2-clang-linux-x64-O3,1,178752,0.719916,64782.000201,0.198996,3.760473,0.398368
./bin/llvm-pcompress2-clang-linux-x64-Of/llvm-pcompress2-clang-linux-x64-Of,1,179328,0.723791,64156.945062,0.200933,3.752677,0.398182
./bin/llvm-pcompress2-clang-linux-x64-Og/llvm-pcompress2-clang-linux-x64-Og,1,178752,0.654768,78469.680653,0.168720,3.819549,0.400253
./bin/llvm-pcompress2-clang-linux-x64-Os/llvm-pcompress2-clang-linux-x64-Os,1,180032,0.627151,84708.685478,0.157028,3.817600,0.406693
./bin/llvm-pcompress2-clang-linux-x64-static/llvm-pcompress2-clang-linux-x64-static,1,6969408,0.936632,603223.021764,0.352901,3.326951,0.307276
./bin/llvm-pcompress2-gcc-linux-x64-debug/llvm-pcompress2-gcc-linux-x64-debug,1,310080,0.786512,87145.573581,0.234933,3.802477,0.300673
./bin/llvm-pcompress2-gcc-linux-x64-O0/llvm-pcompress2-gcc-linux-x64-O0,1,183936,0.743974,61319.506807,0.211307,3.669102,0.377147
./bin/llvm-pcompress2-gcc-linux-x64-O1/llvm-pcompress2-gcc-linux-x64-O1,1,179968,0.660082,77900.000089,0.171042,3.813284,0.396402
./bin/llvm-pcompress2-gcc-linux-x64-O2/llvm-pcompress2-gcc-linux-x64-O2,1,179776,0.702129,68965.696778,0.190315,3.807744,0.397962
./bin/llvm-pcompress2-gcc-linux-x64-O3/llvm-pcompress2-gcc-linux-x64-O3,1,212736,0.722077,76547.044694,0.200074,3.824007,0.364383
./bin/llvm-pcompress2-gcc-linux-x64-Of/llvm-pcompress2-gcc-linux-x64-Of,1,213312,0.723048,76505.548230,0.200561,3.810081,0.363890
./bin/llvm-pcompress2-gcc-linux-x64-Og/llvm-pcompress2-gcc-linux-x64-Og,1,183936,0.679071,75556.609603,0.179541,3.784969,0.407157
./bin/llvm-pcompress2-gcc-linux-x64-Os/llvm-pcompress2-gcc-linux-x64-Os,1,179904,0.609331,88255.469784,0.149797,3.830309,0.413018
./bin/llvm-pcompress2-gcc-linux-x64-static/llvm-pcompress2-gcc-linux-x64-static,1,6835008,0.936554,592306.203098,0.352812,3.342453,0.305505
./bin/llvm-perimeter-clang-linux-x64-debug/llvm-perimeter-clang-linux-x64-debug,1,187648,0.714235,69281.635829,0.196186,3.857764,0.327039
./bin/llvm-perimeter-clang-linux-x64-O0/llvm-perimeter-clang-linux-x64-O0,1,132928,0.607251,65519.446437,0.148968,3.806428,0.418056
./bin/llvm-perimeter-clang-linux-x64-O1/llvm-perimeter-clang-linux-x64-O1,1,131648,0.526477,76440.962688,0.118999,3.877462,0.436738
./bin/llvm-perimeter-clang-linux-x64-O2/llvm-perimeter-clang-linux-x64-O2,1,131648,0.527310,76325.182304,0.119288,3.867250,0.438785
./bin/llvm-perimeter-clang-linux-x64-O3/llvm-perimeter-clang-linux-x64-O3,1,131648,0.530871,75829.540867,0.120526,3.870168,0.439397
./bin/llvm-perimeter-clang-linux-x64-Of/llvm-perimeter-clang-linux-x64-Of,1,132224,0.538254,75124.875635,0.123117,3.873638,0.440132
./bin/llvm-perimeter-clang-linux-x64-Og/llvm-perimeter-clang-linux-x64-Og,1,131648,0.535600,75169.182092,0.122182,3.867250,0.432708
./bin/llvm-perimeter-clang-linux-x64-Os/llvm-perimeter-clang-linux-x64-Os,1,131648,0.525928,76517.181849,0.118809,3.881838,0.436685
./bin/llvm-perimeter-clang-linux-x64-static/llvm-perimeter-clang-linux-x64-static,1,6820928,0.938568,572599.347637,0.355132,3.327779,0.307223
./bin/llvm-perimeter-gcc-linux-x64-debug/llvm-perimeter-gcc-linux-x64-debug,1,183232,0.682581,74514.577716,0.181147,3.839665,0.347152
./bin/llvm-perimeter-gcc-linux-x64-O0/llvm-perimeter-gcc-linux-x64-O0,1,132992,0.606787,65619.907393,0.148783,3.783394,0.417800
./bin/llvm-perimeter-gcc-linux-x64-O1/llvm-perimeter-gcc-linux-x64-O1,1,132224,0.534796,75611.085310,0.121899,3.846042,0.451221
./bin/llvm-perimeter-gcc-linux-x64-O2/llvm-perimeter-gcc-linux-x64-O2,1,131712,0.578871,69055.491527,0.137960,3.816327,0.444399
./bin/llvm-perimeter-gcc-linux-x64-O3/llvm-perimeter-gcc-linux-x64-O3,1,198528,0.716244,72821.852051,0.197176,3.705029,0.398279
./bin/llvm-perimeter-gcc-linux-x64-Of/llvm-perimeter-gcc-linux-x64-Of,1,199168,0.718909,72421.322702,0.198496,3.710774,0.397160
./bin/llvm-perimeter-gcc-linux-x64-Og/llvm-perimeter-gcc-linux-x64-Og,1,132992,0.557521,72814.461291,0.130030,3.828159,0.448565
./bin/llvm-perimeter-gcc-linux-x64-Os/llvm-perimeter-gcc-linux-x64-Os,1,132224,0.520384,77623.699933,0.116900,3.862019,0.447402
./bin/llvm-perimeter-gcc-linux-x64-static/llvm-perimeter-gcc-linux-x64-static,1,6754496,0.937182,579621.026928,0.353531,3.336659,0.305366
./bin/llvm-pifft-clang-linux-x64-debug/llvm-pifft-clang-linux-x64-debug,1,1201536,0.925338,122201.896453,0.340544,3.563918,0.188307
./bin/llvm-pifft-clang-linux-x64-O0/llvm-pifft-clang-linux-x64-O0,1,710912,0.941294,57067.564481,0.358337,3.273464,0.271967
./bin/llvm-pifft-clang-linux-x64-O1/llvm-pifft-clang-linux-x64-O1,1,580672,0.921745,61846.488269,0.336822,3.529801,0.266289
./bin/llvm-pifft-clang-linux-x64-O2/llvm-pifft-clang-linux-x64-O2,1,646208,0.923724,67118.060439,0.338860,3.579854,0.248814
./bin/llvm-pifft-clang-linux-x64-O3/llvm-pifft-clang-linux-x64-O3,1,777280,0.943667,59906.933079,0.361190,3.596122,0.222993
./bin/llvm-pifft-clang-linux-x64-Of/llvm-pifft-clang-linux-x64-Of,1,777408,0.945162,58347.262292,0.363020,3.582613,0.220249
./bin/llvm-pifft-clang-linux-x64-Og/llvm-pifft-clang-linux-x64-Og,1,580672,0.932649,53366.915050,0.348420,3.528147,0.243360
./bin/llvm-pifft-clang-linux-x64-Os/llvm-pifft-clang-linux-x64-Os,1,449600,0.901000,60279.626059,0.316919,3.601537,0.274561
./bin/llvm-pifft-clang-linux-x64-static/llvm-pifft-clang-linux-x64-static,1,9174400,0.959088,515401.817900,0.381490,3.213197,0.290461
./bin/llvm-pifft-gcc-linux-x64-debug/llvm-pifft-gcc-linux-x64-debug,1,1231616,0.931839,114532.724810,0.347526,3.259490,0.264359
./bin/llvm-pifft-gcc-linux-x64-O0/llvm-pifft-gcc-linux-x64-O0,1,842496,0.955474,51466.791325,0.376420,2.963081,0.315383
./bin/llvm-pifft-gcc-linux-x64-O1/llvm-pifft-gcc-linux-x64-O1,1,514688,0.906243,65434.053749,0.321721,3.503824,0.288821
./bin/llvm-pifft-gcc-linux-x64-O2/llvm-pifft-gcc-linux-x64-O2,1,516480,0.913439,60727.249845,0.328551,3.544981,0.275484
./bin/llvm-pifft-gcc-linux-x64-O3/llvm-pifft-gcc-linux-x64-O3,1,647232,0.930126,61675.630401,0.345653,3.511718,0.249124
./bin/llvm-pifft-gcc-linux-x64-Of/llvm-pifft-gcc-linux-x64-Of,1,713856,0.930555,67613.541689,0.346120,3.497579,0.245775
./bin/llvm-pifft-gcc-linux-x64-Og/llvm-pifft-gcc-linux-x64-Og,1,482048,0.911099,58178.565529,0.326297,3.501295,0.287507
./bin/llvm-pifft-gcc-linux-x64-Os/llvm-pifft-gcc-linux-x64-Os,1,449024,0.913867,52540.022841,0.328967,3.487706,0.276934
./bin/llvm-pifft-gcc-linux-x64-static/llvm-pifft-gcc-linux-x64-static,1,8776960,0.953431,560506.342061,0.373646,3.210820,0.300349
./bin/llvm-power-clang-linux-x64-debug/llvm-power-clang-linux-x64-debug,1,255424,0.799248,67720.771736,0.242546,3.769216,0.301173
./bin/llvm-power-clang-linux-x64-O0/llvm-power-clang-linux-x64-O0,1,172800,0.754559,55376.988912,0.216950,3.666667,0.402264
./bin/llvm-power-clang-linux-x64-O1/llvm-power-clang-linux-x64-O1,1,173248,0.729350,60822.826838,0.203743,3.729565,0.398498
./bin/llvm-power-clang-linux-x64-O2/llvm-power-clang-linux-x64-O2,1,172736,0.705201,65635.214918,0.191790,3.806559,0.392647
./bin/llvm-power-clang-linux-x64-O3/llvm-power-clang-linux-x64-O3,1,172736,0.757964,54636.751482,0.218796,3.777654,0.375000
./bin/llvm-power-clang-linux-x64-Of/llvm-power-clang-linux-x64-Of,1,172992,0.719989,62679.527955,0.199032,3.840178,0.395281
./bin/llvm-power-clang-linux-x64-Og/llvm-power-clang-linux-x64-Og,1,173248,0.748484,56805.467399,0.213694,3.752840,0.385791
./bin/llvm-power-clang-linux-x64-Os/llvm-power-clang-linux-x64-Os,1,173248,0.648954,77211.702092,0.166207,3.849266,0.407807
./bin/llvm-power-clang-linux-x64-static/llvm-power-clang-linux-x64-static,1,6861888,0.938776,574113.493710,0.355374,3.324184,0.305889
./bin/llvm-power-gcc-linux-x64-debug/llvm-power-gcc-linux-x64-debug,1,248320,0.781452,71350.433570,0.231983,3.786584,0.309079
./bin/llvm-power-gcc-linux-x64-O0/llvm-power-gcc-linux-x64-O0,1,173440,0.754401,55615.716075,0.216865,3.706615,0.384677
./bin/llvm-power-gcc-linux-x64-O1/llvm-power-gcc-linux-x64-O1,1,173440,0.637919,79485.974377,0.161514,3.825076,0.424995
./bin/llvm-power-gcc-linux-x64-O2/llvm-power-gcc-linux-x64-O2,1,173440,0.642367,78605.654082,0.163394,3.790756,0.425989
./bin/llvm-power-gcc-linux-x64-O3/llvm-power-gcc-linux-x64-O3,1,173888,0.766879,53096.842473,0.223707,3.721701,0.378895
./bin/llvm-power-gcc-linux-x64-Of/llvm-power-gcc-linux-x64-Of,1,173888,0.753578,55934.273118,0.216421,3.762562,0.383385
./bin/llvm-power-gcc-linux-x64-Og/llvm-power-gcc-linux-x64-Og,1,173440,0.656572,75777.145780,0.169505,3.809577,0.420578
./bin/llvm-power-gcc-linux-x64-Os/llvm-power-gcc-linux-x64-Os,1,140672,0.718798,51169.848755,0.198440,3.773379,0.395366
./bin/llvm-power-gcc-linux-x64-static/llvm-power-gcc-linux-x64-static,1,6796544,0.937949,576212.118733,0.354415,3.335622,0.304286
./bin/llvm-security-rijndael-clang-linux-x64-debug/llvm-security-rijndael-clang-linux-x64-debug,1,538112,0.878551,88026.359130,0.297773,3.667797,0.213243
./bin/llvm-security-rijndael-clang-linux-x64-O0/llvm-security-rijndael-clang-linux-x64-O0,1,431872,0.870777,75027.230374,0.291598,3.590530,0.247056
./bin/llvm-security-rijndael-clang-linux-x64-O1/llvm-security-rijndael-clang-linux-x64-O1,1,367488,0.853225,72201.410930,0.278374,3.620690,0.299907
./bin/llvm-security-rijndael-clang-linux-x64-O2/llvm-security-rijndael-clang-linux-x64-O2,1,367488,0.853819,71919.777473,0.278806,3.608150,0.300222
./bin/llvm-security-rijndael-clang-linux-x64-O3/llvm-security-rijndael-clang-linux-x64-O3,1,367488,0.855489,71127.444368,0.280028,3.606061,0.299151
./bin/llvm-security-rijndael-clang-linux-x64-Of/llvm-security-rijndael-clang-linux-x64-Of,1,368064,0.856320,70844.050176,0.280639,3.606155,0.299011
./bin/llvm-security-rijndael-clang-linux-x64-Og/llvm-security-rijndael-clang-linux-x64-Og,1,367488,0.867493,65411.718924,0.289052,3.607106,0.285055
./bin/llvm-security-rijndael-clang-linux-x64-Os/llvm-security-rijndael-clang-linux-x64-Os,1,367488,0.856455,70668.884709,0.280738,3.613375,0.290396
./bin/llvm-security-rijndael-clang-linux-x64-static/llvm-security-rijndael-clang-linux-x64-static,1,7190528,0.936659,622102.009757,0.352931,3.332265,0.301822
./bin/llvm-security-rijndael-gcc-linux-x64-debug/llvm-security-rijndael-gcc-linux-x64-debug,1,564224,0.850727,112672.560005,0.276564,3.653224,0.223043
./bin/llvm-security-rijndael-gcc-linux-x64-O0/llvm-security-rijndael-gcc-linux-x64-O0,1,497472,0.849237,100297.203429,0.275493,3.612119,0.227927
./bin/llvm-security-rijndael-gcc-linux-x64-O1/llvm-security-rijndael-gcc-linux-x64-O1,1,366464,0.856930,70246.787996,0.281089,3.607545,0.291250
./bin/llvm-security-rijndael-gcc-linux-x64-O2/llvm-security-rijndael-gcc-linux-x64-O2,1,366464,0.855659,70848.763928,0.280153,3.623264,0.298588
./bin/llvm-security-rijndael-gcc-linux-x64-O3/llvm-security-rijndael-gcc-linux-x64-O3,1,366464,0.870846,63631.111422,0.291652,3.599686,0.285613
./bin/llvm-security-rijndael-gcc-linux-x64-Of/llvm-security-rijndael-gcc-linux-x64-Of,1,367104,0.870701,63811.690736,0.291539,3.597803,0.286616
./bin/llvm-security-rijndael-gcc-linux-x64-Og/llvm-security-rijndael-gcc-linux-x64-Og,1,366464,0.866004,65938.484282,0.287908,3.594970,0.274138
./bin/llvm-security-rijndael-gcc-linux-x64-Os/llvm-security-rijndael-gcc-linux-x64-Os,1,366464,0.842690,76967.611869,0.270856,3.612785,0.299459
./bin/llvm-security-rijndael-gcc-linux-x64-static/llvm-security-rijndael-gcc-linux-x64-static,1,7157376,0.936155,624081.961949,0.352357,3.347336,0.298350
./bin/llvm-security-sha-clang-linux-x64-debug/llvm-security-sha-clang-linux-x64-debug,1,186112,0.715691,68390.820581,0.196903,3.759608,0.379313
./bin/llvm-security-sha-clang-linux-x64-O0/llvm-security-sha-clang-linux-x64-O0,1,132928,0.616666,64117.284545,0.152744,3.667750,0.487754
./bin/llvm-security-sha-clang-linux-x64-O1/llvm-security-sha-clang-linux-x64-O1,1,132608,0.545699,74289.307704,0.125762,3.863867,0.421866
./bin/llvm-security-sha-clang-linux-x64-O2/llvm-security-sha-clang-linux-x64-O2,1,132928,0.558497,72639.426577,0.130386,3.845432,0.428681
./bin/llvm-security-sha-clang-linux-x64-O3/llvm-security-sha-clang-linux-x64-O3,1,165696,0.664230,70926.844728,0.172871,3.780997,0.391532
./bin/llvm-security-sha-clang-linux-x64-Of/llvm-security-sha-clang-linux-x64-Of,1,166272,0.667728,70498.699865,0.174425,3.787529,0.390853
./bin/llvm-security-sha-clang-linux-x64-Og/llvm-security-sha-clang-linux-x64-Og,1,132608,0.533359,76032.892013,0.121395,3.875453,0.424977
./bin/llvm-security-sha-clang-linux-x64-Os/llvm-security-sha-clang-linux-x64-Os,1,132608,0.511657,79061.004344,0.113930,3.888487,0.431751
./bin/llvm-security-sha-clang-linux-x64-static/llvm-security-sha-clang-linux-x64-static,1,6820224,0.938536,572831.166716,0.355095,3.322533,0.307472
./bin/llvm-security-sha-gcc-linux-x64-debug/llvm-security-sha-gcc-linux-x64-debug,1,184448,0.696098,72075.002169,0.187446,3.752212,0.392879
./bin/llvm-security-sha-gcc-linux-x64-O0/llvm-security-sha-gcc-linux-x64-O0,1,132800,0.614232,64418.449277,0.151762,3.664497,0.482375
./bin/llvm-security-sha-gcc-linux-x64-O1/llvm-security-sha-gcc-linux-x64-O1,1,131968,0.553543,72819.781311,0.128584,3.871953,0.423279
./bin/llvm-security-sha-gcc-linux-x64-O2/llvm-security-sha-gcc-linux-x64-O2,1,131648,0.608619,64687.405232,0.149512,3.859956,0.436086
./bin/llvm-security-sha-gcc-linux-x64-O3/llvm-security-sha-gcc-linux-x64-O3,1,131648,0.602142,65638.595072,0.146945,3.857039,0.430263
./bin/llvm-security-sha-gcc-linux-x64-Of/llvm-security-sha-gcc-linux-x64-Of,1,132288,0.609969,64802.081398,0.150051,3.844702,0.430281
./bin/llvm-security-sha-gcc-linux-x64-Og/llvm-security-sha-gcc-linux-x64-Og,1,131968,0.543692,74214.001091,0.125045,3.879229,0.430342
./bin/llvm-security-sha-gcc-linux-x64-Os/llvm-security-sha-gcc-linux-x64-Os,1,132096,0.485651,82305.542181,0.105325,3.882267,0.432502
./bin/llvm-security-sha-gcc-linux-x64-static/llvm-security-sha-gcc-linux-x64-static,1,6753536,0.937326,578228.912513,0.353697,3.334234,0.306113
./bin/llvm-sgefa-clang-linux-x64-debug/llvm-sgefa-clang-linux-x64-debug,1,357568,0.833751,79190.920541,0.264697,3.769634,0.243688
./bin/llvm-sgefa-clang-linux-x64-O0/llvm-sgefa-clang-linux-x64-O0,1,234688,0.804558,60658.536423,0.245803,3.656371,0.328321
./bin/llvm-sgefa-clang-linux-x64-O1/llvm-sgefa-clang-linux-x64-O1,1,202752,0.740029,68563.334596,0.209241,3.735795,0.385254
./bin/llvm-sgefa-clang-linux-x64-O2/llvm-sgefa-clang-linux-x64-O2,1,268288,0.886083,41241.186128,0.303964,3.565575,0.316899
./bin/llvm-sgefa-clang-linux-x64-O3/llvm-sgefa-clang-linux-x64-O3,1,301056,0.856044,58053.547526,0.280436,3.553571,0.343908
./bin/llvm-sgefa-clang-linux-x64-Of/llvm-sgefa-clang-linux-x64-Of,1,301248,0.866992,53817.517740,0.288666,3.555131,0.336670
./bin/llvm-sgefa-clang-linux-x64-Og/llvm-sgefa-clang-linux-x64-Og,1,202752,0.774999,59878.639205,0.228279,3.705492,0.355737
./bin/llvm-sgefa-clang-linux-x64-Os/llvm-sgefa-clang-linux-x64-Os,1,169984,0.791084,46803.972233,0.237634,3.667890,0.361390
./bin/llvm-sgefa-clang-linux-x64-static/llvm-sgefa-clang-linux-x64-static,1,7064320,0.937919,599204.003602,0.354380,3.326752,0.305700
./bin/llvm-sgefa-gcc-linux-x64-debug/llvm-sgefa-gcc-linux-x64-debug,1,355584,0.794290,96483.334953,0.239550,3.800216,0.272252
./bin/llvm-sgefa-gcc-linux-x64-O0/llvm-sgefa-gcc-linux-x64-O0,1,236544,0.769137,71570.840926,0.224969,3.706981,0.341614
./bin/llvm-sgefa-gcc-linux-x64-O1/llvm-sgefa-gcc-linux-x64-O1,1,202816,0.754541,65000.656378,0.216940,3.728284,0.385932
./bin/llvm-sgefa-gcc-linux-x64-O2/llvm-sgefa-gcc-linux-x64-O2,1,202816,0.790619,55961.656358,0.237358,3.679053,0.377696
./bin/llvm-sgefa-gcc-linux-x64-O3/llvm-sgefa-gcc-linux-x64-O3,1,301504,0.868652,53212.457865,0.289946,3.577774,0.336361
./bin/llvm-sgefa-gcc-linux-x64-Of/llvm-sgefa-gcc-linux-x64-Of,1,334912,0.856926,64200.536129,0.281086,3.576896,0.345192
./bin/llvm-sgefa-gcc-linux-x64-Og/llvm-sgefa-gcc-linux-x64-Og,1,202816,0.737702,69156.963080,0.208031,3.751006,0.388833
./bin/llvm-sgefa-gcc-linux-x64-Os/llvm-sgefa-gcc-linux-x64-Os,1,170048,0.756266,54140.022229,0.217874,3.714286,0.383269
./bin/llvm-sgefa-gcc-linux-x64-static/llvm-sgefa-gcc-linux-x64-static,1,6968064,0.938115,589201.219030,0.354606,3.347432,0.302725
./bin/llvm-siod-clang-linux-x64-debug/llvm-siod-clang-linux-x64-debug,1,2538432,0.908779,314184.004261,0.324095,3.541336,0.217832
./bin/llvm-siod-clang-linux-x64-O0/llvm-siod-clang-linux-x64-O0,1,1482176,0.932392,136731.556633,0.348136,3.239329,0.278213
./bin/llvm-siod-clang-linux-x64-O1/llvm-siod-clang-linux-x64-O1,1,1545728,0.935226,136710.168195,0.351302,3.380287,0.273531
./bin/llvm-siod-clang-linux-x64-O2/llvm-siod-clang-linux-x64-O2,1,1611776,0.925117,164403.723406,0.340312,3.388647,0.285605
./bin/llvm-siod-clang-linux-x64-O3/llvm-siod-clang-linux-x64-O3,1,1742848,0.935432,153660.129856,0.351536,3.393098,0.266028
./bin/llvm-siod-clang-linux-x64-Of/llvm-siod-clang-linux-x64-Of,1,1742976,0.935053,154559.911912,0.351108,3.390064,0.265530
./bin/llvm-siod-clang-linux-x64-Og/llvm-siod-clang-linux-x64-Og,1,1611264,0.934801,143426.208912,0.350823,3.397521,0.264987
./bin/llvm-siod-clang-linux-x64-Os/llvm-siod-clang-linux-x64-Os,1,1252032,0.925238,127506.166539,0.340439,3.380156,0.296518
./bin/llvm-siod-clang-linux-x64-static/llvm-siod-clang-linux-x64-static,1,14230016,0.966412,657428.458050,0.392529,3.176882,0.280270
./bin/llvm-siod-gcc-linux-x64-debug/llvm-siod-gcc-linux-x64-debug,1,2406784,0.892880,348469.010929,0.309746,3.574400,0.237918
./bin/llvm-siod-gcc-linux-x64-O0/llvm-siod-gcc-linux-x64-O0,1,1482176,0.926362,148713.096248,0.341622,3.335190,0.262939
./bin/llvm-siod-gcc-linux-x64-O1/llvm-siod-gcc-linux-x64-O1,1,1283456,0.926781,128055.831159,0.342065,3.343107,0.295489
./bin/llvm-siod-gcc-linux-x64-O2/llvm-siod-gcc-linux-x64-O2,1,1547904,0.932372,142837.879445,0.348113,3.373481,0.285861
./bin/llvm-siod-gcc-linux-x64-O3/llvm-siod-gcc-linux-x64-O3,1,1847936,0.932814,169427.797346,0.348602,3.367759,0.276493
./bin/llvm-siod-gcc-linux-x64-Of/llvm-siod-gcc-linux-x64-Of,1,1847680,0.933039,168846.139005,0.348852,3.366430,0.276307
./bin/llvm-siod-gcc-linux-x64-Og/llvm-siod-gcc-linux-x64-Og,1,1285376,0.920766,138584.317246,0.335823,3.349765,0.309263
./bin/llvm-siod-gcc-linux-x64-Os/llvm-siod-gcc-linux-x64-Os,1,1184704,0.916974,133721.098604,0.332017,3.344111,0.308381
./bin/llvm-siod-gcc-linux-x64-static/llvm-siod-gcc-linux-x64-static,1,14097408,0.965701,664983.645004,0.391406,3.202073,0.278327
./bin/llvm-spiff-clang-linux-x64-debug/llvm-spiff-clang-linux-x64-debug,1,782080,0.891602,114550.523404,0.308644,3.704413,0.226509
./bin/llvm-spiff-clang-linux-x64-O0/llvm-spiff-clang-linux-x64-O0,1,420160,0.895705,59269.644031,0.312207,3.478579,0.299898
./bin/llvm-spiff-clang-linux-x64-O1/llvm-spiff-clang-linux-x64-O1,1,346112,0.867796,61470.631021,0.289285,3.582247,0.325256
./bin/llvm-spiff-clang-linux-x64-O2/llvm-spiff-clang-linux-x64-O2,1,346112,0.873862,58737.133425,0.294023,3.586130,0.320650
./bin/llvm-spiff-clang-linux-x64-O3/llvm-spiff-clang-linux-x64-O3,1,378880,0.851376,75343.459502,0.277032,3.603193,0.335316
./bin/llvm-spiff-clang-linux-x64-Of/llvm-spiff-clang-linux-x64-Of,1,379456,0.851680,75309.258823,0.277252,3.603795,0.334887
./bin/llvm-spiff-clang-linux-x64-Og/llvm-spiff-clang-linux-x64-Og,1,346624,0.874490,58540.183900,0.294521,3.587869,0.313242
./bin/llvm-spiff-clang-linux-x64-Os/llvm-spiff-clang-linux-x64-Os,1,346432,0.843813,72261.131766,0.271643,3.637523,0.327675
./bin/llvm-spiff-clang-linux-x64-static/llvm-spiff-clang-linux-x64-static,1,7376960,0.938647,618488.422366,0.355224,3.325976,0.305070
./bin/llvm-spiff-gcc-linux-x64-debug/llvm-spiff-gcc-linux-x64-debug,1,797184,0.849888,160054.979533,0.275960,3.755299,0.244404
./bin/llvm-spiff-gcc-linux-x64-O0/llvm-spiff-gcc-linux-x64-O0,1,423936,0.871383,73313.612470,0.292072,3.552536,0.284267
./bin/llvm-spiff-gcc-linux-x64-O1/llvm-spiff-gcc-linux-x64-O1,1,379712,0.835221,83382.195180,0.265696,3.632870,0.337184
./bin/llvm-spiff-gcc-linux-x64-O2/llvm-spiff-gcc-linux-x64-O2,1,379776,0.874407,64180.145359,0.294455,3.573812,0.316569
./bin/llvm-spiff-gcc-linux-x64-O3/llvm-spiff-gcc-linux-x64-O3,1,412160,0.858341,78254.285870,0.282133,3.593291,0.328996
./bin/llvm-spiff-gcc-linux-x64-Of/llvm-spiff-gcc-linux-x64-Of,1,412800,0.858874,78091.201395,0.282529,3.596279,0.328610
./bin/llvm-spiff-gcc-linux-x64-Og/llvm-spiff-gcc-linux-x64-Og,1,387008,0.837450,83881.134953,0.267222,3.628876,0.337347
./bin/llvm-spiff-gcc-linux-x64-Os/llvm-spiff-gcc-linux-x64-Os,1,312832,0.855499,60544.846358,0.280035,3.603499,0.323739
./bin/llvm-spiff-gcc-linux-x64-static/llvm-spiff-gcc-linux-x64-static,1,7281728,0.937975,617093.860702,0.354445,3.346166,0.301401
./bin/llvm-telecomm-CRC32-clang-linux-x64-debug/llvm-telecomm-CRC32-clang-linux-x64-debug,1,181504,0.602043,90516.390691,0.146906,3.916424,0.381894
./bin/llvm-telecomm-CRC32-clang-linux-x64-O0/llvm-telecomm-CRC32-clang-linux-x64-O0,1,148544,0.496376,90917.364175,0.108830,3.900452,0.434359
./bin/llvm-telecomm-CRC32-clang-linux-x64-O1/llvm-telecomm-CRC32-clang-linux-x64-O1,1,131904,0.525020,76792.324236,0.118495,3.886463,0.431917
./bin/llvm-telecomm-CRC32-clang-linux-x64-O2/llvm-telecomm-CRC32-clang-linux-x64-O2,1,131904,0.528413,76319.986930,0.119670,3.882096,0.430412
./bin/llvm-telecomm-CRC32-clang-linux-x64-O3/llvm-telecomm-CRC32-clang-linux-x64-O3,1,131904,0.528936,76246.981107,0.119852,3.882096,0.430512
./bin/llvm-telecomm-CRC32-clang-linux-x64-Of/llvm-telecomm-CRC32-clang-linux-x64-Of,1,132480,0.536123,75570.677566,0.122366,3.876812,0.429408
./bin/llvm-telecomm-CRC32-clang-linux-x64-Og/llvm-telecomm-CRC32-clang-linux-x64-Og,1,131904,0.527823,76402.160238,0.119466,3.883552,0.432019
./bin/llvm-telecomm-CRC32-clang-linux-x64-Os/llvm-telecomm-CRC32-clang-linux-x64-Os,1,131904,0.522358,77162.064805,0.117578,3.889374,0.431295
./bin/llvm-telecomm-CRC32-clang-linux-x64-static/llvm-telecomm-CRC32-clang-linux-x64-static,1,7183936,0.938537,603368.048045,0.355096,3.310513,0.309985
./bin/llvm-telecomm-CRC32-gcc-linux-x64-debug/llvm-telecomm-CRC32-gcc-linux-x64-debug,1,180864,0.586393,93331.153662,0.140824,3.909766,0.388892
./bin/llvm-telecomm-CRC32-gcc-linux-x64-O0/llvm-telecomm-CRC32-gcc-linux-x64-O0,1,148544,0.489496,91968.722560,0.106574,3.893988,0.433463
./bin/llvm-telecomm-CRC32-gcc-linux-x64-O1/llvm-telecomm-CRC32-gcc-linux-x64-O1,1,131776,0.525463,76656.265450,0.118648,3.900911,0.425106
./bin/llvm-telecomm-CRC32-gcc-linux-x64-O2/llvm-telecomm-CRC32-gcc-linux-x64-O2,1,132096,0.529393,76294.150466,0.120011,3.888081,0.428549
./bin/llvm-telecomm-CRC32-gcc-linux-x64-O3/llvm-telecomm-CRC32-gcc-linux-x64-O3,1,131904,0.539421,74779.141315,0.123529,3.874818,0.438283
./bin/llvm-telecomm-CRC32-gcc-linux-x64-Of/llvm-telecomm-CRC32-gcc-linux-x64-Of,1,132480,0.546186,74148.464251,0.125936,3.863768,0.437217
./bin/llvm-telecomm-CRC32-gcc-linux-x64-Og/llvm-telecomm-CRC32-gcc-linux-x64-Og,1,132032,0.522071,77276.873031,0.117479,3.893818,0.428802
./bin/llvm-telecomm-CRC32-gcc-linux-x64-Os/llvm-telecomm-CRC32-gcc-linux-x64-Os,1,131776,0.515659,78013.732880,0.115287,3.892168,0.431423
./bin/llvm-telecomm-CRC32-gcc-linux-x64-static/llvm-telecomm-CRC32-gcc-linux-x64-static,1,7117248,0.937662,606157.033641,0.354083,3.322749,0.309408
./bin/llvm-telecomm-fft-clang-linux-x64-debug/llvm-telecomm-fft-clang-linux-x64-debug,1,231808,0.754857,74202.991717,0.217111,3.778008,0.350452
./bin/llvm-telecomm-fft-clang-linux-x64-O0/llvm-telecomm-fft-clang-linux-x64-O0,1,169088,0.689027,67482.685939,0.184129,3.706985,0.438651
./bin/llvm-telecomm-fft-clang-linux-x64-O1/llvm-telecomm-fft-clang-linux-x64-O1,1,136128,0.691260,53970.452780,0.185171,3.784203,0.397694
./bin/llvm-telecomm-fft-clang-linux-x64-O2/llvm-telecomm-fft-clang-linux-x64-O2,1,168512,0.658464,73256.167133,0.170332,3.783476,0.418156
./bin/llvm-telecomm-fft-clang-linux-x64-O3/llvm-telecomm-fft-clang-linux-x64-O3,1,168896,0.676015,69981.547959,0.178151,3.769187,0.421844
./bin/llvm-telecomm-fft-clang-linux-x64-Of/llvm-telecomm-fft-clang-linux-x64-Of,1,169792,0.686228,68322.314573,0.182830,3.769296,0.418073
./bin/llvm-telecomm-fft-clang-linux-x64-Og/llvm-telecomm-fft-clang-linux-x64-Og,1,168896,0.622330,80388.975962,0.155048,3.822626,0.420249
./bin/llvm-telecomm-fft-clang-linux-x64-Os/llvm-telecomm-fft-clang-linux-x64-Os,1,136000,0.679256,55836.236500,0.179625,3.779739,0.409209
./bin/llvm-telecomm-fft-clang-linux-x64-static/llvm-telecomm-fft-clang-linux-x64-static,1,7058240,0.939989,579010.317405,0.356793,3.314990,0.304275
./bin/llvm-telecomm-fft-gcc-linux-x64-debug/llvm-telecomm-fft-gcc-linux-x64-debug,1,251968,0.788181,70289.952391,0.235915,3.708897,0.350896
./bin/llvm-telecomm-fft-gcc-linux-x64-O0/llvm-telecomm-fft-gcc-linux-x64-O0,1,169792,0.752664,54806.405225,0.215929,3.577043,0.438504
./bin/llvm-telecomm-fft-gcc-linux-x64-O1/llvm-telecomm-fft-gcc-linux-x64-O1,1,169408,0.626697,79796.986116,0.156840,3.808444,0.432971
./bin/llvm-telecomm-fft-gcc-linux-x64-O2/llvm-telecomm-fft-gcc-linux-x64-O2,1,136704,0.673801,56996.085703,0.177149,3.772472,0.417423
./bin/llvm-telecomm-fft-gcc-linux-x64-O3/llvm-telecomm-fft-gcc-linux-x64-O3,1,169472,0.612921,82456.552965,0.151234,3.811898,0.439364
./bin/llvm-telecomm-fft-gcc-linux-x64-Of/llvm-telecomm-fft-gcc-linux-x64-Of,1,137344,0.697458,53447.691082,0.188090,3.767913,0.413753
./bin/llvm-telecomm-fft-gcc-linux-x64-Og/llvm-telecomm-fft-gcc-linux-x64-Og,1,169856,0.616585,81944.756052,0.152712,3.819107,0.436841
./bin/llvm-telecomm-fft-gcc-linux-x64-Os/llvm-telecomm-fft-gcc-linux-x64-Os,1,136576,0.606672,67405.830483,0.148738,3.818629,0.430969
./bin/llvm-telecomm-fft-gcc-linux-x64-static/llvm-telecomm-fft-gcc-linux-x64-static,1,7026304,0.938716,588435.753608,0.355304,3.330651,0.304332
./bin/llvm-telecomm-gsm-clang-linux-x64-debug/llvm-telecomm-gsm-clang-linux-x64-debug,1,1194880,0.916307,135931.554847,0.331357,3.574338,0.223758
./bin/llvm-telecomm-gsm-clang-linux-x64-O0/llvm-telecomm-gsm-clang-linux-x64-O0,1,726208,0.928680,70609.088768,0.344091,3.321039,0.281207
./bin/llvm-telecomm-gsm-clang-linux-x64-O1/llvm-telecomm-gsm-clang-linux-x64-O1,1,573184,0.881525,91533.844134,0.300192,3.530358,0.293803
./bin/llvm-telecomm-gsm-clang-linux-x64-O2/llvm-telecomm-gsm-clang-linux-x64-O2,1,671424,0.891295,98613.579282,0.308380,3.586789,0.307778
./bin/llvm-telecomm-gsm-clang-linux-x64-O3/llvm-telecomm-gsm-clang-linux-x64-O3,1,738560,0.906087,94048.839520,0.321576,3.564799,0.307481
./bin/llvm-telecomm-gsm-clang-linux-x64-Of/llvm-telecomm-gsm-clang-linux-x64-Of,1,739136,0.905418,94777.395467,0.320956,3.570594,0.305710
./bin/llvm-telecomm-gsm-clang-linux-x64-Og/llvm-telecomm-gsm-clang-linux-x64-Og,1,573568,0.890529,84818.818965,0.307725,3.553435,0.285040
./bin/llvm-telecomm-gsm-clang-linux-x64-Os/llvm-telecomm-gsm-clang-linux-x64-Os,1,576576,0.860488,107868.476218,0.283734,3.628705,0.293837
./bin/llvm-telecomm-gsm-clang-linux-x64-static/llvm-telecomm-gsm-clang-linux-x64-static,1,7897536,0.942439,621772.393030,0.359706,3.300513,0.299760
./bin/llvm-telecomm-gsm-gcc-linux-x64-debug/llvm-telecomm-gsm-gcc-linux-x64-debug,1,1160000,0.890433,171686.993879,0.307642,3.612348,0.240152
./bin/llvm-telecomm-gsm-gcc-linux-x64-O0/llvm-telecomm-gsm-gcc-linux-x64-O0,1,695104,0.919169,76424.354134,0.334209,3.361646,0.277636
./bin/llvm-telecomm-gsm-gcc-linux-x64-O1/llvm-telecomm-gsm-gcc-linux-x64-O1,1,544192,0.887508,82635.252999,0.305161,3.570257,0.276544
./bin/llvm-telecomm-gsm-gcc-linux-x64-O2/llvm-telecomm-gsm-gcc-linux-x64-O2,1,575616,0.892474,83648.690968,0.309395,3.584723,0.279806
./bin/llvm-telecomm-gsm-gcc-linux-x64-O3/llvm-telecomm-gsm-gcc-linux-x64-O3,1,738432,0.915020,85271.045437,0.330091,3.514301,0.302947
./bin/llvm-telecomm-gsm-gcc-linux-x64-Of/llvm-telecomm-gsm-gcc-linux-x64-Of,1,739072,0.915502,84870.219004,0.330565,3.496006,0.302692
./bin/llvm-telecomm-gsm-gcc-linux-x64-Og/llvm-telecomm-gsm-gcc-linux-x64-Og,1,618048,0.877972,101570.270432,0.297305,3.559491,0.297534
./bin/llvm-telecomm-gsm-gcc-linux-x64-Os/llvm-telecomm-gsm-gcc-linux-x64-Os,1,511552,0.879483,83058.520706,0.298527,3.587877,0.263615
./bin/llvm-telecomm-gsm-gcc-linux-x64-static/llvm-telecomm-gsm-gcc-linux-x64-static,1,7801088,0.940895,630417.822583,0.357863,3.319600,0.298170
./bin/llvm-treeadd-clang-linux-x64-debug/llvm-treeadd-clang-linux-x64-debug,1,162432,0.551138,90049.789229,0.127715,3.938534,0.385540
./bin/llvm-treeadd-clang-linux-x64-O0/llvm-treeadd-clang-linux-x64-O0,1,130688,0.416810,90378.170911,0.084201,3.929464,0.453930
./bin/llvm-treeadd-clang-linux-x64-O1/llvm-treeadd-clang-linux-x64-O1,1,131072,0.409217,91602.031525,0.082008,3.932601,0.460045
./bin/llvm-treeadd-clang-linux-x64-O2/llvm-treeadd-clang-linux-x64-O2,1,131072,0.407379,91832.908203,0.081482,3.939927,0.462067
./bin/llvm-treeadd-clang-linux-x64-O3/llvm-treeadd-clang-linux-x64-O3,1,131072,0.409323,91588.656281,0.082039,3.929670,0.462254
./bin/llvm-treeadd-clang-linux-x64-Of/llvm-treeadd-clang-linux-x64-Of,1,131712,0.417092,91050.474520,0.084282,3.935860,0.462883
./bin/llvm-treeadd-clang-linux-x64-Og/llvm-treeadd-clang-linux-x64-Og,1,131072,0.415065,90864.512817,0.083694,3.939927,0.455823
./bin/llvm-treeadd-clang-linux-x64-Os/llvm-treeadd-clang-linux-x64-Os,1,131072,0.404868,92147.903442,0.080765,3.939927,0.460488
./bin/llvm-treeadd-clang-linux-x64-static/llvm-treeadd-clang-linux-x64-static,1,6818752,0.937575,581527.473124,0.353983,3.324694,0.308668
./bin/llvm-treeadd-gcc-linux-x64-debug/llvm-treeadd-gcc-linux-x64-debug,1,162816,0.532725,93462.535402,0.121174,3.941038,0.391581
./bin/llvm-treeadd-gcc-linux-x64-O0/llvm-treeadd-gcc-linux-x64-O0,1,131136,0.421239,90125.776263,0.085491,3.928258,0.449893
./bin/llvm-treeadd-gcc-linux-x64-O1/llvm-treeadd-gcc-linux-x64-O1,1,131136,0.407907,91811.516868,0.081633,3.934114,0.456725
./bin/llvm-treeadd-gcc-linux-x64-O2/llvm-treeadd-gcc-linux-x64-O2,1,163904,0.686301,65939.096056,0.182863,3.869947,0.260388
./bin/llvm-treeadd-gcc-linux-x64-O3/llvm-treeadd-gcc-linux-x64-O3,1,196672,0.681089,80323.957371,0.180463,3.833049,0.304672
./bin/llvm-treeadd-gcc-linux-x64-Of/llvm-treeadd-gcc-linux-x64-Of,1,197312,0.684270,79849.529679,0.181925,3.824818,0.305208
./bin/llvm-treeadd-gcc-linux-x64-Og/llvm-treeadd-gcc-linux-x64-Og,1,131136,0.411544,91353.558931,0.082678,3.929722,0.453025
./bin/llvm-treeadd-gcc-linux-x64-Os/llvm-treeadd-gcc-linux-x64-Os,1,131136,0.402881,92441.819211,0.080199,3.939971,0.457903
./bin/llvm-treeadd-gcc-linux-x64-static/llvm-treeadd-gcc-linux-x64-static,1,6753344,0.936509,585634.513606,0.352761,3.341152,0.306914
./bin/llvm-tsp-clang-linux-x64-debug/llvm-tsp-clang-linux-x64-debug,1,240512,0.724503,85840.484450,0.201291,3.848303,0.311366
./bin/llvm-tsp-clang-linux-x64-O0/llvm-tsp-clang-linux-x64-O0,1,167488,0.625684,79084.520085,0.156423,3.791344,0.414322
./bin/llvm-tsp-clang-linux-x64-O1/llvm-tsp-clang-linux-x64-O1,1,166336,0.612401,81027.659893,0.151026,3.819913,0.423691
./bin/llvm-tsp-clang-linux-x64-O2/llvm-tsp-clang-linux-x64-O2,1,133184,0.629012,62385.024507,0.157797,3.829849,0.414963
./bin/llvm-tsp-clang-linux-x64-O3/llvm-tsp-clang-linux-x64-O3,1,133184,0.629158,62363.125420,0.157857,3.831291,0.415088
./bin/llvm-tsp-clang-linux-x64-Of/llvm-tsp-clang-linux-x64-Of,1,133824,0.631660,62282.995696,0.158895,3.845050,0.412030
./bin/llvm-tsp-clang-linux-x64-Og/llvm-tsp-clang-linux-x64-Og,1,166336,0.619232,79751.292420,0.153785,3.808369,0.420313
./bin/llvm-tsp-clang-linux-x64-Os/llvm-tsp-clang-linux-x64-Os,1,133440,0.621273,63672.174580,0.154616,3.847482,0.419561
./bin/llvm-tsp-clang-linux-x64-static/llvm-tsp-clang-linux-x64-static,1,6966272,0.937432,595450.991452,0.353818,3.325019,0.308586
./bin/llvm-tsp-gcc-linux-x64-debug/llvm-tsp-gcc-linux-x64-debug,1,232384,0.731692,80927.613330,0.204937,3.730634,0.357016
./bin/llvm-tsp-gcc-linux-x64-O0/llvm-tsp-gcc-linux-x64-O0,1,167936,0.677406,69311.050305,0.178782,3.651229,0.432192
./bin/llvm-tsp-gcc-linux-x64-O1/llvm-tsp-gcc-linux-x64-O1,1,134016,0.609926,65654.960632,0.150034,3.795129,0.429207
./bin/llvm-tsp-gcc-linux-x64-O2/llvm-tsp-gcc-linux-x64-O2,1,166336,0.601543,83044.565819,0.146709,3.829149,0.427216
./bin/llvm-tsp-gcc-linux-x64-O3/llvm-tsp-gcc-linux-x64-O3,1,198784,0.734896,68456.997123,0.206581,3.693794,0.388952
./bin/llvm-tsp-gcc-linux-x64-Of/llvm-tsp-gcc-linux-x64-Of,1,199424,0.727352,70492.500181,0.202729,3.719788,0.392980
./bin/llvm-tsp-gcc-linux-x64-Og/llvm-tsp-gcc-linux-x64-Og,1,135168,0.623423,64168.807884,0.155495,3.784091,0.426191
./bin/llvm-tsp-gcc-linux-x64-Os/llvm-tsp-gcc-linux-x64-Os,1,134464,0.599706,67406.901594,0.145987,3.824348,0.434273
./bin/llvm-tsp-gcc-linux-x64-static/llvm-tsp-gcc-linux-x64-static,1,6900928,0.936750,596201.214019,0.353035,3.337771,0.306150
./bin/llvm-uudecode-clang-linux-x64-debug/llvm-uudecode-clang-linux-x64-debug,1,171392,0.630602,79973.334671,0.158455,3.884594,0.377808
./bin/llvm-uudecode-clang-linux-x64-O0/llvm-uudecode-clang-linux-x64-O0,1,133760,0.513330,79514.031848,0.114496,3.854989,0.450724
./bin/llvm-uudecode-clang-linux-x64-O1/llvm-uudecode-clang-linux-x64-O1,1,133504,0.471048,85165.664699,0.100649,3.902193,0.457408
./bin/llvm-uudecode-clang-linux-x64-O2/llvm-uudecode-clang-linux-x64-O2,1,133504,0.469247,85408.643366,0.100079,3.912262,0.453669
./bin/llvm-uudecode-clang-linux-x64-O3/llvm-uudecode-clang-linux-x64-O3,1,133504,0.481888,83696.057317,0.104109,3.906508,0.452136
./bin/llvm-uudecode-clang-linux-x64-Of/llvm-uudecode-clang-linux-x64-Of,1,134144,0.488390,83205.360687,0.106214,3.892627,0.453696
./bin/llvm-uudecode-clang-linux-x64-Og/llvm-uudecode-clang-linux-x64-Og,1,133504,0.471663,85082.619877,0.100843,3.895002,0.457925
./bin/llvm-uudecode-clang-linux-x64-Os/llvm-uudecode-clang-linux-x64-Os,1,133504,0.458620,86835.067863,0.096754,3.896440,0.449227
./bin/llvm-uudecode-clang-linux-x64-static/llvm-uudecode-clang-linux-x64-static,1,8243584,0.950652,557491.024255,0.369974,3.226882,0.308115
./bin/llvm-uudecode-gcc-linux-x64-debug/llvm-uudecode-gcc-linux-x64-debug,1,175360,0.639352,80079.402395,0.162118,3.864221,0.387032
./bin/llvm-uudecode-gcc-linux-x64-O0/llvm-uudecode-gcc-linux-x64-O0,1,134720,0.534557,77072.464400,0.121816,3.824661,0.449968
./bin/llvm-uudecode-gcc-linux-x64-O1/llvm-uudecode-gcc-linux-x64-O1,1,133376,0.465979,85766.240673,0.099051,3.899208,0.450617
./bin/llvm-uudecode-gcc-linux-x64-O2/llvm-uudecode-gcc-linux-x64-O2,1,133696,0.480540,84000.184568,0.103676,3.900898,0.455809
./bin/llvm-uudecode-gcc-linux-x64-O3/llvm-uudecode-gcc-linux-x64-O3,1,133696,0.480540,84000.184568,0.103676,3.900898,0.455809
./bin/llvm-uudecode-gcc-linux-x64-Of/llvm-uudecode-gcc-linux-x64-Of,1,134272,0.487369,83425.302699,0.105882,3.885592,0.452078
./bin/llvm-uudecode-gcc-linux-x64-Og/llvm-uudecode-gcc-linux-x64-Og,1,133696,0.484391,83474.690073,0.104917,3.882226,0.454335
./bin/llvm-uudecode-gcc-linux-x64-Os/llvm-uudecode-gcc-linux-x64-Os,1,133376,0.453875,87384.010347,0.095287,3.907847,0.456253
./bin/llvm-uudecode-gcc-linux-x64-static/llvm-uudecode-gcc-linux-x64-static,1,8210944,0.949015,573485.411677,0.367860,3.238260,0.309174
./bin/llvm-uuencode-clang-linux-x64-debug/llvm-uuencode-clang-linux-x64-debug,1,173888,0.644042,78475.673169,0.164106,3.880729,0.365030
./bin/llvm-uuencode-clang-linux-x64-O0/llvm-uuencode-clang-linux-x64-O0,1,134080,0.531339,77163.966706,0.120689,3.852488,0.435519
./bin/llvm-uuencode-clang-linux-x64-O1/llvm-uuencode-clang-linux-x64-O1,1,133440,0.487855,82841.873501,0.106040,3.879137,0.454367
./bin/llvm-uuencode-clang-linux-x64-O2/llvm-uuencode-clang-linux-x64-O2,1,133440,0.486933,82967.988609,0.105740,3.890647,0.456332
./bin/llvm-uuencode-clang-linux-x64-O3/llvm-uuencode-clang-linux-x64-O3,1,133440,0.539257,75673.247482,0.123471,3.848921,0.450134
./bin/llvm-uuencode-clang-linux-x64-Of/llvm-uuencode-clang-linux-x64-Of,1,134016,0.545092,75165.159056,0.125545,3.838109,0.450679
./bin/llvm-uuencode-clang-linux-x64-Og/llvm-uuencode-clang-linux-x64-Og,1,133440,0.489466,82621.402878,0.106565,3.877698,0.452484
./bin/llvm-uuencode-clang-linux-x64-Os/llvm-uuencode-clang-linux-x64-Os,1,133440,0.469732,85302.428807,0.100232,3.893525,0.457721
./bin/llvm-uuencode-clang-linux-x64-static/llvm-uuencode-clang-linux-x64-static,1,7202560,0.940080,589959.894884,0.356901,3.307578,0.308376
./bin/llvm-uuencode-gcc-linux-x64-debug/llvm-uuencode-gcc-linux-x64-debug,1,177536,0.653199,78256.448833,0.168039,3.879935,0.371230
./bin/llvm-uuencode-gcc-linux-x64-O0/llvm-uuencode-gcc-linux-x64-O0,1,135296,0.552114,74864.091799,0.128067,3.846700,0.428315
./bin/llvm-uuencode-gcc-linux-x64-O1/llvm-uuencode-gcc-linux-x64-O1,1,133312,0.485812,83041.336534,0.105377,3.893410,0.444050
./bin/llvm-uuencode-gcc-linux-x64-O2/llvm-uuencode-gcc-linux-x64-O2,1,133568,0.481454,83795.298545,0.103970,3.897915,0.454239
./bin/llvm-uuencode-gcc-linux-x64-O3/llvm-uuencode-gcc-linux-x64-O3,1,133568,0.519901,78480.500240,0.116735,3.869159,0.449966
./bin/llvm-uuencode-gcc-linux-x64-Of/llvm-uuencode-gcc-linux-x64-Of,1,134208,0.526270,77956.796882,0.118927,3.859800,0.448758
./bin/llvm-uuencode-gcc-linux-x64-Og/llvm-uuencode-gcc-linux-x64-Og,1,133568,0.500266,81214.356013,0.110116,3.869159,0.457459
./bin/llvm-uuencode-gcc-linux-x64-Os/llvm-uuencode-gcc-linux-x64-Os,1,133696,0.466058,85961.417066,0.099076,3.908079,0.453646
./bin/llvm-uuencode-gcc-linux-x64-static/llvm-uuencode-gcc-linux-x64-static,1,7137472,0.939447,590723.278877,0.356157,3.323107,0.307119
./bin/llvm-viterbi-clang-linux-x64-debug/llvm-viterbi-clang-linux-x64-debug,1,260736,0.789683,72247.647045,0.236803,3.701767,0.325858
./bin/llvm-viterbi-clang-linux-x64-O0/llvm-viterbi-clang-linux-x64-O0,1,169472,0.715564,62301.645794,0.196841,3.555807,0.451677
./bin/llvm-viterbi-clang-linux-x64-O1/llvm-viterbi-clang-linux-x64-O1,1,134272,0.602697,66863.839847,0.147164,3.834108,0.416510
./bin/llvm-viterbi-clang-linux-x64-O2/llvm-viterbi-clang-linux-x64-O2,1,134720,0.632046,62640.992399,0.159056,3.820385,0.410480
./bin/llvm-viterbi-clang-linux-x64-O3/llvm-viterbi-clang-linux-x64-O3,1,134720,0.636185,62007.084353,0.160785,3.820385,0.408468
./bin/llvm-viterbi-clang-linux-x64-Of/llvm-viterbi-clang-linux-x64-Of,1,135296,0.640876,61548.697049,0.162762,3.815472,0.407544
./bin/llvm-viterbi-clang-linux-x64-Og/llvm-viterbi-clang-linux-x64-Og,1,134272,0.611166,65594.071020,0.150530,3.844119,0.406330
./bin/llvm-viterbi-clang-linux-x64-Os/llvm-viterbi-clang-linux-x64-Os,1,134720,0.595789,68120.967963,0.144455,3.838917,0.408280
./bin/llvm-viterbi-clang-linux-x64-static/llvm-viterbi-clang-linux-x64-static,1,7963392,0.949225,553927.581863,0.368130,3.236185,0.307989
./bin/llvm-viterbi-gcc-linux-x64-debug/llvm-viterbi-gcc-linux-x64-debug,1,257600,0.769096,77954.803043,0.224946,3.695863,0.344886
./bin/llvm-viterbi-gcc-linux-x64-O0/llvm-viterbi-gcc-linux-x64-O0,1,169792,0.718506,61821.653058,0.198296,3.549901,0.438513
./bin/llvm-viterbi-gcc-linux-x64-O1/llvm-viterbi-gcc-linux-x64-O1,1,134144,0.617683,64550.385526,0.153156,3.823908,0.407704
./bin/llvm-viterbi-gcc-linux-x64-O2/llvm-viterbi-gcc-linux-x64-O2,1,134592,0.637911,61683.647290,0.161510,3.820257,0.409780
./bin/llvm-viterbi-gcc-linux-x64-O3/llvm-viterbi-gcc-linux-x64-O3,1,167360,0.760743,52365.890631,0.220315,3.783133,0.405013
./bin/llvm-viterbi-gcc-linux-x64-Of/llvm-viterbi-gcc-linux-x64-Of,1,167936,0.763902,51894.586724,0.222055,3.777015,0.404592
./bin/llvm-viterbi-gcc-linux-x64-Og/llvm-viterbi-gcc-linux-x64-Og,1,136000,0.647855,60782.694118,0.165735,3.778327,0.398489
./bin/llvm-viterbi-gcc-linux-x64-Os/llvm-viterbi-gcc-linux-x64-Os,1,133376,0.565264,71907.064419,0.132872,3.873290,0.410759
./bin/llvm-viterbi-gcc-linux-x64-static/llvm-viterbi-gcc-linux-x64-static,1,7897728,0.948566,556407.652680,0.367286,3.250814,0.305850
./bin/llvm-voronoi-clang-linux-x64-debug/llvm-voronoi-clang-linux-x64-debug,1,389056,0.829320,88363.503958,0.261713,3.674769,0.268382
./bin/llvm-voronoi-clang-linux-x64-O0/llvm-voronoi-clang-linux-x64-O0,1,249664,0.798998,66271.776868,0.242394,3.505480,0.354280
./bin/llvm-voronoi-clang-linux-x64-O1/llvm-voronoi-clang-linux-x64-O1,1,217344,0.793917,59075.057715,0.239326,3.704064,0.328333
./bin/llvm-voronoi-clang-linux-x64-O2/llvm-voronoi-clang-linux-x64-O2,1,216960,0.790610,59866.818879,0.237353,3.707965,0.326896
./bin/llvm-voronoi-clang-linux-x64-O3/llvm-voronoi-clang-linux-x64-O3,1,249728,0.758334,78876.061571,0.218998,3.740869,0.329923
./bin/llvm-voronoi-clang-linux-x64-Of/llvm-voronoi-clang-linux-x64-Of,1,217536,0.794155,59062.511492,0.239468,3.728155,0.304817
./bin/llvm-voronoi-clang-linux-x64-Og/llvm-voronoi-clang-linux-x64-Og,1,217344,0.814001,53588.588063,0.251725,3.696996,0.310313
./bin/llvm-voronoi-clang-linux-x64-Os/llvm-voronoi-clang-linux-x64-Os,1,216896,0.738758,73680.496902,0.208579,3.737937,0.347836
./bin/llvm-voronoi-clang-linux-x64-static/llvm-voronoi-clang-linux-x64-static,1,7081472,0.938462,595480.526932,0.355009,3.318756,0.305761
./bin/llvm-voronoi-gcc-linux-x64-debug/llvm-voronoi-gcc-linux-x64-debug,1,376384,0.814738,92451.250850,0.252195,3.691876,0.289451
./bin/llvm-voronoi-gcc-linux-x64-O0/llvm-voronoi-gcc-linux-x64-O0,1,250112,0.795294,67551.018440,0.240152,3.547025,0.342883
./bin/llvm-voronoi-gcc-linux-x64-O1/llvm-voronoi-gcc-linux-x64-O1,1,184256,0.770019,55549.718327,0.225463,3.721730,0.358415
./bin/llvm-voronoi-gcc-linux-x64-O2/llvm-voronoi-gcc-linux-x64-O2,1,217344,0.775847,63960.142521,0.228762,3.704947,0.341391
./bin/llvm-voronoi-gcc-linux-x64-O3/llvm-voronoi-gcc-linux-x64-O3,1,217344,0.808002,55233.677286,0.247943,3.696113,0.329642
./bin/llvm-voronoi-gcc-linux-x64-Of/llvm-voronoi-gcc-linux-x64-Of,1,217920,0.802045,57012.772100,0.244255,3.739207,0.327538
./bin/llvm-voronoi-gcc-linux-x64-Og/llvm-voronoi-gcc-linux-x64-Og,1,184640,0.779357,53533.017764,0.230773,3.708788,0.348746
./bin/llvm-voronoi-gcc-linux-x64-Os/llvm-voronoi-gcc-linux-x64-Os,1,184960,0.737948,63013.244831,0.208159,3.710356,0.369036
./bin/llvm-voronoi-gcc-linux-x64-static/llvm-voronoi-gcc-linux-x64-static,1,7016128,0.937360,600388.594307,0.353736,3.337151,0.303607
./bin/llvm-yacr2-clang-linux-x64-debug/llvm-yacr2-clang-linux-x64-debug,1,619072,0.875437,103787.783004,0.295274,3.772970,0.161022
./bin/llvm-yacr2-clang-linux-x64-O0/llvm-yacr2-clang-linux-x64-O0,1,358272,0.861691,66469.177396,0.284636,3.618971,0.227519
./bin/llvm-yacr2-clang-linux-x64-O1/llvm-yacr2-clang-linux-x64-O1,1,358720,0.836902,78001.201706,0.266846,3.644052,0.317253
./bin/llvm-yacr2-clang-linux-x64-O2/llvm-yacr2-clang-linux-x64-O2,1,391104,0.853783,76559.793814,0.278780,3.623957,0.299176
./bin/llvm-yacr2-clang-linux-x64-O3/llvm-yacr2-clang-linux-x64-O3,1,423872,0.852099,83895.392420,0.277555,3.622197,0.304211
./bin/llvm-yacr2-clang-linux-x64-Of/llvm-yacr2-clang-linux-x64-Of,1,424512,0.852931,83566.469509,0.278159,3.617820,0.304651
./bin/llvm-yacr2-clang-linux-x64-Og/llvm-yacr2-clang-linux-x64-Og,1,358720,0.852968,70597.967897,0.278186,3.644052,0.300060
./bin/llvm-yacr2-clang-linux-x64-Os/llvm-yacr2-clang-linux-x64-Os,1,325568,0.797933,86854.706126,0.241747,3.710410,0.317927
./bin/llvm-yacr2-clang-linux-x64-static/llvm-yacr2-clang-linux-x64-static,1,8185792,0.948285,579809.760874,0.366929,3.251893,0.303034
./bin/llvm-yacr2-gcc-linux-x64-debug/llvm-yacr2-gcc-linux-x64-debug,1,595904,0.851251,118596.231883,0.276942,3.756082,0.193041
./bin/llvm-yacr2-gcc-linux-x64-O0/llvm-yacr2-gcc-linux-x64-O0,1,359104,0.858112,68287.479995,0.281963,3.606470,0.224446
./bin/llvm-yacr2-gcc-linux-x64-O1/llvm-yacr2-gcc-linux-x64-O1,1,358464,0.794096,97352.115872,0.239433,3.673808,0.330953
./bin/llvm-yacr2-gcc-linux-x64-O2/llvm-yacr2-gcc-linux-x64-O2,1,359360,0.798079,95803.818744,0.241835,3.693828,0.330268
./bin/llvm-yacr2-gcc-linux-x64-O3/llvm-yacr2-gcc-linux-x64-O3,1,457792,0.845334,94594.876284,0.272716,3.661109,0.281999
./bin/llvm-yacr2-gcc-linux-x64-Of/llvm-yacr2-gcc-linux-x64-Of,1,458368,0.845075,94866.846691,0.272532,3.678710,0.281510
./bin/llvm-yacr2-gcc-linux-x64-Og/llvm-yacr2-gcc-linux-x64-Og,1,326336,0.805333,84028.035019,0.246283,3.656958,0.336563
./bin/llvm-yacr2-gcc-linux-x64-Os/llvm-yacr2-gcc-linux-x64-Os,1,292416,0.790871,80592.540066,0.237508,3.636244,0.331141
./bin/llvm-yacr2-gcc-linux-x64-static/llvm-yacr2-gcc-linux-x64-static,1,8120192,0.947616,582517.656191,0.366081,3.265283,0.300298
./bin/micronaut-hello-graalvm-linux-x64-debug/micronaut-hello-graalvm-linux-x64-debug,1,527889280,0.920848,56857040.652467,0.335907,3.902068,0.152537
./bin/micronaut-hello-graalvm-linux-x64-O0/micronaut-hello-graalvm-linux-x64-O0,1,422595520,0.913642,49574219.398368,0.328748,3.495699,0.256186
./bin/micronaut-hello-graalvm-linux-x64-O1/micronaut-hello-graalvm-linux-x64-O1,1,397953984,0.916500,45169571.975458,0.331548,3.473165,0.269621
./bin/micronaut-hello-graalvm-linux-x64-O2/micronaut-hello-graalvm-linux-x64-O2,1,552618944,0.930817,52147946.071820,0.346405,3.413591,0.251059
./bin/micronaut-hello-graalvm-linux-x64-O3/micronaut-hello-graalvm-linux-x64-O3,1,783305664,0.943211,60853560.101193,0.360637,3.350827,0.250024
./bin/micronaut-hello-graalvm-linux-x64-Os/micronaut-hello-graalvm-linux-x64-Os,1,348146624,0.913935,40704888.918389,0.329033,3.530518,0.282005
./bin/micronaut-hello-graalvm-linux-x64-prof/micronaut-hello-graalvm-linux-x64-prof,1,811671552,0.886474,124353368.832117,0.304292,3.899771,0.185094
./bin/parallel-numerics-dotnet-linux-x64-debug/parallel-numerics.dbg,1,49532288,0.945003,3728233.450281,0.362824,3.677646,0.190751
./bin/parallel-numerics-dotnet-linux-x64-release/parallel-numerics,1,12061824,0.966658,553207.783527,0.392920,3.354207,0.202233
./bin/parallel-numerics-dotnet-linux-x64-static/parallel-numerics,1,588997360,0.943969,45155547.113508,0.361558,3.561382,0.166799
./bin/quarkus-hello-graalvm-linux-x64-debug/quarkus-hello-graalvm-linux-x64-debug,1,408482112,0.917313,45922111.252890,0.332354,3.899914,0.156537
./bin/quarkus-hello-graalvm-linux-x64-O0/quarkus-hello-graalvm-linux-x64-O0,1,302009280,0.931556,28199679.107793,0.347215,3.459797,0.237247
./bin/quarkus-hello-graalvm-linux-x64-O1/quarkus-hello-graalvm-linux-x64-O1,1,284183488,0.934195,25527849.250728,0.350143,3.431723,0.259237
./bin/quarkus-hello-graalvm-linux-x64-O2/quarkus-hello-graalvm-linux-x64-O2,1,402148288,0.946520,29444694.279660,0.364705,3.362086,0.243170
./bin/quarkus-hello-graalvm-linux-x64-O3/quarkus-hello-graalvm-linux-x64-O3,1,576736192,0.953658,36653179.508335,0.373952,3.320749,0.239357
./bin/quarkus-hello-graalvm-linux-x64-Os/quarkus-hello-graalvm-linux-x64-Os,1,244337600,0.933873,22054365.270979,0.349782,3.480281,0.261687
./bin/quarkus-hello-graalvm-linux-x64-prof/quarkus-hello-graalvm-linux-x64-prof,1,637676032,0.881920,101503164.789038,0.300515,3.903844,0.188407
./bin/reflection-metadata-dotnet-linux-x64-debug/reflection-metadata.dbg,1,53900160,0.943867,4139659.488031,0.361434,3.691209,0.190212
./bin/reflection-metadata-dotnet-linux-x64-release/reflection-metadata,1,15818368,0.970006,653167.629082,0.398398,3.332834,0.197308
./bin/reflection-metadata-dotnet-linux-x64-static/reflection-metadata,1,589005648,0.943968,45156926.328858,0.361557,3.560169,0.166800
./bin/regex-globalization-dotnet-linux-x64-debug/regex-globalization.dbg,1,44904128,0.945727,3335947.661936,0.363719,3.654384,0.190588
./bin/regex-globalization-dotnet-linux-x64-release/regex-globalization,1,11293056,0.966417,521671.964935,0.392536,3.354602,0.200905
./bin/regex-globalization-dotnet-linux-x64-static/regex-globalization,1,589022032,0.943968,45158222.016975,0.361556,3.561400,0.166797
./bin/renaissance-native-image:akka-uct-graalvm-linux-x64-debug/renaissance-native-image:akka-uct-graalvm-linux-x64-debug,1,251163584,0.907834,31401384.642327,0.323207,3.903657,0.162577
./bin/renaissance-native-image:akka-uct-graalvm-linux-x64-O0/renaissance-native-image:akka-uct-graalvm-linux-x64-O0,1,251163264,0.907763,31425119.465016,0.323140,3.905309,0.162117
./bin/renaissance-native-image:akka-uct-graalvm-linux-x64-O1/renaissance-native-image:akka-uct-graalvm-linux-x64-O1,1,175732608,0.921754,18714943.939931,0.336831,3.904422,0.152107
./bin/renaissance-native-image:akka-uct-graalvm-linux-x64-O2/renaissance-native-image:akka-uct-graalvm-linux-x64-O2,1,226971648,0.899909,30758128.535921,0.315938,3.902070,0.179141
./bin/renaissance-native-image:akka-uct-graalvm-linux-x64-O3/renaissance-native-image:akka-uct-graalvm-linux-x64-O3,1,291142336,0.884102,45510690.645626,0.302315,3.900232,0.195374
./bin/renaissance-native-image:akka-uct-graalvm-linux-x64-Os/renaissance-native-image:akka-uct-graalvm-linux-x64-Os,1,167433664,0.927626,16516151.464077,0.342963,3.904979,0.147927
./bin/renaissance-native-image:akka-uct-graalvm-linux-x64-prof/renaissance-native-image:akka-uct-graalvm-linux-x64-prof,1,386331520,0.871876,66562501.377116,0.292459,3.909053,0.194521
./bin/renaissance-native-image:finagle-http-graalvm-linux-x64-debug/renaissance-native-image:finagle-http-graalvm-linux-x64-debug,1,567562048,0.916432,64472102.310795,0.331481,3.903507,0.154631
./bin/renaissance-native-image:finagle-http-graalvm-linux-x64-O0/renaissance-native-image:finagle-http-graalvm-linux-x64-O0,1,567558400,0.916993,64047384.073596,0.332036,3.902227,0.155471
./bin/renaissance-native-image:finagle-http-graalvm-linux-x64-O1/renaissance-native-image:finagle-http-graalvm-linux-x64-O1,1,407084480,0.929675,39037725.161896,0.345165,3.901651,0.146603
./bin/renaissance-native-image:finagle-http-graalvm-linux-x64-O2/renaissance-native-image:finagle-http-graalvm-linux-x64-O2,1,530333312,0.905654,67837509.444233,0.321174,3.899689,0.173898
./bin/renaissance-native-image:finagle-http-graalvm-linux-x64-O3/renaissance-native-image:finagle-http-graalvm-linux-x64-O3,1,701851008,0.890957,103394820.303014,0.308090,3.898056,0.189286
./bin/renaissance-native-image:finagle-http-graalvm-linux-x64-Os/renaissance-native-image:finagle-http-graalvm-linux-x64-Os,1,390137408,0.935611,34303434.458255,0.351738,3.904246,0.144181
./bin/renaissance-native-image:finagle-http-graalvm-linux-x64-prof/renaissance-native-image:finagle-http-graalvm-linux-x64-prof,1,887181056,0.881711,141461330.557900,0.300344,3.907653,0.188265
./bin/renaissance-native-image:fj-kmeans-graalvm-linux-x64-debug/renaissance-native-image:fj-kmeans-graalvm-linux-x64-debug,1,195475648,0.908301,24318111.618444,0.323645,3.903549,0.163516
./bin/renaissance-native-image:fj-kmeans-graalvm-linux-x64-O0/renaissance-native-image:fj-kmeans-graalvm-linux-x64-O0,1,195478464,0.907908,24420470.165647,0.323275,3.900706,0.164041
./bin/renaissance-native-image:fj-kmeans-graalvm-linux-x64-O1/renaissance-native-image:fj-kmeans-graalvm-linux-x64-O1,1,135219392,0.919609,14787461.842690,0.334653,3.908584,0.152259
./bin/renaissance-native-image:fj-kmeans-graalvm-linux-x64-O2/renaissance-native-image:fj-kmeans-graalvm-linux-x64-O2,1,170435520,0.899584,23169787.807753,0.315647,3.899913,0.177140
./bin/renaissance-native-image:fj-kmeans-graalvm-linux-x64-O3/renaissance-native-image:fj-kmeans-graalvm-linux-x64-O3,1,212800512,0.886882,32488464.906984,0.304634,3.903456,0.194789
./bin/renaissance-native-image:fj-kmeans-graalvm-linux-x64-Os/renaissance-native-image:fj-kmeans-graalvm-linux-x64-Os,1,128492928,0.925597,13023817.086418,0.340816,3.907176,0.146749
./bin/renaissance-native-image:fj-kmeans-graalvm-linux-x64-prof/renaissance-native-image:fj-kmeans-graalvm-linux-x64-prof,1,294249920,0.873185,50195426.686852,0.293489,3.904743,0.194505
./bin/renaissance-native-image:future-genetic-graalvm-linux-x64-debug/renaissance-native-image:future-genetic-graalvm-linux-x64-debug,1,200081600,0.907769,25032248.150619,0.323145,3.904723,0.163768
./bin/renaissance-native-image:future-genetic-graalvm-linux-x64-O0/renaissance-native-image:future-genetic-graalvm-linux-x64-O0,1,200081280,0.908196,24918826.694119,0.323546,3.902792,0.163865
./bin/renaissance-native-image:future-genetic-graalvm-linux-x64-O1/renaissance-native-image:future-genetic-graalvm-linux-x64-O1,1,138440896,0.920668,14944214.903545,0.335724,3.905884,0.152695
./bin/renaissance-native-image:future-genetic-graalvm-linux-x64-O2/renaissance-native-image:future-genetic-graalvm-linux-x64-O2,1,174373440,0.898516,23951065.360592,0.314693,3.903052,0.176187
./bin/renaissance-native-image:future-genetic-graalvm-linux-x64-O3/renaissance-native-image:future-genetic-graalvm-linux-x64-O3,1,217864256,0.887676,33034491.499678,0.305302,3.899096,0.197843
./bin/renaissance-native-image:future-genetic-graalvm-linux-x64-Os/renaissance-native-image:future-genetic-graalvm-linux-x64-Os,1,131640256,0.926570,13171402.283517,0.341842,3.906179,0.150304
./bin/renaissance-native-image:future-genetic-graalvm-linux-x64-prof/renaissance-native-image:future-genetic-graalvm-linux-x64-prof,1,300762624,0.872375,51624050.727445,0.292850,3.906414,0.193238
./bin/renaissance-native-image:mnemonics-graalvm-linux-x64-debug/renaissance-native-image:mnemonics-graalvm-linux-x64-debug,1,195345792,0.908009,24377629.551471,0.323370,3.900883,0.163192
./bin/renaissance-native-image:mnemonics-graalvm-linux-x64-O0/renaissance-native-image:mnemonics-graalvm-linux-x64-O0,1,195345536,0.907923,24399745.237855,0.323290,3.901377,0.163194
./bin/renaissance-native-image:mnemonics-graalvm-linux-x64-O1/renaissance-native-image:mnemonics-graalvm-linux-x64-O1,1,135493888,0.920231,14705130.767797,0.335281,3.906192,0.151142
./bin/renaissance-native-image:mnemonics-graalvm-linux-x64-O2/renaissance-native-image:mnemonics-graalvm-linux-x64-O2,1,170876800,0.899221,23311790.421983,0.315322,3.900357,0.178815
./bin/renaissance-native-image:mnemonics-graalvm-linux-x64-O3/renaissance-native-image:mnemonics-graalvm-linux-x64-O3,1,213069568,0.886499,32636869.983404,0.304312,3.900430,0.196179
./bin/renaissance-native-image:mnemonics-graalvm-linux-x64-Os/renaissance-native-image:mnemonics-graalvm-linux-x64-Os,1,128777152,0.925098,13138722.700288,0.340292,3.906212,0.146970
./bin/renaissance-native-image:mnemonics-graalvm-linux-x64-prof/renaissance-native-image:mnemonics-graalvm-linux-x64-prof,1,295219200,0.870884,51245918.601522,0.291682,3.904647,0.195472
./bin/renaissance-native-image:par-mnemonics-graalvm-linux-x64-debug/renaissance-native-image:par-mnemonics-graalvm-linux-x64-debug,1,195718528,0.908298,24349221.283528,0.323641,3.901616,0.163856
./bin/renaissance-native-image:par-mnemonics-graalvm-linux-x64-O0/renaissance-native-image:par-mnemonics-graalvm-linux-x64-O0,1,195723264,0.907790,24481564.092836,0.323165,3.899748,0.163969
./bin/renaissance-native-image:par-mnemonics-graalvm-linux-x64-O1/renaissance-native-image:par-mnemonics-graalvm-linux-x64-O1,1,135728192,0.919991,14774082.494633,0.335037,3.906429,0.151864
./bin/renaissance-native-image:par-mnemonics-graalvm-linux-x64-O2/renaissance-native-image:par-mnemonics-graalvm-linux-x64-O2,1,171553408,0.899019,23449981.246824,0.315141,3.900074,0.179243
./bin/renaissance-native-image:par-mnemonics-graalvm-linux-x64-O3/renaissance-native-image:par-mnemonics-graalvm-linux-x64-O3,1,213661504,0.886790,32645836.103669,0.304557,3.902494,0.195348
./bin/renaissance-native-image:par-mnemonics-graalvm-linux-x64-Os/renaissance-native-image:par-mnemonics-graalvm-linux-x64-Os,1,129004544,0.925514,13090049.809594,0.340728,3.907065,0.148156
./bin/renaissance-native-image:par-mnemonics-graalvm-linux-x64-prof/renaissance-native-image:par-mnemonics-graalvm-linux-x64-prof,1,295796608,0.872094,50879843.169631,0.292630,3.902770,0.194019
./bin/renaissance-native-image:philosophers-graalvm-linux-x64-debug/renaissance-native-image:philosophers-graalvm-linux-x64-debug,1,199983808,0.907333,25135636.895160,0.322737,3.902896,0.163995
./bin/renaissance-native-image:philosophers-graalvm-linux-x64-O0/renaissance-native-image:philosophers-graalvm-linux-x64-O0,1,199983616,0.907608,25062657.672114,0.322995,3.904309,0.164126
./bin/renaissance-native-image:philosophers-graalvm-linux-x64-O1/renaissance-native-image:philosophers-graalvm-linux-x64-O1,1,138036608,0.919535,15109317.436210,0.334577,3.907376,0.151879
./bin/renaissance-native-image:philosophers-graalvm-linux-x64-O2/renaissance-native-image:philosophers-graalvm-linux-x64-O2,1,173852352,0.898843,23804533.951825,0.314984,3.904558,0.177331
./bin/renaissance-native-image:philosophers-graalvm-linux-x64-O3/renaissance-native-image:philosophers-graalvm-linux-x64-O3,1,217187776,0.887323,33032489.654139,0.305005,3.901206,0.194488
./bin/renaissance-native-image:philosophers-graalvm-linux-x64-Os/renaissance-native-image:philosophers-graalvm-linux-x64-Os,1,131111552,0.925951,13227177.182315,0.341188,3.905448,0.147650
./bin/renaissance-native-image:philosophers-graalvm-linux-x64-prof/renaissance-native-image:philosophers-graalvm-linux-x64-prof,1,301825088,0.872675,51688550.486335,0.293086,3.902522,0.196488
./bin/renaissance-native-image:reactors-graalvm-linux-x64-debug/renaissance-native-image:reactors-graalvm-linux-x64-debug,1,208187072,0.908396,25873142.459063,0.323734,3.904226,0.163140
./bin/renaissance-native-image:reactors-graalvm-linux-x64-O0/renaissance-native-image:reactors-graalvm-linux-x64-O0,1,208191296,0.908570,25825717.824127,0.323898,3.903587,0.164126
./bin/renaissance-native-image:reactors-graalvm-linux-x64-O1/renaissance-native-image:reactors-graalvm-linux-x64-O1,1,148057024,0.921285,15860323.054365,0.336352,3.906681,0.153938
./bin/renaissance-native-image:reactors-graalvm-linux-x64-O2/renaissance-native-image:reactors-graalvm-linux-x64-O2,1,189839040,0.897468,26338002.092593,0.313762,3.904288,0.179990
./bin/renaissance-native-image:reactors-graalvm-linux-x64-O3/renaissance-native-image:reactors-graalvm-linux-x64-O3,1,246698688,0.883538,38745749.266875,0.301848,3.898625,0.201672
./bin/renaissance-native-image:reactors-graalvm-linux-x64-Os/renaissance-native-image:reactors-graalvm-linux-x64-Os,1,141098560,0.926414,14147215.548356,0.341677,3.909056,0.147686
./bin/renaissance-native-image:reactors-graalvm-linux-x64-prof/renaissance-native-image:reactors-graalvm-linux-x64-prof,1,327695232,0.871177,56758334.721646,0.291911,3.908501,0.195070
./bin/renaissance-native-image:rx-scrabble-graalvm-linux-x64-debug/renaissance-native-image:rx-scrabble-graalvm-linux-x64-debug,1,201518272,0.907939,25166509.774290,0.323305,3.905315,0.162739
./bin/renaissance-native-image:rx-scrabble-graalvm-linux-x64-O0/renaissance-native-image:rx-scrabble-graalvm-linux-x64-O0,1,201520512,0.907837,25194076.077359,0.323209,3.902791,0.163037
./bin/renaissance-native-image:rx-scrabble-graalvm-linux-x64-O1/renaissance-native-image:rx-scrabble-graalvm-linux-x64-O1,1,139745088,0.921054,15012954.363868,0.336117,3.906144,0.153554
./bin/renaissance-native-image:rx-scrabble-graalvm-linux-x64-O2/renaissance-native-image:rx-scrabble-graalvm-linux-x64-O2,1,175644992,0.899994,23782930.052930,0.316014,3.904863,0.178337
./bin/renaissance-native-image:rx-scrabble-graalvm-linux-x64-O3/renaissance-native-image:rx-scrabble-graalvm-linux-x64-O3,1,219034624,0.888331,33023554.227629,0.305855,3.898374,0.199002
./bin/renaissance-native-image:rx-scrabble-graalvm-linux-x64-Os/renaissance-native-image:rx-scrabble-graalvm-linux-x64-Os,1,132933696,0.927231,13183230.314315,0.342542,3.904469,0.147405
./bin/renaissance-native-image:rx-scrabble-graalvm-linux-x64-prof/renaissance-native-image:rx-scrabble-graalvm-linux-x64-prof,1,305358592,0.873223,52075296.598488,0.293519,3.904482,0.196973
./bin/renaissance-native-image:scala-doku-graalvm-linux-x64-debug/renaissance-native-image:scala-doku-graalvm-linux-x64-debug,1,197988864,0.907383,24871752.011996,0.322784,3.901858,0.165212
./bin/renaissance-native-image:scala-doku-graalvm-linux-x64-O0/renaissance-native-image:scala-doku-graalvm-linux-x64-O0,1,197990656,0.907033,24964079.034680,0.322456,3.901266,0.163534
./bin/renaissance-native-image:scala-doku-graalvm-linux-x64-O1/renaissance-native-image:scala-doku-graalvm-linux-x64-O1,1,136663296,0.919884,14895354.062827,0.334929,3.906316,0.153708
./bin/renaissance-native-image:scala-doku-graalvm-linux-x64-O2/renaissance-native-image:scala-doku-graalvm-linux-x64-O2,1,173353408,0.899406,23607252.027157,0.315487,3.900865,0.179960
./bin/renaissance-native-image:scala-doku-graalvm-linux-x64-O3/renaissance-native-image:scala-doku-graalvm-linux-x64-O3,1,217848640,0.886492,33370763.376941,0.304307,3.898992,0.198385
./bin/renaissance-native-image:scala-doku-graalvm-linux-x64-Os/renaissance-native-image:scala-doku-graalvm-linux-x64-Os,1,129869312,0.925065,13255903.844328,0.340257,3.906049,0.147845
./bin/renaissance-native-image:scala-doku-graalvm-linux-x64-prof/renaissance-native-image:scala-doku-graalvm-linux-x64-prof,1,298890944,0.871577,51613416.099887,0.292224,3.905725,0.193756
./bin/renaissance-native-image:scala-kmeans-graalvm-linux-x64-debug/renaissance-native-image:scala-kmeans-graalvm-linux-x64-debug,1,194174592,0.907546,24350767.708677,0.322936,3.902455,0.163661
./bin/renaissance-native-image:scala-kmeans-graalvm-linux-x64-O0/renaissance-native-image:scala-kmeans-graalvm-linux-x64-O0,1,194169216,0.908043,24221957.607627,0.323403,3.901131,0.163511
./bin/renaissance-native-image:scala-kmeans-graalvm-linux-x64-O1/renaissance-native-image:scala-kmeans-graalvm-linux-x64-O1,1,134304768,0.919965,14623669.761591,0.335012,3.906600,0.152191
./bin/renaissance-native-image:scala-kmeans-graalvm-linux-x64-O2/renaissance-native-image:scala-kmeans-graalvm-linux-x64-O2,1,169661824,0.899689,23041240.048631,0.315740,3.901544,0.179034
./bin/renaissance-native-image:scala-kmeans-graalvm-linux-x64-O3/renaissance-native-image:scala-kmeans-graalvm-linux-x64-O3,1,210390528,0.887441,31966155.617166,0.305104,3.902343,0.196258
./bin/renaissance-native-image:scala-kmeans-graalvm-linux-x64-Os/renaissance-native-image:scala-kmeans-graalvm-linux-x64-Os,1,127602432,0.925080,13021844.842373,0.340274,3.908617,0.147945
./bin/renaissance-native-image:scala-kmeans-graalvm-linux-x64-prof/renaissance-native-image:scala-kmeans-graalvm-linux-x64-prof,1,292679616,0.872340,50250009.985277,0.292823,3.905774,0.194072
./bin/renaissance-native-image:scala-stm-bench7-graalvm-linux-x64-debug/renaissance-native-image:scala-stm-bench7-graalvm-linux-x64-debug,1,209953152,0.908907,25950292.390314,0.324216,3.903988,0.163748
./bin/renaissance-native-image:scala-stm-bench7-graalvm-linux-x64-O0/renaissance-native-image:scala-stm-bench7-graalvm-linux-x64-O0,1,209949824,0.908231,26138145.893126,0.323579,3.904358,0.161641
./bin/renaissance-native-image:scala-stm-bench7-graalvm-linux-x64-O1/renaissance-native-image:scala-stm-bench7-graalvm-linux-x64-O1,1,147543744,0.921222,15817729.400293,0.336288,3.907627,0.154083
./bin/renaissance-native-image:scala-stm-bench7-graalvm-linux-x64-O2/renaissance-native-image:scala-stm-bench7-graalvm-linux-x64-O2,1,188255488,0.898838,25777826.842485,0.314980,3.903026,0.176828
./bin/renaissance-native-image:scala-stm-bench7-graalvm-linux-x64-O3/renaissance-native-image:scala-stm-bench7-graalvm-linux-x64-O3,1,238744704,0.885403,36912797.522680,0.303396,3.900933,0.197230
./bin/renaissance-native-image:scala-stm-bench7-graalvm-linux-x64-Os/renaissance-native-image:scala-stm-bench7-graalvm-linux-x64-Os,1,140329664,0.925766,14191970.782250,0.340993,3.906969,0.148208
./bin/renaissance-native-image:scala-stm-bench7-graalvm-linux-x64-prof/renaissance-native-image:scala-stm-bench7-graalvm-linux-x64-prof,1,320315392,0.871814,55214205.100219,0.292410,3.908428,0.193458
./bin/renaissance-native-image:scrabble-graalvm-linux-x64-debug/renaissance-native-image:scrabble-graalvm-linux-x64-debug,1,196214912,0.907938,24504433.041030,0.323304,3.902713,0.164653
./bin/renaissance-native-image:scrabble-graalvm-linux-x64-O0/renaissance-native-image:scrabble-graalvm-linux-x64-O0,1,196215232,0.908165,24445545.011760,0.323517,3.901803,0.164116
./bin/renaissance-native-image:scrabble-graalvm-linux-x64-O1/renaissance-native-image:scrabble-graalvm-linux-x64-O1,1,136092992,0.920688,14687147.022674,0.335744,3.905763,0.152183
./bin/renaissance-native-image:scrabble-graalvm-linux-x64-O2/renaissance-native-image:scrabble-graalvm-linux-x64-O2,1,171600000,0.900136,23203081.991229,0.316141,3.900063,0.180435
./bin/renaissance-native-image:scrabble-graalvm-linux-x64-O3/renaissance-native-image:scrabble-graalvm-linux-x64-O3,1,215129472,0.887262,32736780.444785,0.304954,3.902763,0.196908
./bin/renaissance-native-image:scrabble-graalvm-linux-x64-Os/renaissance-native-image:scrabble-graalvm-linux-x64-Os,1,129354176,0.925540,13121095.120537,0.340755,3.907120,0.146775
./bin/renaissance-native-image:scrabble-graalvm-linux-x64-prof/renaissance-native-image:scrabble-graalvm-linux-x64-prof,1,296215616,0.871983,50994996.002432,0.292542,3.902407,0.194513
./bin/scala-dacapo-native-image:apparat-graalvm-linux-x64-debug/scala-dacapo-native-image:apparat-graalvm-linux-x64-debug,1,249806080,0.910554,30330071.826528,0.325777,3.903677,0.160047
./bin/scala-dacapo-native-image:apparat-graalvm-linux-x64-O0/scala-dacapo-native-image:apparat-graalvm-linux-x64-O0,1,249803392,0.910830,30238125.170362,0.326040,3.904427,0.159471
./bin/scala-dacapo-native-image:apparat-graalvm-linux-x64-O1/scala-dacapo-native-image:apparat-graalvm-linux-x64-O1,1,182155456,0.920849,19619068.536066,0.335908,3.907924,0.154957
./bin/scala-dacapo-native-image:apparat-graalvm-linux-x64-O2/scala-dacapo-native-image:apparat-graalvm-linux-x64-O2,1,235906688,0.896289,33096396.880383,0.312721,3.906764,0.182438
./bin/scala-dacapo-native-image:apparat-graalvm-linux-x64-O3/scala-dacapo-native-image:apparat-graalvm-linux-x64-O3,1,334236928,0.879005,54477446.888598,0.298140,3.897109,0.203158
./bin/scala-dacapo-native-image:apparat-graalvm-linux-x64-Os/scala-dacapo-native-image:apparat-graalvm-linux-x64-Os,1,173515520,0.926595,17355467.589363,0.341868,3.909405,0.149109
./bin/scala-dacapo-native-image:apparat-graalvm-linux-x64-prof/scala-dacapo-native-image:apparat-graalvm-linux-x64-prof,1,398917184,0.872624,68341981.590877,0.293047,3.905923,0.198384
./bin/scala-dacapo-native-image:factorie-graalvm-linux-x64-debug/scala-dacapo-native-image:factorie-graalvm-linux-x64-debug,1,190919424,0.909280,23503183.341029,0.324568,3.900172,0.160926
./bin/scala-dacapo-native-image:factorie-graalvm-linux-x64-O0/scala-dacapo-native-image:factorie-graalvm-linux-x64-O0,1,190921664,0.909365,23481859.332050,0.324649,3.902299,0.160722
./bin/scala-dacapo-native-image:factorie-graalvm-linux-x64-O1/scala-dacapo-native-image:factorie-graalvm-linux-x64-O1,1,137863104,0.919534,15090372.897910,0.334577,3.906684,0.152020
./bin/scala-dacapo-native-image:factorie-graalvm-linux-x64-O2/scala-dacapo-native-image:factorie-graalvm-linux-x64-O2,1,178523136,0.897243,24821058.882982,0.313563,3.905371,0.180600
./bin/scala-dacapo-native-image:factorie-graalvm-linux-x64-O3/scala-dacapo-native-image:factorie-graalvm-linux-x64-O3,1,241581056,0.881218,38675989.666614,0.299940,3.897697,0.204331
./bin/scala-dacapo-native-image:factorie-graalvm-linux-x64-Os/scala-dacapo-native-image:factorie-graalvm-linux-x64-Os,1,131437568,0.925521,13335718.237147,0.340736,3.907443,0.147524
./bin/scala-dacapo-native-image:factorie-graalvm-linux-x64-prof/scala-dacapo-native-image:factorie-graalvm-linux-x64-prof,1,296263296,0.873254,50512232.659900,0.293543,3.903440,0.195381
./bin/scala-dacapo-native-image:kiama-graalvm-linux-x64-debug/scala-dacapo-native-image:kiama-graalvm-linux-x64-debug,1,212474240,0.912339,25293401.616065,0.327488,3.905538,0.158742
./bin/scala-dacapo-native-image:kiama-graalvm-linux-x64-O0/scala-dacapo-native-image:kiama-graalvm-linux-x64-O0,1,212475968,0.912775,25170464.838337,0.327908,3.907130,0.158170
./bin/scala-dacapo-native-image:kiama-graalvm-linux-x64-O1/scala-dacapo-native-image:kiama-graalvm-linux-x64-O1,1,154525760,0.923067,16185294.342902,0.338181,3.909005,0.149010
./bin/scala-dacapo-native-image:kiama-graalvm-linux-x64-O2/scala-dacapo-native-image:kiama-graalvm-linux-x64-O2,1,194835456,0.897721,26966267.649184,0.313986,3.907455,0.179414
./bin/scala-dacapo-native-image:kiama-graalvm-linux-x64-O3/scala-dacapo-native-image:kiama-graalvm-linux-x64-O3,1,283062272,0.880024,45759097.906039,0.298967,3.900738,0.203247
./bin/scala-dacapo-native-image:kiama-graalvm-linux-x64-Os/scala-dacapo-native-image:kiama-graalvm-linux-x64-Os,1,147753088,0.928879,14326639.728826,0.344305,3.908700,0.144682
./bin/scala-dacapo-native-image:kiama-graalvm-linux-x64-prof/scala-dacapo-native-image:kiama-graalvm-linux-x64-prof,1,331264704,0.873991,56161898.787231,0.294125,3.910055,0.192273
./bin/scala-dacapo-native-image:scalac-graalvm-linux-x64-debug/scala-dacapo-native-image:scalac-graalvm-linux-x64-debug,1,586795200,0.919513,64246760.605579,0.334555,3.900824,0.154432
./bin/scala-dacapo-native-image:scalac-graalvm-linux-x64-O0/scala-dacapo-native-image:scalac-graalvm-linux-x64-O0,1,586793920,0.918982,64662718.886258,0.334021,3.900686,0.153839
./bin/scala-dacapo-native-image:scalac-graalvm-linux-x64-O1/scala-dacapo-native-image:scalac-graalvm-linux-x64-O1,1,442732416,0.925848,44726059.863809,0.341080,3.904899,0.151245
./bin/scala-dacapo-native-image:scalac-graalvm-linux-x64-O2/scala-dacapo-native-image:scalac-graalvm-linux-x64-O2,1,570939264,0.900004,77299679.936029,0.316023,3.899039,0.178411
./bin/scala-dacapo-native-image:scalac-graalvm-linux-x64-O3/scala-dacapo-native-image:scalac-graalvm-linux-x64-O3,1,867251136,0.881062,139020511.427511,0.299812,3.901978,0.202021
./bin/scala-dacapo-native-image:scalac-graalvm-linux-x64-Os/scala-dacapo-native-image:scalac-graalvm-linux-x64-Os,1,419163648,0.932605,38548509.187905,0.348371,3.902006,0.147689
./bin/scala-dacapo-native-image:scalac-graalvm-linux-x64-prof/scala-dacapo-native-image:scalac-graalvm-linux-x64-prof,1,959694336,0.878162,157478107.811175,0.297459,3.907721,0.187940
./bin/scala-dacapo-native-image:scaladoc-graalvm-linux-x64-debug/scala-dacapo-native-image:scaladoc-graalvm-linux-x64-debug,1,534078592,0.916373,60710992.526910,0.331422,3.896925,0.156500
./bin/scala-dacapo-native-image:scaladoc-graalvm-linux-x64-O0/scala-dacapo-native-image:scaladoc-graalvm-linux-x64-O0,1,534078976,0.916404,60688794.360144,0.331453,3.897360,0.157767
./bin/scala-dacapo-native-image:scaladoc-graalvm-linux-x64-O1/scala-dacapo-native-image:scaladoc-graalvm-linux-x64-O1,1,400280320,0.924664,41071288.147062,0.339839,3.899129,0.154336
./bin/scala-dacapo-native-image:scaladoc-graalvm-linux-x64-O2/scala-dacapo-native-image:scaladoc-graalvm-linux-x64-O2,1,520787968,0.899249,71028975.553002,0.315347,3.897180,0.178048
./bin/scala-dacapo-native-image:scaladoc-graalvm-linux-x64-O3/scala-dacapo-native-image:scaladoc-graalvm-linux-x64-O3,1,773725504,0.881896,123183255.656477,0.300496,3.898966,0.201933
./bin/scala-dacapo-native-image:scaladoc-graalvm-linux-x64-Os/scala-dacapo-native-image:scaladoc-graalvm-linux-x64-Os,1,378814784,0.931288,35507162.482489,0.346921,3.905450,0.149343
./bin/scala-dacapo-native-image:scaladoc-graalvm-linux-x64-prof/scala-dacapo-native-image:scaladoc-graalvm-linux-x64-prof,1,880206016,0.876598,146233274.270572,0.296202,3.907062,0.188856
./bin/scala-dacapo-native-image:scalap-graalvm-linux-x64-debug/scala-dacapo-native-image:scalap-graalvm-linux-x64-debug,1,208638720,0.912341,24836215.302096,0.327490,3.905838,0.160628
./bin/scala-dacapo-native-image:scalap-graalvm-linux-x64-O0/scala-dacapo-native-image:scalap-graalvm-linux-x64-O0,1,208641600,0.912357,24832011.204350,0.327505,3.905591,0.161482
./bin/scala-dacapo-native-image:scalap-graalvm-linux-x64-O1/scala-dacapo-native-image:scalap-graalvm-linux-x64-O1,1,151372736,0.922227,16024911.388637,0.337316,3.906781,0.152214
./bin/scala-dacapo-native-image:scalap-graalvm-linux-x64-O2/scala-dacapo-native-image:scalap-graalvm-linux-x64-O2,1,195641856,0.897304,27185433.686436,0.313617,3.902890,0.181880
./bin/scala-dacapo-native-image:scalap-graalvm-linux-x64-O3/scala-dacapo-native-image:scalap-graalvm-linux-x64-O3,1,273428928,0.880291,44106546.995976,0.299184,3.898780,0.201761
./bin/scala-dacapo-native-image:scalap-graalvm-linux-x64-Os/scala-dacapo-native-image:scalap-graalvm-linux-x64-Os,1,144719808,0.927556,14289165.163949,0.342888,3.909498,0.146322
./bin/scala-dacapo-native-image:scalap-graalvm-linux-x64-prof/scala-dacapo-native-image:scalap-graalvm-linux-x64-prof,1,331486848,0.871352,57339337.770127,0.292048,3.910492,0.192963
./bin/scala-dacapo-native-image:scalaxb-graalvm-linux-x64-debug/scala-dacapo-native-image:scalaxb-graalvm-linux-x64-debug,1,237766592,0.913429,27959536.498618,0.328541,3.901802,0.160052
./bin/scala-dacapo-native-image:scalaxb-graalvm-linux-x64-O0/scala-dacapo-native-image:scalaxb-graalvm-linux-x64-O0,1,237765824,0.913344,27986372.619291,0.328459,3.902907,0.158229
./bin/scala-dacapo-native-image:scalaxb-graalvm-linux-x64-O1/scala-dacapo-native-image:scalaxb-graalvm-linux-x64-O1,1,174932736,0.923335,18260080.871908,0.338458,3.907195,0.153221
./bin/scala-dacapo-native-image:scalaxb-graalvm-linux-x64-O2/scala-dacapo-native-image:scalaxb-graalvm-linux-x64-O2,1,223779520,0.900648,30107159.705257,0.316602,3.905480,0.182407
./bin/scala-dacapo-native-image:scalaxb-graalvm-linux-x64-O3/scala-dacapo-native-image:scalaxb-graalvm-linux-x64-O3,1,320102144,0.882226,50824298.090361,0.300767,3.897793,0.200685
./bin/scala-dacapo-native-image:scalaxb-graalvm-linux-x64-Os/scala-dacapo-native-image:scalaxb-graalvm-linux-x64-Os,1,165863360,0.930064,15819239.402257,0.345586,3.906204,0.149169
./bin/scala-dacapo-native-image:scalaxb-graalvm-linux-x64-prof/scala-dacapo-native-image:scalaxb-graalvm-linux-x64-prof,1,369331968,0.875940,61676569.982872,0.295675,3.908763,0.193976
./bin/scala-dacapo-native-image:tmt-graalvm-linux-x64-debug/scala-dacapo-native-image:tmt-graalvm-linux-x64-debug,1,219513600,0.912178,26178435.637226,0.327332,3.903546,0.159940
./bin/scala-dacapo-native-image:tmt-graalvm-linux-x64-O0/scala-dacapo-native-image:tmt-graalvm-linux-x64-O0,1,219512192,0.912568,26064265.819409,0.327709,3.906145,0.160395
./bin/scala-dacapo-native-image:tmt-graalvm-linux-x64-O1/scala-dacapo-native-image:tmt-graalvm-linux-x64-O1,1,161032448,0.922645,16957618.022417,0.337746,3.910781,0.150953
./bin/scala-dacapo-native-image:tmt-graalvm-linux-x64-O2/scala-dacapo-native-image:tmt-graalvm-linux-x64-O2,1,213242304,0.895147,30237786.832906,0.311718,3.904969,0.181456
./bin/scala-dacapo-native-image:tmt-graalvm-linux-x64-O3/scala-dacapo-native-image:tmt-graalvm-linux-x64-O3,1,321156544,0.875097,53984731.566724,0.295003,3.904656,0.206009
./bin/scala-dacapo-native-image:tmt-graalvm-linux-x64-Os/scala-dacapo-native-image:tmt-graalvm-linux-x64-Os,1,154209600,0.927774,15181085.549040,0.343121,3.909020,0.144489
./bin/scala-dacapo-native-image:tmt-graalvm-linux-x64-prof/scala-dacapo-native-image:tmt-graalvm-linux-x64-prof,1,363370624,0.870093,63450091.742757,0.291065,3.911833,0.194525
./bin/sqlite-clang-linux-x64-debug/sqlite-clang-linux-x64-debug,1,29684544,0.937374,2539657.832561,0.353751,3.523851,0.173114
./bin/sqlite-clang-linux-x64-O0/sqlite-clang-linux-x64-O0,1,16344704,0.960752,881210.083752,0.383903,3.176010,0.228340
./bin/sqlite-clang-linux-x64-O1/sqlite-clang-linux-x64-O1,1,15368064,0.936201,1339050.675866,0.352409,3.521026,0.203884
./bin/sqlite-clang-linux-x64-O2/sqlite-clang-linux-x64-O2,1,15589184,0.937770,1325405.386075,0.354208,3.517683,0.205244
./bin/sqlite-clang-linux-x64-O3/sqlite-clang-linux-x64-O3,1,16693696,0.939756,1374671.835233,0.356519,3.508765,0.206395
./bin/sqlite-clang-linux-x64-Of/sqlite-clang-linux-x64-Of,1,16694272,0.939608,1378059.634674,0.356345,3.511048,0.206634
./bin/sqlite-clang-linux-x64-Og/sqlite-clang-linux-x64-Og,1,16146752,0.933532,1464843.519266,0.349401,3.537109,0.194382
./bin/sqlite-clang-linux-x64-Os/sqlite-clang-linux-x64-Os,1,12075968,0.932536,1111688.945232,0.348295,3.547170,0.192302
./bin/sqlite-clang-linux-x64-static/sqlite-clang-linux-x64-static,1,28316864,0.966954,1287285.528920,0.393393,3.177060,0.244770
./bin/sqlite-gcc-linux-x64-debug/sqlite-gcc-linux-x64-debug,1,27441664,0.930995,2582971.745144,0.346600,3.447424,0.198884
./bin/sqlite-gcc-linux-x64-O0/sqlite-gcc-linux-x64-O0,1,16823808,0.959620,932942.017645,0.382257,3.140829,0.220511
./bin/sqlite-gcc-linux-x64-O1/sqlite-gcc-linux-x64-O1,1,13167680,0.935602,1157941.305018,0.351728,3.457638,0.209772
./bin/sqlite-gcc-linux-x64-O2/sqlite-gcc-linux-x64-O2,1,14727104,0.938544,1236768.234471,0.355104,3.459907,0.214285
./bin/sqlite-gcc-linux-x64-O3/sqlite-gcc-linux-x64-O3,1,18892480,0.942959,1474141.606585,0.360333,3.438344,0.219436
./bin/sqlite-gcc-linux-x64-Of/sqlite-gcc-linux-x64-Of,1,19162688,0.943624,1478035.363030,0.361138,3.432306,0.219339
./bin/sqlite-gcc-linux-x64-Og/sqlite-gcc-linux-x64-Og,1,13575360,0.935405,1197395.322891,0.351505,3.460957,0.212165
./bin/sqlite-gcc-linux-x64-Os/sqlite-gcc-linux-x64-Os,1,10802688,0.935675,948911.348971,0.351811,3.502453,0.191830
./bin/sqlite-gcc-linux-x64-static/sqlite-gcc-linux-x64-static,1,28501120,0.965499,1352254.885664,0.391090,3.167695,0.239658
./bin/web-api-dotnet-linux-x64-debug/web-api.dbg,1,255462976,0.963155,12936976.174960,0.387482,3.854213,0.162606
./bin/web-api-dotnet-linux-x64-release/web-api,1,76609216,0.970751,3085235.563070,0.399660,3.373606,0.179103
./bin/web-api-dotnet-linux-x64-static/web-api,1,805782080,0.941373,64597248.779214,0.358431,3.592519,0.162269
./bin/web-blazor-dotnet-linux-x64-debug/web-blazor.dbg,1,689426560,0.967369,30951488.985467,0.394058,3.900008,0.151299
./bin/web-blazor-dotnet-linux-x64-release/web-blazor,1,190020288,0.973690,6888347.021820,0.404802,3.344801,0.174339
./bin/web-blazor-dotnet-linux-x64-static/web-blazor,1,805789392,0.941371,64599866.602990,0.358429,3.593711,0.162281
./bin/web-worker-dotnet-linux-x64-debug/web-worker.dbg,1,117254720,0.947029,8504548.937582,0.365343,3.806991,0.186990
./bin/web-worker-dotnet-linux-x64-release/web-worker,1,38638912,0.971623,1510018.193483,0.401156,3.356568,0.184225
./bin/web-worker-dotnet-linux-x64-static/web-worker,1,598979024,0.943685,46150005.166388,0.361213,3.565500,0.166415
./bin/xml-linq-dotnet-linux-x64-debug/xml-linq.dbg,1,68848192,0.936188,6000097.563311,0.352394,3.731026,0.200188
./bin/xml-linq-dotnet-linux-x64-release/xml-linq,1,23622848,0.973111,875095.351004,0.403765,3.278525,0.190479
./bin/xml-linq-dotnet-linux-x64-static/xml-linq,1,589021504,0.943964,45160740.118436,0.361553,3.561398,0.166803
